club,match_id,match_date,era,era_start,era_end,coach_real,coach_id_real,dirigio_la_era
"América","3799462","2021-07-23","Santiago Solari","2021-07-23","2022-03-02","Santiago Hernán Solari Poggio","25","1"
"América","3799390","2021-08-01","Santiago Solari","2021-07-23","2022-03-02","Santiago Hernán Solari Poggio","25","1"
"América","3799481","2021-08-08","Santiago Solari","2021-07-23","2022-03-02","Santiago Hernán Solari Poggio","25","1"
"América","3799452","2021-08-16","Santiago Solari","2021-07-23","2022-03-02","Santiago Hernán Solari Poggio","25","1"
"América","3799416","2021-08-19","Santiago Solari","2021-07-23","2022-03-02","Santiago Hernán Solari Poggio","25","1"
"América","3799417","2021-08-22","Santiago Solari","2021-07-23","2022-03-02","Santiago Hernán Solari Poggio","25","1"
"América","3799449","2021-08-29","Santiago Solari","2021-07-23","2022-03-02","Santiago Hernán Solari Poggio","25","1"
"América","3799357","2021-09-12","Santiago Solari","2021-07-23","2022-03-02","Santiago Hernán Solari Poggio","25","1"
"América","3799493","2021-09-19","Santiago Solari","2021-07-23","2022-03-02","Santiago Hernán Solari Poggio","25","1"
"América","3799455","2021-09-26","Santiago Solari","2021-07-23","2022-03-02","Santiago Hernán Solari Poggio","25","1"
"América","3799448","2021-09-29","Santiago Solari","2021-07-23","2022-03-02","Santiago Hernán Solari Poggio","25","1"
"América","3799402","2021-10-03","Santiago Solari","2021-07-23","2022-03-02","Santiago Hernán Solari Poggio","25","1"
"América","3799411","2021-10-17","Santiago Solari","2021-07-23","2022-03-02","Santiago Hernán Solari Poggio","25","1"
"América","3799444","2021-10-20","Santiago Solari","2021-07-23","2022-03-02","Santiago Hernán Solari Poggio","25","1"
"América","3799494","2021-10-24","Santiago Solari","2021-07-23","2022-03-02","Santiago Hernán Solari Poggio","25","1"
"América","3799429","2021-10-31","Santiago Solari","2021-07-23","2022-03-02","Santiago Hernán Solari Poggio","25","1"
"América","3799489","2021-11-07","Santiago Solari","2021-07-23","2022-03-02","Santiago Hernán Solari Poggio","25","1"
"América","3816758","2022-01-08","Santiago Solari","2021-07-23","2022-03-02","Santiago Hernán Solari Poggio","25","1"
"América","3816668","2022-01-23","Santiago Solari","2021-07-23","2022-03-02","Santiago Hernán Solari Poggio","25","1"
"América","3816805","2022-02-06","Santiago Solari","2021-07-23","2022-03-02","Santiago Hernán Solari Poggio","25","1"
"América","3816717","2022-02-13","Santiago Solari","2021-07-23","2022-03-02","Santiago Hernán Solari Poggio","25","1"
"América","3816664","2022-02-17","Santiago Solari","2021-07-23","2022-03-02","Santiago Hernán Solari Poggio","25","1"
"América","3816749","2022-02-20","Santiago Solari","2021-07-23","2022-03-02","Santiago Hernán Solari Poggio","25","1"
"América","3816746","2022-02-27","Santiago Solari","2021-07-23","2022-03-02","Santiago Hernán Solari Poggio","25","1"
"América","3816752","2022-03-02","Santiago Solari","2021-07-23","2022-03-02","Santiago Hernán Solari Poggio","25","1"
"América","3816798","2022-03-06","Fernando Ortiz","2022-03-06","2023-04-29","Fernando Ortiz","1001173","1"
"América","3816768","2022-03-13","Fernando Ortiz","2022-03-06","2023-04-29","Fernando Ortiz","1001173","1"
"América","3816769","2022-03-20","Fernando Ortiz","2022-03-06","2023-04-29","Fernando Ortiz","1001173","1"
"América","3816681","2022-04-03","Fernando Ortiz","2022-03-06","2023-04-29","Fernando Ortiz","1001173","1"
"América","3816737","2022-04-10","Fernando Ortiz","2022-03-06","2023-04-29","Fernando Ortiz","1001173","1"
"América","3816809","2022-04-16","Fernando Ortiz","2022-03-06","2023-04-29","Fernando Ortiz","1001173","1"
"América","3816673","2022-04-21","Fernando Ortiz","2022-03-06","2023-04-29","Fernando Ortiz","1001173","1"
"América","3816810","2022-04-24","Fernando Ortiz","2022-03-06","2023-04-29","Fernando Ortiz","1001173","1"
"América","3816730","2022-05-01","Fernando Ortiz","2022-03-06","2023-04-29","Fernando Ortiz","1001173","1"
"América","3835105","2022-07-03","Fernando Ortiz","2022-03-06","2023-04-29","Fernando Ortiz","1001173","1"
"América","3835114","2022-07-10","Fernando Ortiz","2022-03-06","2023-04-29","Fernando Ortiz","1001173","1"
"América","3835119","2022-07-14","Fernando Ortiz","2022-03-06","2023-04-29","Fernando Ortiz","1001173","1"
"América","3835133","2022-07-24","Fernando Ortiz","2022-03-06","2023-04-29","Fernando Ortiz","1001173","1"
"América","3835152","2022-08-01","Fernando Ortiz","2022-03-06","2023-04-29","Fernando Ortiz","1001173","1"
"América","3835162","2022-08-08","Fernando Ortiz","2022-03-06","2023-04-29","Fernando Ortiz","1001173","1"
"América","3835169","2022-08-14","Fernando Ortiz","2022-03-06","2023-04-29","Fernando Ortiz","1001173","1"
"América","3835177","2022-08-18","Fernando Ortiz","2022-03-06","2023-04-29","Fernando Ortiz","1001173","1"
"América","3835187","2022-08-21","Fernando Ortiz","2022-03-06","2023-04-29","Fernando Ortiz","1001173","1"
"América","3835191","2022-08-24","Fernando Ortiz","2022-03-06","2023-04-29","Fernando Ortiz","1001173","1"
"América","3835198","2022-08-27","Fernando Ortiz","2022-03-06","2023-04-29","Fernando Ortiz","1001173","1"
"América","3835213","2022-09-04","Fernando Ortiz","2022-03-06","2023-04-29","Fernando Ortiz","1001173","1"
"América","3835218","2022-09-07","Fernando Ortiz","2022-03-06","2023-04-29","Fernando Ortiz","1001173","1"
"América","3835225","2022-09-11","Fernando Ortiz","2022-03-06","2023-04-29","Fernando Ortiz","1001173","1"
"América","3835234","2022-09-15","Fernando Ortiz","2022-03-06","2023-04-29","Fernando Ortiz","1001173","1"
"América","3835237","2022-09-18","Fernando Ortiz","2022-03-06","2023-04-29","Fernando Ortiz","1001173","1"
"América","3835245","2022-10-01","Fernando Ortiz","2022-03-06","2023-04-29","Fernando Ortiz","1001173","1"
"América","3870379","2023-01-07","Fernando Ortiz","2022-03-06","2023-04-29","Fernando Ortiz","1001173","1"
"América","3870389","2023-01-15","Fernando Ortiz","2022-03-06","2023-04-29","Fernando Ortiz","1001173","1"
"América","3870395","2023-01-22","Fernando Ortiz","2022-03-06","2023-04-29","Fernando Ortiz","1001173","1"
"América","3870409","2023-01-29","Fernando Ortiz","2022-03-06","2023-04-29","Fernando Ortiz","1001173","1"
"América","3870416","2023-02-05","Fernando Ortiz","2022-03-06","2023-04-29","Fernando Ortiz","1001173","1"
"América","3870426","2023-02-11","Fernando Ortiz","2022-03-06","2023-04-29","Fernando Ortiz","1001173","1"
"América","3870431","2023-02-15","Fernando Ortiz","2022-03-06","2023-04-29","Fernando Ortiz","1001173","1"
"América","3870443","2023-02-20","Fernando Ortiz","2022-03-06","2023-04-29","Fernando Ortiz","1001173","1"
"América","3870451","2023-02-26","Fernando Ortiz","2022-03-06","2023-04-29","Fernando Ortiz","1001173","1"
"América","3870462","2023-03-05","Fernando Ortiz","2022-03-06","2023-04-29","Fernando Ortiz","1001173","1"
"América","3870470","2023-03-12","Fernando Ortiz","2022-03-06","2023-04-29","Fernando Ortiz","1001173","1"
"América","3870479","2023-03-19","Fernando Ortiz","2022-03-06","2023-04-29","Fernando Ortiz","1001173","1"
"América","3870489","2023-04-02","Fernando Ortiz","2022-03-06","2023-04-29","Fernando Ortiz","1001173","1"
"América","3870495","2023-04-09","Fernando Ortiz","2022-03-06","2023-04-29","Fernando Ortiz","1001173","1"
"América","3870504","2023-04-16","Fernando Ortiz","2022-03-06","2023-04-29","Fernando Ortiz","1001173","1"
"América","3870516","2023-04-23","Fernando Ortiz","2022-03-06","2023-04-29","Fernando Ortiz","1001173","1"
"América","3870520","2023-04-29","Fernando Ortiz","2022-03-06","2023-04-29","Fernando Ortiz","1001173","1"
"América","3889637","2023-07-01","Andre Jardine","2023-07-01","2026-04-26","André Soares Jardine","1000116","1"
"América","3889660","2023-07-16","Andre Jardine","2023-07-01","2026-04-26","André Soares Jardine","1000116","1"
"América","3889669","2023-08-21","Andre Jardine","2023-07-01","2026-04-26","André Soares Jardine","1000116","1"
"América","3889681","2023-08-24","Andre Jardine","2023-07-01","2026-04-26","André Soares Jardine","1000116","1"
"América","3889685","2023-08-27","Andre Jardine","2023-07-01","2026-04-26","André Soares Jardine","1000116","1"
"América","3889699","2023-09-03","Andre Jardine","2023-07-01","2026-04-26","André Soares Jardine","1000116","1"
"América","3889702","2023-09-17","Andre Jardine","2023-07-01","2026-04-26","André Soares Jardine","1000116","1"
"América","3889653","2023-09-21","Andre Jardine","2023-07-01","2026-04-26","André Soares Jardine","1000116","1"
"América","3889715","2023-09-24","Andre Jardine","2023-07-01","2026-04-26","André Soares Jardine","1000116","1"
"América","3889725","2023-10-01","Andre Jardine","2023-07-01","2026-04-26","André Soares Jardine","1000116","1"
"América","3889728","2023-10-04","Andre Jardine","2023-07-01","2026-04-26","André Soares Jardine","1000116","1"
"América","3889732","2023-10-07","Andre Jardine","2023-07-01","2026-04-26","André Soares Jardine","1000116","1"
"América","3889744","2023-10-22","Andre Jardine","2023-07-01","2026-04-26","André Soares Jardine","1000116","1"
"América","3889758","2023-10-29","Andre Jardine","2023-07-01","2026-04-26","André Soares Jardine","1000116","1"
"América","3889769","2023-11-02","Andre Jardine","2023-07-01","2026-04-26","André Soares Jardine","1000116","1"
"América","3889775","2023-11-05","Andre Jardine","2023-07-01","2026-04-26","André Soares Jardine","1000116","1"
"América","3889786","2023-11-12","Andre Jardine","2023-07-01","2026-04-26","André Soares Jardine","1000116","1"
"América","3918957","2024-01-14","Andre Jardine","2023-07-01","2026-04-26","André Soares Jardine","1000116","1"
"América","3919103","2024-01-21","Andre Jardine","2023-07-01","2026-04-26","André Soares Jardine","1000116","1"
"América","3918969","2024-01-25","Andre Jardine","2023-07-01","2026-04-26","André Soares Jardine","1000116","1"
"América","3918974","2024-01-28","Andre Jardine","2023-07-01","2026-04-26","André Soares Jardine","1000116","1"
"América","3918991","2024-02-04","Andre Jardine","2023-07-01","2026-04-26","André Soares Jardine","1000116","1"
"América","3919001","2024-02-11","Andre Jardine","2023-07-01","2026-04-26","André Soares Jardine","1000116","1"
"América","3919008","2024-02-18","Andre Jardine","2023-07-01","2026-04-26","André Soares Jardine","1000116","1"
"América","3919016","2024-02-22","Andre Jardine","2023-07-01","2026-04-26","André Soares Jardine","1000116","1"
"América","3919022","2024-02-25","Andre Jardine","2023-07-01","2026-04-26","André Soares Jardine","1000116","1"
"América","3919036","2024-03-03","Andre Jardine","2023-07-01","2026-04-26","André Soares Jardine","1000116","1"
"América","3919045","2024-03-10","Andre Jardine","2023-07-01","2026-04-26","André Soares Jardine","1000116","1"
"América","3919055","2024-03-17","Andre Jardine","2023-07-01","2026-04-26","André Soares Jardine","1000116","1"
"América","3919062","2024-03-30","Andre Jardine","2023-07-01","2026-04-26","André Soares Jardine","1000116","1"
"América","3919069","2024-04-07","Andre Jardine","2023-07-01","2026-04-26","André Soares Jardine","1000116","1"
"América","3919081","2024-04-14","Andre Jardine","2023-07-01","2026-04-26","André Soares Jardine","1000116","1"
"América","3919088","2024-04-21","Andre Jardine","2023-07-01","2026-04-26","André Soares Jardine","1000116","1"
"América","3919094","2024-04-27","Andre Jardine","2023-07-01","2026-04-26","André Soares Jardine","1000116","1"
"América","3939819","2024-07-06","Andre Jardine","2023-07-01","2026-04-26","André Soares Jardine","1000116","1"
"América","3939825","2024-07-13","Andre Jardine","2023-07-01","2026-04-26","André Soares Jardine","1000116","1"
"América","3939841","2024-07-18","Andre Jardine","2023-07-01","2026-04-26","André Soares Jardine","1000116","1"
"América","3939848","2024-07-21","Andre Jardine","2023-07-01","2026-04-26","André Soares Jardine","1000116","1"
"América","3939859","2024-08-25","Andre Jardine","2023-07-01","2026-04-26","André Soares Jardine","1000116","1"
"América","3939867","2024-09-01","Andre Jardine","2023-07-01","2026-04-26","André Soares Jardine","1000116","1"
"América","3939876","2024-09-15","Andre Jardine","2023-07-01","2026-04-26","André Soares Jardine","1000116","1"
"América","3939883","2024-09-18","Andre Jardine","2023-07-01","2026-04-26","André Soares Jardine","1000116","1"
"América","3939892","2024-09-22","Andre Jardine","2023-07-01","2026-04-26","André Soares Jardine","1000116","1"
"América","3939905","2024-09-30","Andre Jardine","2023-07-01","2026-04-26","André Soares Jardine","1000116","1"
"América","3939911","2024-10-06","Andre Jardine","2023-07-01","2026-04-26","André Soares Jardine","1000116","1"
"América","3939923","2024-10-20","Andre Jardine","2023-07-01","2026-04-26","André Soares Jardine","1000116","1"
"América","3939933","2024-10-24","Andre Jardine","2023-07-01","2026-04-26","André Soares Jardine","1000116","1"
"América","3939941","2024-10-28","Andre Jardine","2023-07-01","2026-04-26","André Soares Jardine","1000116","1"
"América","3939943","2024-11-02","Andre Jardine","2023-07-01","2026-04-26","André Soares Jardine","1000116","1"
"América","3939959","2024-11-07","Andre Jardine","2023-07-01","2026-04-26","André Soares Jardine","1000116","1"
"América","3939915","2024-11-10","Andre Jardine","2023-07-01","2026-04-26","André Soares Jardine","1000116","1"
"América","3972016","2025-01-11","Andre Jardine","2023-07-01","2026-04-26","Diego Alberto Cervantes Chávez","1006259","0"
"América","3972023","2025-01-17","Andre Jardine","2023-07-01","2026-04-26","Diego Alberto Cervantes Chávez","1006259","0"
"América","3972039","2025-01-26","Andre Jardine","2023-07-01","2026-04-26","André Soares Jardine","1000116","1"
"América","3972043","2025-01-29","Andre Jardine","2023-07-01","2026-04-26","André Soares Jardine","1000116","1"
"América","3972053","2025-02-01","Andre Jardine","2023-07-01","2026-04-26","André Soares Jardine","1000116","1"
"América","3972062","2025-02-08","Andre Jardine","2023-07-01","2026-04-26","André Soares Jardine","1000116","1"
"América","3972074","2025-02-15","Andre Jardine","2023-07-01","2026-04-26","André Soares Jardine","1000116","1"
"América","3972080","2025-02-20","Andre Jardine","2023-07-01","2026-04-26","André Soares Jardine","1000116","1"
"América","3972087","2025-02-23","Andre Jardine","2023-07-01","2026-04-26","André Soares Jardine","1000116","1"
"América","3972100","2025-03-01","Andre Jardine","2023-07-01","2026-04-26","André Soares Jardine","1000116","1"
"América","3972111","2025-03-09","Andre Jardine","2023-07-01","2026-04-26","André Soares Jardine","1000116","1"
"América","3972118","2025-03-16","Andre Jardine","2023-07-01","2026-04-26","André Soares Jardine","1000116","1"
"América","3972127","2025-03-30","Andre Jardine","2023-07-01","2026-04-26","André Soares Jardine","1000116","1"
"América","3972136","2025-04-05","Andre Jardine","2023-07-01","2026-04-26","André Soares Jardine","1000116","1"
"América","3972145","2025-04-13","Andre Jardine","2023-07-01","2026-04-26","André Soares Jardine","1000116","1"
"América","3972155","2025-04-17","Andre Jardine","2023-07-01","2026-04-26","André Soares Jardine","1000116","1"
"América","3972162","2025-04-19","Andre Jardine","2023-07-01","2026-04-26","André Soares Jardine","1000116","1"
"América","4004042","2025-07-12","Andre Jardine","2023-07-01","2026-04-26","André Soares Jardine","1000116","1"
"América","4004049","2025-07-17","Andre Jardine","2023-07-01","2026-04-26","André Soares Jardine","1000116","1"
"América","4004065","2025-07-27","Andre Jardine","2023-07-01","2026-04-26","André Soares Jardine","1000116","1"
"América","4004068","2025-08-10","Andre Jardine","2023-07-01","2026-04-26","André Soares Jardine","1000116","1"
"América","4004081","2025-08-17","Andre Jardine","2023-07-01","2026-04-26","André Soares Jardine","1000116","1"
"América","4004093","2025-08-25","Andre Jardine","2023-07-01","2026-04-26","André Soares Jardine","1000116","1"
"América","4004100","2025-08-31","Andre Jardine","2023-07-01","2026-04-26","André Soares Jardine","1000116","1"
"América","4004103","2025-09-14","Andre Jardine","2023-07-01","2026-04-26","André Soares Jardine","1000116","1"
"América","4004119","2025-09-21","Andre Jardine","2023-07-01","2026-04-26","André Soares Jardine","1000116","1"
"América","4004130","2025-09-25","Andre Jardine","2023-07-01","2026-04-26","André Soares Jardine","1000116","1"
"América","4004135","2025-09-28","Andre Jardine","2023-07-01","2026-04-26","André Soares Jardine","1000116","1"
"América","4004146","2025-10-05","Andre Jardine","2023-07-01","2026-04-26","André Soares Jardine","1000116","1"
"América","4004153","2025-10-19","Andre Jardine","2023-07-01","2026-04-26","André Soares Jardine","1000116","1"
"América","4004158","2025-10-22","Andre Jardine","2023-07-01","2026-04-26","André Soares Jardine","1000116","1"
"América","4004168","2025-10-25","Andre Jardine","2023-07-01","2026-04-26","André Soares Jardine","1000116","1"
"América","4004181","2025-11-02","Andre Jardine","2023-07-01","2026-04-26","André Soares Jardine","1000116","1"
"América","4004190","2025-11-09","Andre Jardine","2023-07-01","2026-04-26","André Soares Jardine","1000116","1"
"América","4038803","2026-01-10","Andre Jardine","2023-07-01","2026-04-26","André Soares Jardine","1000116","1"
"América","4038818","2026-01-15","Andre Jardine","2023-07-01","2026-04-26","André Soares Jardine","1000116","1"
"América","4038827","2026-01-19","Andre Jardine","2023-07-01","2026-04-26","André Soares Jardine","1000116","1"
"América","4038834","2026-01-31","Andre Jardine","2023-07-01","2026-04-26","André Soares Jardine","1000116","1"
"América","4038841","2026-02-08","Andre Jardine","2023-07-01","2026-04-26","André Soares Jardine","1000116","1"
"América","4038852","2026-02-15","Andre Jardine","2023-07-01","2026-04-26","André Soares Jardine","1000116","1"
"América","4038856","2026-02-21","Andre Jardine","2023-07-01","2026-04-26","André Soares Jardine","1000116","1"
"América","4038871","2026-03-01","Andre Jardine","2023-07-01","2026-04-26","André Soares Jardine","1000116","1"
"América","4038878","2026-03-05","Andre Jardine","2023-07-01","2026-04-26","André Soares Jardine","1000116","1"
"América","4038888","2026-03-07","Andre Jardine","2023-07-01","2026-04-26","André Soares Jardine","1000116","1"
"América","4038898","2026-03-16","Andre Jardine","2023-07-01","2026-04-26","André Soares Jardine","1000116","1"
"América","4038904","2026-03-22","Andre Jardine","2023-07-01","2026-04-26","André Soares Jardine","1000116","1"
"América","4038915","2026-04-05","Andre Jardine","2023-07-01","2026-04-26","André Soares Jardine","1000116","1"
"América","4038920","2026-04-12","Andre Jardine","2023-07-01","2026-04-26","André Soares Jardine","1000116","1"
"América","4038931","2026-04-19","Andre Jardine","2023-07-01","2026-04-26","André Soares Jardine","1000116","1"
"América","4038936","2026-04-22","Andre Jardine","2023-07-01","2026-04-26","André Soares Jardine","1000116","1"
"América","4038946","2026-04-26","Andre Jardine","2023-07-01","2026-04-26","André Soares Jardine","1000116","1"
"Atlas","3799382","2021-07-25","Diego Cocca I","2021-07-25","2022-10-02","Diego Martín Cocca Pera","2819","1"
"Atlas","3799431","2021-08-01","Diego Cocca I","2021-07-25","2022-10-02","Diego Martín Cocca Pera","2819","1"
"Atlas","3799464","2021-08-10","Diego Cocca I","2021-07-25","2022-10-02","Diego Martín Cocca Pera","2819","1"
"Atlas","3799452","2021-08-16","Diego Cocca I","2021-07-25","2022-10-02","Diego Martín Cocca Pera","2819","1"
"Atlas","3799372","2021-08-19","Diego Cocca I","2021-07-25","2022-10-02","Diego Martín Cocca Pera","2819","1"
"Atlas","3799378","2021-08-21","Diego Cocca I","2021-07-25","2022-10-02","Diego Martín Cocca Pera","2819","1"
"Atlas","3799409","2021-08-29","Diego Cocca I","2021-07-25","2022-10-02","Diego Martín Cocca Pera","2819","1"
"Atlas","3799423","2021-09-11","Diego Cocca I","2021-07-25","2022-10-02","Diego Martín Cocca Pera","2819","1"
"Atlas","3799368","2021-09-18","Diego Cocca I","2021-07-25","2022-10-02","Diego Martín Cocca Pera","2819","1"
"Atlas","3799401","2021-09-25","Diego Cocca I","2021-07-25","2022-10-02","Diego Martín Cocca Pera","2819","1"
"Atlas","3799436","2021-09-29","Diego Cocca I","2021-07-25","2022-10-02","Diego Martín Cocca Pera","2819","1"
"Atlas","3799391","2021-10-03","Diego Cocca I","2021-07-25","2022-10-02","Diego Martín Cocca Pera","2819","1"
"Atlas","3799425","2021-10-16","Diego Cocca I","2021-07-25","2022-10-02","Diego Martín Cocca Pera","2819","1"
"Atlas","3799404","2021-10-20","Diego Cocca I","2021-07-25","2022-10-02","Diego Martín Cocca Pera","2819","1"
"Atlas","3799406","2021-10-25","Diego Cocca I","2021-07-25","2022-10-02","Diego Martín Cocca Pera","2819","1"
"Atlas","3799413","2021-10-29","Diego Cocca I","2021-07-25","2022-10-02","Diego Martín Cocca Pera","2819","1"
"Atlas","3799465","2021-11-05","Diego Cocca I","2021-07-25","2022-10-02","Diego Martín Cocca Pera","2819","1"
"Atlas","3816675","2022-01-15","Diego Cocca I","2021-07-25","2022-10-02","Diego Martín Cocca Pera","2819","1"
"Atlas","3816771","2022-01-20","Diego Cocca I","2021-07-25","2022-10-02","Diego Martín Cocca Pera","2819","1"
"Atlas","3816668","2022-01-23","Diego Cocca I","2021-07-25","2022-10-02","Diego Martín Cocca Pera","2819","1"
"Atlas","3816690","2022-02-07","Diego Cocca I","2021-07-25","2022-10-02","Diego Martín Cocca Pera","2819","1"
"Atlas","3816802","2022-02-12","Diego Cocca I","2021-07-25","2022-10-02","Diego Martín Cocca Pera","2819","1"
"Atlas","3816787","2022-02-21","Diego Cocca I","2021-07-25","2022-10-02","Diego Martín Cocca Pera","2819","1"
"Atlas","3816715","2022-02-26","Diego Cocca I","2021-07-25","2022-10-02","Diego Martín Cocca Pera","2819","1"
"Atlas","3816766","2022-03-03","Diego Cocca I","2021-07-25","2022-10-02","Diego Martín Cocca Pera","2819","1"
"Atlas","3816814","2022-03-05","Diego Cocca I","2021-07-25","2022-10-02","Diego Martín Cocca Pera","2819","1"
"Atlas","3816699","2022-03-12","Diego Cocca I","2021-07-25","2022-10-02","Diego Martín Cocca Pera","2819","1"
"Atlas","3816733","2022-03-21","Diego Cocca I","2021-07-25","2022-10-02","Diego Martín Cocca Pera","2819","1"
"Atlas","3816786","2022-04-02","Diego Cocca I","2021-07-25","2022-10-02","Diego Martín Cocca Pera","2819","1"
"Atlas","3816705","2022-04-08","Diego Cocca I","2021-07-25","2022-10-02","Diego Martín Cocca Pera","2819","1"
"Atlas","3816676","2022-04-15","Diego Cocca I","2021-07-25","2022-10-02","Diego Martín Cocca Pera","2819","1"
"Atlas","3816775","2022-04-21","Diego Cocca I","2021-07-25","2022-10-02","Diego Martín Cocca Pera","2819","1"
"Atlas","3816671","2022-04-24","Diego Cocca I","2021-07-25","2022-10-02","Diego Martín Cocca Pera","2819","1"
"Atlas","3816704","2022-05-01","Diego Cocca I","2021-07-25","2022-10-02","Diego Martín Cocca Pera","2819","1"
"Atlas","3835105","2022-07-03","Diego Cocca I","2021-07-25","2022-10-02","Diego Martín Cocca Pera","2819","1"
"Atlas","3835115","2022-07-10","Diego Cocca I","2021-07-25","2022-10-02","Diego Martín Cocca Pera","2819","1"
"Atlas","3835123","2022-07-16","Diego Cocca I","2021-07-25","2022-10-02","Diego Martín Cocca Pera","2819","1"
"Atlas","3835134","2022-07-24","Diego Cocca I","2021-07-25","2022-10-02","Diego Martín Cocca Pera","2819","1"
"Atlas","3835137","2022-07-27","Diego Cocca I","2021-07-25","2022-10-02","Diego Martín Cocca Pera","2819","1"
"Atlas","3835153","2022-08-01","Diego Cocca I","2021-07-25","2022-10-02","Diego Martín Cocca Pera","2819","1"
"Atlas","3835156","2022-08-05","Diego Cocca I","2021-07-25","2022-10-02","Diego Martín Cocca Pera","2819","1"
"Atlas","3835170","2022-08-14","Diego Cocca I","2021-07-25","2022-10-02","Diego Martín Cocca Pera","2819","1"
"Atlas","3835175","2022-08-17","Diego Cocca I","2021-07-25","2022-10-02","Diego Martín Cocca Pera","2819","1"
"Atlas","3835188","2022-08-21","Diego Cocca I","2021-07-25","2022-10-02","Diego Martín Cocca Pera","2819","1"
"Atlas","3835195","2022-08-26","Diego Cocca I","2021-07-25","2022-10-02","Diego Martín Cocca Pera","2819","1"
"Atlas","3835205","2022-08-29","Diego Cocca I","2021-07-25","2022-10-02","Diego Martín Cocca Pera","2819","1"
"Atlas","3835212","2022-09-04","Diego Cocca I","2021-07-25","2022-10-02","Diego Martín Cocca Pera","2819","1"
"Atlas","3835221","2022-09-08","Diego Cocca I","2021-07-25","2022-10-02","Diego Martín Cocca Pera","2819","1"
"Atlas","3835231","2022-09-11","Diego Cocca I","2021-07-25","2022-10-02","Diego Martín Cocca Pera","2819","1"
"Atlas","3835238","2022-09-18","Diego Cocca I","2021-07-25","2022-10-02","Diego Martín Cocca Pera","2819","1"
"Atlas","3835248","2022-10-02","Diego Cocca I","2021-07-25","2022-10-02","Diego Martín Cocca Pera","2819","1"
"Atlas","3870384","2023-01-13","Benjamin Mora","2023-01-13","2023-10-30","Benjamín Mora Mendívil","1002630","1"
"Atlas","3870401","2023-01-22","Benjamin Mora","2023-01-13","2023-10-30","Benjamín Mora Mendívil","1002630","1"
"Atlas","3870402","2023-01-27","Benjamin Mora","2023-01-13","2023-10-30","Benjamín Mora Mendívil","1002630","1"
"Atlas","3870377","2023-02-02","Benjamin Mora","2023-01-13","2023-10-30","Benjamín Mora Mendívil","1002630","1"
"Atlas","3870415","2023-02-05","Benjamin Mora","2023-01-13","2023-10-30","Benjamín Mora Mendívil","1002630","1"
"Atlas","3870420","2023-02-10","Benjamin Mora","2023-01-13","2023-10-30","Benjamín Mora Mendívil","1002630","1"
"Atlas","3870440","2023-02-19","Benjamin Mora","2023-01-13","2023-10-30","Benjamín Mora Mendívil","1002630","1"
"Atlas","3870445","2023-02-23","Benjamin Mora","2023-01-13","2023-10-30","Benjamín Mora Mendívil","1002630","1"
"Atlas","3870451","2023-02-26","Benjamin Mora","2023-01-13","2023-10-30","Benjamín Mora Mendívil","1002630","1"
"Atlas","3870456","2023-03-04","Benjamin Mora","2023-01-13","2023-10-30","Benjamín Mora Mendívil","1002630","1"
"Atlas","3870468","2023-03-11","Benjamin Mora","2023-01-13","2023-10-30","Benjamín Mora Mendívil","1002630","1"
"Atlas","3870475","2023-03-18","Benjamin Mora","2023-01-13","2023-10-30","Benjamín Mora Mendívil","1002630","1"
"Atlas","3870485","2023-04-02","Benjamin Mora","2023-01-13","2023-10-30","Benjamín Mora Mendívil","1002630","1"
"Atlas","3870500","2023-04-10","Benjamin Mora","2023-01-13","2023-10-30","Benjamín Mora Mendívil","1002630","1"
"Atlas","3870505","2023-04-15","Benjamin Mora","2023-01-13","2023-10-30","Benjamín Mora Mendívil","1002630","1"
"Atlas","3870512","2023-04-22","Benjamin Mora","2023-01-13","2023-10-30","Benjamín Mora Mendívil","1002630","1"
"Atlas","3870525","2023-04-30","Benjamin Mora","2023-01-13","2023-10-30","Benjamín Mora Mendívil","1002630","1"
"Atlas","3889640","2023-07-02","Benjamin Mora","2023-01-13","2023-10-30","Benjamín Mora Mendívil","1002630","1"
"Atlas","3889650","2023-07-10","Benjamin Mora","2023-01-13","2023-10-30","Benjamín Mora Mendívil","1002630","1"
"Atlas","3889655","2023-07-14","Benjamin Mora","2023-01-13","2023-10-30","Benjamín Mora Mendívil","1002630","1"
"Atlas","3889669","2023-08-21","Benjamin Mora","2023-01-13","2023-10-30","Benjamín Mora Mendívil","1002630","1"
"Atlas","3889686","2023-08-26","Benjamin Mora","2023-01-13","2023-10-30","Benjamín Mora Mendívil","1002630","1"
"Atlas","3889678","2023-08-31","Benjamin Mora","2023-01-13","2023-10-30","Benjamín Mora Mendívil","1002630","1"
"Atlas","3889692","2023-09-04","Benjamin Mora","2023-01-13","2023-10-30","Benjamín Mora Mendívil","1002630","1"
"Atlas","3889706","2023-09-18","Benjamin Mora","2023-01-13","2023-10-30","Benjamín Mora Mendívil","1002630","1"
"Atlas","3889710","2023-09-23","Benjamin Mora","2023-01-13","2023-10-30","Benjamín Mora Mendívil","1002630","1"
"Atlas","3889718","2023-09-29","Benjamin Mora","2023-01-13","2023-10-30","Benjamín Mora Mendívil","1002630","1"
"Atlas","3889734","2023-10-08","Benjamin Mora","2023-01-13","2023-10-30","Benjamín Mora Mendívil","1002630","1"
"Atlas","3889741","2023-10-21","Benjamin Mora","2023-01-13","2023-10-30","Benjamín Mora Mendívil","1002630","1"
"Atlas","3889750","2023-10-25","Benjamin Mora","2023-01-13","2023-10-30","Benjamín Mora Mendívil","1002630","1"
"Atlas","3889762","2023-10-30","Benjamin Mora","2023-01-13","2023-10-30","Benjamín Mora Mendívil","1002630","1"
"Atlas","3889767","2023-11-02","Omar Alejandro Flores Serrano","2023-11-02","2023-11-11","Omar Alejandro Flores Serrano","4290","1"
"Atlas","3889773","2023-11-05","Omar Alejandro Flores Serrano","2023-11-02","2023-11-11","Omar Alejandro Flores Serrano","4290","1"
"Atlas","3889782","2023-11-11","Omar Alejandro Flores Serrano","2023-11-02","2023-11-11","Omar Alejandro Flores Serrano","4290","1"
"Atlas","3918958","2024-01-15","Benat San Jose","2024-01-15","2024-11-10","Beñat San José Gil","2790","1"
"Atlas","3918964","2024-01-21","Benat San Jose","2024-01-15","2024-11-10","Beñat San José Gil","2790","1"
"Atlas","3918977","2024-01-29","Benat San Jose","2024-01-15","2024-11-10","Beñat San José Gil","2790","1"
"Atlas","3918984","2024-02-01","Benat San Jose","2024-01-15","2024-11-10","Beñat San José Gil","2790","1"
"Atlas","3918994","2024-02-05","Benat San Jose","2024-01-15","2024-11-10","Beñat San José Gil","2790","1"
"Atlas","3918996","2024-02-10","Benat San Jose","2024-01-15","2024-11-10","Beñat San José Gil","2790","1"
"Atlas","3919004","2024-02-15","Benat San Jose","2024-01-15","2024-11-10","Beñat San José Gil","2790","1"
"Atlas","3919011","2024-02-18","Benat San Jose","2024-01-15","2024-11-10","Beñat San José Gil","2790","1"
"Atlas","3919026","2024-02-25","Benat San Jose","2024-01-15","2024-11-10","Beñat San José Gil","2790","1"
"Atlas","3919036","2024-03-03","Benat San Jose","2024-01-15","2024-11-10","Beñat San José Gil","2790","1"
"Atlas","3919042","2024-03-09","Benat San Jose","2024-01-15","2024-11-10","Beñat San José Gil","2790","1"
"Atlas","3919057","2024-03-17","Benat San Jose","2024-01-15","2024-11-10","Beñat San José Gil","2790","1"
"Atlas","3919065","2024-03-31","Benat San Jose","2024-01-15","2024-11-10","Beñat San José Gil","2790","1"
"Atlas","3919070","2024-04-07","Benat San Jose","2024-01-15","2024-11-10","Beñat San José Gil","2790","1"
"Atlas","3919082","2024-04-15","Benat San Jose","2024-01-15","2024-11-10","Beñat San José Gil","2790","1"
"Atlas","3919092","2024-04-22","Benat San Jose","2024-01-15","2024-11-10","Beñat San José Gil","2790","1"
"Atlas","3919096","2024-04-28","Benat San Jose","2024-01-15","2024-11-10","Beñat San José Gil","2790","1"
"Atlas","3939817","2024-07-06","Benat San Jose","2024-01-15","2024-11-10","Beñat San José Gil","2790","1"
"Atlas","3939828","2024-07-13","Benat San Jose","2024-01-15","2024-11-10","Beñat San José Gil","2790","1"
"Atlas","3939835","2024-07-17","Benat San Jose","2024-01-15","2024-11-10","Beñat San José Gil","2790","1"
"Atlas","3939844","2024-07-20","Benat San Jose","2024-01-15","2024-11-10","Beñat San José Gil","2790","1"
"Atlas","3939857","2024-08-25","Benat San Jose","2024-01-15","2024-11-10","Beñat San José Gil","2790","1"
"Atlas","3939861","2024-08-31","Benat San Jose","2024-01-15","2024-11-10","Beñat San José Gil","2790","1"
"Atlas","3939871","2024-09-14","Benat San Jose","2024-01-15","2024-11-10","Beñat San José Gil","2790","1"
"Atlas","3939883","2024-09-18","Benat San Jose","2024-01-15","2024-11-10","Beñat San José Gil","2790","1"
"Atlas","3939888","2024-09-21","Benat San Jose","2024-01-15","2024-11-10","Beñat San José Gil","2790","1"
"Atlas","3939901","2024-09-28","Benat San Jose","2024-01-15","2024-11-10","Beñat San José Gil","2790","1"
"Atlas","3939910","2024-10-06","Benat San Jose","2024-01-15","2024-11-10","Beñat San José Gil","2790","1"
"Atlas","3939918","2024-10-19","Benat San Jose","2024-01-15","2024-11-10","Beñat San José Gil","2790","1"
"Atlas","3939929","2024-10-24","Benat San Jose","2024-01-15","2024-11-10","Beñat San José Gil","2790","1"
"Atlas","3939937","2024-10-27","Benat San Jose","2024-01-15","2024-11-10","Beñat San José Gil","2790","1"
"Atlas","3939948","2024-11-03","Benat San Jose","2024-01-15","2024-11-10","Beñat San José Gil","2790","1"
"Atlas","3939956","2024-11-07","Benat San Jose","2024-01-15","2024-11-10","Beñat San José Gil","2790","1"
"Atlas","3939966","2024-11-10","Benat San Jose","2024-01-15","2024-11-10","Beñat San José Gil","2790","1"
"Atlas","3972022","2025-01-12","Gonzalo Pineda Reyes","2025-01-12","2025-08-10","Gonzalo Pineda Reyes","1000299","1"
"Atlas","3972028","2025-01-19","Gonzalo Pineda Reyes","2025-01-12","2025-08-10","Gonzalo Pineda Reyes","1000299","1"
"Atlas","3972040","2025-01-26","Gonzalo Pineda Reyes","2025-01-12","2025-08-10","Gonzalo Pineda Reyes","1000299","1"
"Atlas","3972049","2025-01-30","Gonzalo Pineda Reyes","2025-01-12","2025-08-10","Gonzalo Pineda Reyes","1000299","1"
"Atlas","3972052","2025-02-02","Gonzalo Pineda Reyes","2025-01-12","2025-08-10","Gonzalo Pineda Reyes","1000299","1"
"Atlas","3972067","2025-02-09","Gonzalo Pineda Reyes","2025-01-12","2025-08-10","Gonzalo Pineda Reyes","1000299","1"
"Atlas","3972073","2025-02-15","Gonzalo Pineda Reyes","2025-01-12","2025-08-10","Gonzalo Pineda Reyes","1000299","1"
"Atlas","3972079","2025-02-19","Gonzalo Pineda Reyes","2025-01-12","2025-08-10","Gonzalo Pineda Reyes","1000299","1"
"Atlas","3972088","2025-02-23","Gonzalo Pineda Reyes","2025-01-12","2025-08-10","Gonzalo Pineda Reyes","1000299","1"
"Atlas","3972102","2025-03-03","Gonzalo Pineda Reyes","2025-01-12","2025-08-10","Gonzalo Pineda Reyes","1000299","1"
"Atlas","3972113","2025-03-10","Gonzalo Pineda Reyes","2025-01-12","2025-08-10","Gonzalo Pineda Reyes","1000299","1"
"Atlas","3972118","2025-03-16","Gonzalo Pineda Reyes","2025-01-12","2025-08-10","Gonzalo Pineda Reyes","1000299","1"
"Atlas","3972125","2025-03-29","Gonzalo Pineda Reyes","2025-01-12","2025-08-10","Gonzalo Pineda Reyes","1000299","1"
"Atlas","3972137","2025-04-05","Gonzalo Pineda Reyes","2025-01-12","2025-08-10","Gonzalo Pineda Reyes","1000299","1"
"Atlas","3972147","2025-04-13","Gonzalo Pineda Reyes","2025-01-12","2025-08-10","Gonzalo Pineda Reyes","1000299","1"
"Atlas","3972156","2025-04-17","Gonzalo Pineda Reyes","2025-01-12","2025-08-10","Gonzalo Pineda Reyes","1000299","1"
"Atlas","3972163","2025-04-20","Gonzalo Pineda Reyes","2025-01-12","2025-08-10","Gonzalo Pineda Reyes","1000299","1"
"Atlas","4004041","2025-07-12","Gonzalo Pineda Reyes","2025-01-12","2025-08-10","Gonzalo Pineda Reyes","1000299","1"
"Atlas","4004056","2025-07-20","Gonzalo Pineda Reyes","2025-01-12","2025-08-10","Gonzalo Pineda Reyes","1000299","1"
"Atlas","4004066","2025-07-27","Gonzalo Pineda Reyes","2025-01-12","2025-08-10","Gonzalo Pineda Reyes","1000299","1"
"Atlas","4004069","2025-08-10","Gonzalo Pineda Reyes","2025-01-12","2025-08-10","Gonzalo Pineda Reyes","1000299","1"
"Atlas","4004083","2025-08-17","Diego Cocca II","2025-08-17","2026-04-26","Diego Martín Cocca Pera","2819","1"
"Atlas","4004093","2025-08-25","Diego Cocca II","2025-08-17","2026-04-26","Diego Martín Cocca Pera","2819","1"
"Atlas","4004101","2025-08-31","Diego Cocca II","2025-08-17","2026-04-26","Diego Martín Cocca Pera","2819","1"
"Atlas","4004107","2025-09-14","Diego Cocca II","2025-08-17","2026-04-26","Diego Martín Cocca Pera","2819","1"
"Atlas","4004115","2025-09-20","Diego Cocca II","2025-08-17","2026-04-26","Diego Martín Cocca Pera","2819","1"
"Atlas","4004128","2025-09-25","Diego Cocca II","2025-08-17","2026-04-26","Diego Martín Cocca Pera","2819","1"
"Atlas","4004133","2025-09-27","Diego Cocca II","2025-08-17","2026-04-26","Diego Martín Cocca Pera","2819","1"
"Atlas","4004142","2025-10-04","Diego Cocca II","2025-08-17","2026-04-26","Diego Martín Cocca Pera","2819","1"
"Atlas","4004150","2025-10-18","Diego Cocca II","2025-08-17","2026-04-26","Diego Martín Cocca Pera","2819","1"
"Atlas","4004164","2025-10-23","Diego Cocca II","2025-08-17","2026-04-26","Diego Martín Cocca Pera","2819","1"
"Atlas","4004172","2025-10-26","Diego Cocca II","2025-08-17","2026-04-26","Diego Martín Cocca Pera","2819","1"
"Atlas","4004179","2025-11-01","Diego Cocca II","2025-08-17","2026-04-26","Diego Martín Cocca Pera","2819","1"
"Atlas","4004186","2025-11-08","Diego Cocca II","2025-08-17","2026-04-26","Diego Martín Cocca Pera","2819","1"
"Atlas","4038802","2026-01-10","Diego Cocca II","2025-08-17","2026-04-26","Diego Martín Cocca Pera","2819","1"
"Atlas","4038810","2026-01-14","Diego Cocca II","2025-08-17","2026-04-26","Diego Martín Cocca Pera","2819","1"
"Atlas","4038820","2026-01-17","Diego Cocca II","2025-08-17","2026-04-26","Diego Martín Cocca Pera","2819","1"
"Atlas","4038833","2026-01-31","Diego Cocca II","2025-08-17","2026-04-26","Diego Martín Cocca Pera","2819","1"
"Atlas","4038842","2026-02-08","Diego Cocca II","2025-08-17","2026-04-26","Diego Martín Cocca Pera","2819","1"
"Atlas","4038851","2026-02-14","Diego Cocca II","2025-08-17","2026-04-26","Diego Martín Cocca Pera","2819","1"
"Atlas","4038857","2026-02-21","Diego Cocca II","2025-08-17","2026-04-26","Diego Martín Cocca Pera","2819","1"
"Atlas","4038867","2026-02-28","Diego Cocca II","2025-08-17","2026-04-26","Diego Martín Cocca Pera","2819","1"
"Atlas","4038877","2026-03-05","Diego Cocca II","2025-08-17","2026-04-26","Diego Martín Cocca Pera","2819","1"
"Atlas","4038884","2026-03-08","Diego Cocca II","2025-08-17","2026-04-26","Diego Martín Cocca Pera","2819","1"
"Atlas","4038896","2026-03-15","Diego Cocca II","2025-08-17","2026-04-26","Diego Martín Cocca Pera","2819","1"
"Atlas","4038906","2026-03-21","Diego Cocca II","2025-08-17","2026-04-26","Diego Martín Cocca Pera","2819","1"
"Atlas","4038912","2026-04-05","Diego Cocca II","2025-08-17","2026-04-26","Diego Martín Cocca Pera","2819","1"
"Atlas","4038924","2026-04-12","Diego Cocca II","2025-08-17","2026-04-26","Diego Martín Cocca Pera","2819","1"
"Atlas","4038935","2026-04-19","Diego Cocca II","2025-08-17","2026-04-26","Diego Martín Cocca Pera","2819","1"
"Atlas","4038941","2026-04-23","Diego Cocca II","2025-08-17","2026-04-26","Diego Martín Cocca Pera","2819","1"
"Atlas","4038946","2026-04-26","Diego Cocca II","2025-08-17","2026-04-26","Diego Martín Cocca Pera","2819","1"
"Atlético San Luis","3799351","2021-07-25","Marcelo Fabian Mendez Russo","2021-07-25","2022-01-21","Marcelo Fabián Méndez Russo","5334","1"
"Atlético San Luis","3799433","2021-08-03","Marcelo Fabian Mendez Russo","2021-07-25","2022-01-21","Marcelo Fabián Méndez Russo","5334","1"
"Atlético San Luis","3799371","2021-08-08","Marcelo Fabian Mendez Russo","2021-07-25","2022-01-21","Marcelo Fabián Méndez Russo","5334","1"
"Atlético San Luis","3799439","2021-08-13","Marcelo Fabian Mendez Russo","2021-07-25","2022-01-21","Marcelo Fabián Méndez Russo","5334","1"
"Atlético San Luis","3799457","2021-08-22","Marcelo Fabian Mendez Russo","2021-07-25","2022-01-21","Marcelo Fabián Méndez Russo","5334","1"
"Atlético San Luis","3799480","2021-08-28","Marcelo Fabian Mendez Russo","2021-07-25","2022-01-21","Marcelo Fabián Méndez Russo","5334","1"
"Atlético San Luis","3799365","2021-09-11","Marcelo Fabian Mendez Russo","2021-07-25","2022-01-21","Marcelo Fabián Méndez Russo","5334","1"
"Atlético San Luis","3799353","2021-09-17","Marcelo Fabian Mendez Russo","2021-07-25","2022-01-21","Marcelo Fabián Méndez Russo","5334","1"
"Atlético San Luis","3799426","2021-09-22","Marcelo Fabian Mendez Russo","2021-07-25","2022-01-21","Marcelo Fabián Méndez Russo","5334","1"
"Atlético San Luis","3799381","2021-09-26","Marcelo Fabian Mendez Russo","2021-07-25","2022-01-21","Marcelo Fabián Méndez Russo","5334","1"
"Atlético San Luis","3799500","2021-09-29","Marcelo Fabian Mendez Russo","2021-07-25","2022-01-21","Marcelo Fabián Méndez Russo","5334","1"
"Atlético San Luis","3799453","2021-10-02","Marcelo Fabian Mendez Russo","2021-07-25","2022-01-21","Marcelo Fabián Méndez Russo","5334","1"
"Atlético San Luis","3799411","2021-10-17","Marcelo Fabian Mendez Russo","2021-07-25","2022-01-21","Marcelo Fabián Méndez Russo","5334","1"
"Atlético San Luis","3799406","2021-10-25","Marcelo Fabian Mendez Russo","2021-07-25","2022-01-21","Marcelo Fabián Méndez Russo","5334","1"
"Atlético San Luis","3799479","2021-11-01","Marcelo Fabian Mendez Russo","2021-07-25","2022-01-21","Marcelo Fabián Méndez Russo","5334","1"
"Atlético San Luis","3799362","2021-11-04","Marcelo Fabian Mendez Russo","2021-07-25","2022-01-21","Marcelo Fabián Méndez Russo","5334","1"
"Atlético San Luis","3799356","2021-11-08","Marcelo Fabian Mendez Russo","2021-07-25","2022-01-21","Marcelo Fabián Méndez Russo","5334","1"
"Atlético San Luis","3816669","2022-01-07","Marcelo Fabian Mendez Russo","2021-07-25","2022-01-21","Marcelo Fabián Méndez Russo","5334","1"
"Atlético San Luis","3816675","2022-01-15","Marcelo Fabian Mendez Russo","2021-07-25","2022-01-21","Marcelo Fabián Méndez Russo","5334","1"
"Atlético San Luis","3816753","2022-01-21","Marcelo Fabian Mendez Russo","2021-07-25","2022-01-21","Marcelo Fabián Méndez Russo","5334","1"
"Atlético San Luis","3816805","2022-02-06","Andre Jardine","2022-02-06","2023-04-30","André Soares Jardine","1000116","1"
"Atlético San Luis","3816759","2022-02-12","Andre Jardine","2022-02-06","2023-04-30","André Soares Jardine","1000116","1"
"Atlético San Luis","3816694","2022-02-20","Andre Jardine","2022-02-06","2023-04-30","André Soares Jardine","1000116","1"
"Atlético San Luis","3816725","2022-02-26","Andre Jardine","2022-02-06","2023-04-30","André Soares Jardine","1000116","1"
"Atlético San Luis","3816751","2022-03-03","Andre Jardine","2022-02-06","2023-04-30","André Soares Jardine","1000116","1"
"Atlético San Luis","3816729","2022-03-13","Andre Jardine","2022-02-06","2023-04-30","André Soares Jardine","1000116","1"
"Atlético San Luis","3816702","2022-03-18","Andre Jardine","2022-02-06","2023-04-30","André Soares Jardine","1000116","1"
"Atlético San Luis","3816697","2022-04-02","Andre Jardine","2022-02-06","2023-04-30","André Soares Jardine","1000116","1"
"Atlético San Luis","3816779","2022-04-07","Andre Jardine","2022-02-06","2023-04-30","André Soares Jardine","1000116","1"
"Atlético San Luis","3816755","2022-04-09","Andre Jardine","2022-02-06","2023-04-30","André Soares Jardine","1000116","1"
"Atlético San Luis","3816731","2022-04-16","Andre Jardine","2022-02-06","2023-04-30","André Soares Jardine","1000116","1"
"Atlético San Luis","3816750","2022-04-21","Andre Jardine","2022-02-06","2023-04-30","André Soares Jardine","1000116","1"
"Atlético San Luis","3816782","2022-04-24","Andre Jardine","2022-02-06","2023-04-30","André Soares Jardine","1000116","1"
"Atlético San Luis","3816812","2022-05-01","Andre Jardine","2022-02-06","2023-04-30","André Soares Jardine","1000116","1"
"Atlético San Luis","3835107","2022-07-03","Andre Jardine","2022-02-06","2023-04-30","André Soares Jardine","1000116","1"
"Atlético San Luis","3835113","2022-07-10","Andre Jardine","2022-02-06","2023-04-30","André Soares Jardine","1000116","1"
"Atlético San Luis","3835126","2022-07-17","Andre Jardine","2022-02-06","2023-04-30","André Soares Jardine","1000116","1"
"Atlético San Luis","3835130","2022-07-23","Andre Jardine","2022-02-06","2023-04-30","André Soares Jardine","1000116","1"
"Atlético San Luis","3835141","2022-07-27","Andre Jardine","2022-02-06","2023-04-30","André Soares Jardine","1000116","1"
"Atlético San Luis","3835148","2022-07-31","Andre Jardine","2022-02-06","2023-04-30","André Soares Jardine","1000116","1"
"Atlético San Luis","3835155","2022-08-04","Andre Jardine","2022-02-06","2023-04-30","André Soares Jardine","1000116","1"
"Atlético San Luis","3835163","2022-08-07","Andre Jardine","2022-02-06","2023-04-30","André Soares Jardine","1000116","1"
"Atlético San Luis","3835165","2022-08-12","Andre Jardine","2022-02-06","2023-04-30","André Soares Jardine","1000116","1"
"Atlético San Luis","3835180","2022-08-19","Andre Jardine","2022-02-06","2023-04-30","André Soares Jardine","1000116","1"
"Atlético San Luis","3835190","2022-08-21","Andre Jardine","2022-02-06","2023-04-30","André Soares Jardine","1000116","1"
"Atlético San Luis","3835204","2022-08-29","Andre Jardine","2022-02-06","2023-04-30","André Soares Jardine","1000116","1"
"Atlético San Luis","3835206","2022-09-02","Andre Jardine","2022-02-06","2023-04-30","André Soares Jardine","1000116","1"
"Atlético San Luis","3835218","2022-09-07","Andre Jardine","2022-02-06","2023-04-30","André Soares Jardine","1000116","1"
"Atlético San Luis","3835231","2022-09-11","Andre Jardine","2022-02-06","2023-04-30","André Soares Jardine","1000116","1"
"Atlético San Luis","3835239","2022-09-19","Andre Jardine","2022-02-06","2023-04-30","André Soares Jardine","1000116","1"
"Atlético San Luis","3835247","2022-10-01","Andre Jardine","2022-02-06","2023-04-30","André Soares Jardine","1000116","1"
"Atlético San Luis","3870376","2023-01-07","Andre Jardine","2022-02-06","2023-04-30","André Soares Jardine","1000116","1"
"Atlético San Luis","3870386","2023-01-14","Andre Jardine","2022-02-06","2023-04-30","André Soares Jardine","1000116","1"
"Atlético San Luis","3870396","2023-01-21","Andre Jardine","2022-02-06","2023-04-30","André Soares Jardine","1000116","1"
"Atlético San Luis","3870405","2023-01-29","Andre Jardine","2022-02-06","2023-04-30","André Soares Jardine","1000116","1"
"Atlético San Luis","3870411","2023-02-03","Andre Jardine","2022-02-06","2023-04-30","André Soares Jardine","1000116","1"
"Atlético San Luis","3870422","2023-02-11","Andre Jardine","2022-02-06","2023-04-30","André Soares Jardine","1000116","1"
"Atlético San Luis","3870431","2023-02-15","Andre Jardine","2022-02-06","2023-04-30","André Soares Jardine","1000116","1"
"Atlético San Luis","3870437","2023-02-18","Andre Jardine","2022-02-06","2023-04-30","André Soares Jardine","1000116","1"
"Atlético San Luis","3870452","2023-02-26","Andre Jardine","2022-02-06","2023-04-30","André Soares Jardine","1000116","1"
"Atlético San Luis","3870460","2023-03-04","Andre Jardine","2022-02-06","2023-04-30","André Soares Jardine","1000116","1"
"Atlético San Luis","3870465","2023-03-11","Andre Jardine","2022-02-06","2023-04-30","André Soares Jardine","1000116","1"
"Atlético San Luis","3870478","2023-03-18","Andre Jardine","2022-02-06","2023-04-30","André Soares Jardine","1000116","1"
"Atlético San Luis","3870490","2023-04-02","Andre Jardine","2022-02-06","2023-04-30","André Soares Jardine","1000116","1"
"Atlético San Luis","3870496","2023-04-09","Andre Jardine","2022-02-06","2023-04-30","André Soares Jardine","1000116","1"
"Atlético San Luis","3870501","2023-04-14","Andre Jardine","2022-02-06","2023-04-30","André Soares Jardine","1000116","1"
"Atlético San Luis","3870514","2023-04-22","Andre Jardine","2022-02-06","2023-04-30","André Soares Jardine","1000116","1"
"Atlético San Luis","3870525","2023-04-30","Andre Jardine","2022-02-06","2023-04-30","André Soares Jardine","1000116","1"
"Atlético San Luis","3889642","2023-07-01","Gustavo Leal","2023-07-01","2024-04-29","Gustavo Jose Da Silva Leal","1003340","1"
"Atlético San Luis","3889649","2023-07-09","Gustavo Leal","2023-07-01","2024-04-29","Gustavo Jose Da Silva Leal","1003340","1"
"Atlético San Luis","3889659","2023-07-15","Gustavo Leal","2023-07-01","2024-04-29","Gustavo Jose Da Silva Leal","1003340","1"
"Atlético San Luis","3889664","2023-08-19","Gustavo Leal","2023-07-01","2024-04-29","Gustavo Jose Da Silva Leal","1003340","1"
"Atlético San Luis","3889679","2023-08-24","Gustavo Leal","2023-07-01","2024-04-29","Gustavo Jose Da Silva Leal","1003340","1"
"Atlético San Luis","3889690","2023-08-29","Gustavo Leal","2023-07-01","2024-04-29","Gustavo Jose Da Silva Leal","1003340","1"
"Atlético San Luis","3889692","2023-09-04","Gustavo Leal","2023-07-01","2024-04-29","Gustavo Jose Da Silva Leal","1003340","1"
"Atlético San Luis","3889704","2023-09-17","Gustavo Leal","2023-07-01","2024-04-29","Gustavo Jose Da Silva Leal","1003340","1"
"Atlético San Luis","3889711","2023-09-23","Gustavo Leal","2023-07-01","2024-04-29","Gustavo Jose Da Silva Leal","1003340","1"
"Atlético San Luis","3889726","2023-09-30","Gustavo Leal","2023-07-01","2024-04-29","Gustavo Jose Da Silva Leal","1003340","1"
"Atlético San Luis","3889738","2023-10-09","Gustavo Leal","2023-07-01","2024-04-29","Gustavo Jose Da Silva Leal","1003340","1"
"Atlético San Luis","3889749","2023-10-23","Gustavo Leal","2023-07-01","2024-04-29","Gustavo Jose Da Silva Leal","1003340","1"
"Atlético San Luis","3889752","2023-10-26","Gustavo Leal","2023-07-01","2024-04-29","Gustavo Jose Da Silva Leal","1003340","1"
"Atlético San Luis","3889757","2023-10-29","Gustavo Leal","2023-07-01","2024-04-29","Gustavo Jose Da Silva Leal","1003340","1"
"Atlético San Luis","3889769","2023-11-02","Gustavo Leal","2023-07-01","2024-04-29","Gustavo Jose Da Silva Leal","1003340","1"
"Atlético San Luis","3889774","2023-11-04","Gustavo Leal","2023-07-01","2024-04-29","Gustavo Jose Da Silva Leal","1003340","1"
"Atlético San Luis","3889787","2023-11-11","Gustavo Leal","2023-07-01","2024-04-29","Gustavo Jose Da Silva Leal","1003340","1"
"Atlético San Luis","3918952","2024-01-13","Gustavo Leal","2023-07-01","2024-04-29","Gustavo Jose Da Silva Leal","1003340","1"
"Atlético San Luis","3918961","2024-01-20","Gustavo Leal","2023-07-01","2024-04-29","Gustavo Jose Da Silva Leal","1003340","1"
"Atlético San Luis","3918970","2024-01-25","Gustavo Leal","2023-07-01","2024-04-29","Gustavo Jose Da Silva Leal","1003340","1"
"Atlético San Luis","3918973","2024-01-28","Gustavo Leal","2023-07-01","2024-04-29","Gustavo Jose Da Silva Leal","1003340","1"
"Atlético San Luis","3918993","2024-02-05","Gustavo Leal","2023-07-01","2024-04-29","Gustavo Jose Da Silva Leal","1003340","1"
"Atlético San Luis","3918997","2024-02-11","Gustavo Leal","2023-07-01","2024-04-29","Gustavo Jose Da Silva Leal","1003340","1"
"Atlético San Luis","3919009","2024-02-17","Gustavo Leal","2023-07-01","2024-04-29","Gustavo Jose Da Silva Leal","1003340","1"
"Atlético San Luis","3919024","2024-02-24","Gustavo Leal","2023-07-01","2024-04-29","Gustavo Jose Da Silva Leal","1003340","1"
"Atlético San Luis","3919028","2024-02-28","Gustavo Leal","2023-07-01","2024-04-29","Gustavo Jose Da Silva Leal","1003340","1"
"Atlético San Luis","3919031","2024-03-02","Gustavo Leal","2023-07-01","2024-04-29","Gustavo Jose Da Silva Leal","1003340","1"
"Atlético San Luis","3919041","2024-03-09","Gustavo Leal","2023-07-01","2024-04-29","Gustavo Jose Da Silva Leal","1003340","1"
"Atlético San Luis","3919056","2024-03-18","Gustavo Leal","2023-07-01","2024-04-29","Gustavo Jose Da Silva Leal","1003340","1"
"Atlético San Luis","3919062","2024-03-30","Gustavo Leal","2023-07-01","2024-04-29","Gustavo Jose Da Silva Leal","1003340","1"
"Atlético San Luis","3919075","2024-04-08","Gustavo Leal","2023-07-01","2024-04-29","Gustavo Jose Da Silva Leal","1003340","1"
"Atlético San Luis","3919082","2024-04-15","Gustavo Leal","2023-07-01","2024-04-29","Gustavo Jose Da Silva Leal","1003340","1"
"Atlético San Luis","3919085","2024-04-20","Gustavo Leal","2023-07-01","2024-04-29","Gustavo Jose Da Silva Leal","1003340","1"
"Atlético San Luis","3919102","2024-04-29","Gustavo Leal","2023-07-01","2024-04-29","Gustavo Jose Da Silva Leal","1003340","1"
"Atlético San Luis","3939819","2024-07-06","Domenec Torrent","2024-07-06","2025-04-21","Domènec Torrent Font","161","1"
"Atlético San Luis","3939826","2024-07-13","Domenec Torrent","2024-07-06","2025-04-21","Domènec Torrent Font","161","1"
"Atlético San Luis","3939837","2024-07-17","Domenec Torrent","2024-07-06","2025-04-21","Domènec Torrent Font","161","1"
"Atlético San Luis","3939843","2024-07-20","Domenec Torrent","2024-07-06","2025-04-21","Domènec Torrent Font","161","1"
"Atlético San Luis","3939930","2024-08-19","Domenec Torrent","2024-07-06","2025-04-21","Domènec Torrent Font","161","1"
"Atlético San Luis","3939860","2024-08-25","Domenec Torrent","2024-07-06","2025-04-21","Domènec Torrent Font","161","1"
"Atlético San Luis","3939861","2024-08-31","Domenec Torrent","2024-07-06","2025-04-21","Domènec Torrent Font","161","1"
"Atlético San Luis","3939873","2024-09-14","Domenec Torrent","2024-07-06","2025-04-21","Domènec Torrent Font","161","1"
"Atlético San Luis","3939879","2024-09-18","Domenec Torrent","2024-07-06","2025-04-21","Domènec Torrent Font","161","1"
"Atlético San Luis","3939891","2024-09-21","Domenec Torrent","2024-07-06","2025-04-21","Domènec Torrent Font","161","1"
"Atlético San Luis","3939904","2024-09-29","Domenec Torrent","2024-07-06","2025-04-21","Domènec Torrent Font","161","1"
"Atlético San Luis","3939909","2024-10-05","Domenec Torrent","2024-07-06","2025-04-21","Domènec Torrent Font","161","1"
"Atlético San Luis","3939924","2024-10-20","Domenec Torrent","2024-07-06","2025-04-21","Domènec Torrent Font","161","1"
"Atlético San Luis","3939940","2024-10-28","Domenec Torrent","2024-07-06","2025-04-21","Domènec Torrent Font","161","1"
"Atlético San Luis","3939951","2024-11-02","Domenec Torrent","2024-07-06","2025-04-21","Domènec Torrent Font","161","1"
"Atlético San Luis","3939960","2024-11-07","Domenec Torrent","2024-07-06","2025-04-21","Domènec Torrent Font","161","1"
"Atlético San Luis","3939963","2024-11-09","Domenec Torrent","2024-07-06","2025-04-21","Domènec Torrent Font","161","1"
"Atlético San Luis","3972020","2025-01-11","Domenec Torrent","2024-07-06","2025-04-21","Domènec Torrent Font","161","1"
"Atlético San Luis","3972026","2025-01-18","Domenec Torrent","2024-07-06","2025-04-21","Domènec Torrent Font","161","1"
"Atlético San Luis","3972032","2025-01-25","Domenec Torrent","2024-07-06","2025-04-21","Domènec Torrent Font","161","1"
"Atlético San Luis","3972043","2025-01-29","Domenec Torrent","2024-07-06","2025-04-21","Domènec Torrent Font","161","1"
"Atlético San Luis","3972057","2025-02-03","Domenec Torrent","2024-07-06","2025-04-21","Domènec Torrent Font","161","1"
"Atlético San Luis","3972061","2025-02-08","Domenec Torrent","2024-07-06","2025-04-21","Domènec Torrent Font","161","1"
"Atlético San Luis","3972076","2025-02-17","Domenec Torrent","2024-07-06","2025-04-21","Domènec Torrent Font","161","1"
"Atlético San Luis","3972086","2025-02-23","Domenec Torrent","2024-07-06","2025-04-21","Domènec Torrent Font","161","1"
"Atlético San Luis","3972095","2025-02-27","Domenec Torrent","2024-07-06","2025-04-21","Domènec Torrent Font","161","1"
"Atlético San Luis","3972102","2025-03-03","Domenec Torrent","2024-07-06","2025-04-21","Domènec Torrent Font","161","1"
"Atlético San Luis","3972105","2025-03-08","Domenec Torrent","2024-07-06","2025-04-21","Domènec Torrent Font","161","1"
"Atlético San Luis","3972120","2025-03-16","Domenec Torrent","2024-07-06","2025-04-21","Domènec Torrent Font","161","1"
"Atlético San Luis","3972130","2025-03-30","Domenec Torrent","2024-07-06","2025-04-21","Domènec Torrent Font","161","1"
"Atlético San Luis","3972139","2025-04-06","Domenec Torrent","2024-07-06","2025-04-21","Domènec Torrent Font","161","1"
"Atlético San Luis","3972148","2025-04-11","Domenec Torrent","2024-07-06","2025-04-21","Domènec Torrent Font","161","1"
"Atlético San Luis","3972157","2025-04-17","Domenec Torrent","2024-07-06","2025-04-21","Domènec Torrent Font","161","1"
"Atlético San Luis","3972167","2025-04-21","Domenec Torrent","2024-07-06","2025-04-21","Domènec Torrent Font","161","1"
"Atlético San Luis","4004048","2025-07-14","Guillermo Abascal","2025-07-14","2026-03-22","Guillermo Abascal Perez","3788","1"
"Atlético San Luis","4004052","2025-07-19","Guillermo Abascal","2025-07-14","2026-03-22","Guillermo Abascal Perez","3788","1"
"Atlético San Luis","4004061","2025-07-26","Guillermo Abascal","2025-07-14","2026-03-22","Guillermo Abascal Perez","3788","1"
"Atlético San Luis","4004075","2025-08-12","Guillermo Abascal","2025-07-14","2026-03-22","Guillermo Abascal Perez","3788","1"
"Atlético San Luis","4004076","2025-08-16","Guillermo Abascal","2025-07-14","2026-03-22","Guillermo Abascal Perez","3788","1"
"Atlético San Luis","4004086","2025-08-23","Guillermo Abascal","2025-07-14","2026-03-22","Guillermo Abascal Perez","3788","1"
"Atlético San Luis","4004094","2025-08-30","Guillermo Abascal","2025-07-14","2026-03-22","Guillermo Abascal Perez","3788","1"
"Atlético San Luis","4004111","2025-09-15","Guillermo Abascal","2025-07-14","2026-03-22","Guillermo Abascal Perez","3788","1"
"Atlético San Luis","4004121","2025-09-21","Guillermo Abascal","2025-07-14","2026-03-22","Guillermo Abascal Perez","3788","1"
"Atlético San Luis","4004130","2025-09-25","Guillermo Abascal","2025-07-14","2026-03-22","Guillermo Abascal Perez","3788","1"
"Atlético San Luis","4004136","2025-09-27","Guillermo Abascal","2025-07-14","2026-03-22","Guillermo Abascal Perez","3788","1"
"Atlético San Luis","4004141","2025-10-04","Guillermo Abascal","2025-07-14","2026-03-22","Guillermo Abascal Perez","3788","1"
"Atlético San Luis","4004150","2025-10-18","Guillermo Abascal","2025-07-14","2026-03-22","Guillermo Abascal Perez","3788","1"
"Atlético San Luis","4004166","2025-10-23","Guillermo Abascal","2025-07-14","2026-03-22","Guillermo Abascal Perez","3788","1"
"Atlético San Luis","4004175","2025-10-27","Guillermo Abascal","2025-07-14","2026-03-22","Guillermo Abascal Perez","3788","1"
"Atlético San Luis","4004177","2025-11-01","Guillermo Abascal","2025-07-14","2026-03-22","Guillermo Abascal Perez","3788","1"
"Atlético San Luis","4004189","2025-11-08","Guillermo Abascal","2025-07-14","2026-03-22","Guillermo Abascal Perez","3788","1"
"Atlético San Luis","4038809","2026-01-12","Guillermo Abascal","2025-07-14","2026-03-22","Guillermo Abascal Perez","3788","1"
"Atlético San Luis","4038818","2026-01-15","Guillermo Abascal","2025-07-14","2026-03-22","Guillermo Abascal Perez","3788","1"
"Atlético San Luis","4038823","2026-01-18","Guillermo Abascal","2025-07-14","2026-03-22","Guillermo Abascal Perez","3788","1"
"Atlético San Luis","4038836","2026-01-31","Guillermo Abascal","2025-07-14","2026-03-22","Guillermo Abascal Perez","3788","1"
"Atlético San Luis","4038839","2026-02-07","Guillermo Abascal","2025-07-14","2026-03-22","Guillermo Abascal Perez","3788","1"
"Atlético San Luis","4038849","2026-02-14","Guillermo Abascal","2025-07-14","2026-03-22","Guillermo Abascal Perez","3788","1"
"Atlético San Luis","4038857","2026-02-21","Guillermo Abascal","2025-07-14","2026-03-22","Guillermo Abascal Perez","3788","1"
"Atlético San Luis","4038869","2026-02-28","Guillermo Abascal","2025-07-14","2026-03-22","Guillermo Abascal Perez","3788","1"
"Atlético San Luis","4038875","2026-03-04","Guillermo Abascal","2025-07-14","2026-03-22","Guillermo Abascal Perez","3788","1"
"Atlético San Luis","4038886","2026-03-07","Guillermo Abascal","2025-07-14","2026-03-22","Guillermo Abascal Perez","3788","1"
"Atlético San Luis","4038893","2026-03-14","Guillermo Abascal","2025-07-14","2026-03-22","Guillermo Abascal Perez","3788","1"
"Atlético San Luis","4038902","2026-03-22","Guillermo Abascal","2025-07-14","2026-03-22","Guillermo Abascal Perez","3788","1"
"Atlético San Luis","4038913","2026-04-04","Raul Chabrand Manrique","2026-04-04","2026-04-26","Raúl Chabrand Manrique","1001502","1"
"Atlético San Luis","4038926","2026-04-13","Raul Chabrand Manrique","2026-04-04","2026-04-26","Raúl Chabrand Manrique","1001502","1"
"Atlético San Luis","4038927","2026-04-18","Raul Chabrand Manrique","2026-04-04","2026-04-26","Raúl Chabrand Manrique","1001502","1"
"Atlético San Luis","4038944","2026-04-23","Raul Chabrand Manrique","2026-04-04","2026-04-26","Raúl Chabrand Manrique","1001502","1"
"Atlético San Luis","4038948","2026-04-26","Raul Chabrand Manrique","2026-04-04","2026-04-26","Raúl Chabrand Manrique","1001502","1"
"Cruz Azul","3799496","2021-07-27","Juan Reynoso","2021-07-27","2022-05-01","Juan Máximo Reynoso Guzmán","3294","1"
"Cruz Azul","3799451","2021-08-01","Juan Reynoso","2021-07-27","2022-05-01","Juan Máximo Reynoso Guzmán","3294","1"
"Cruz Azul","3799405","2021-08-07","Juan Reynoso","2021-07-27","2022-05-01","Juan Máximo Reynoso Guzmán","3294","1"
"Cruz Azul","3799471","2021-08-15","Juan Reynoso","2021-07-27","2022-05-01","Juan Máximo Reynoso Guzmán","3294","1"
"Cruz Azul","3799377","2021-08-19","Juan Reynoso","2021-07-27","2022-05-01","Juan Máximo Reynoso Guzmán","3294","1"
"Cruz Azul","3799457","2021-08-22","Juan Reynoso","2021-07-27","2022-05-01","Juan Máximo Reynoso Guzmán","3294","1"
"Cruz Azul","3799491","2021-08-30","Juan Reynoso","2021-07-27","2022-05-01","Juan Máximo Reynoso Guzmán","3294","1"
"Cruz Azul","3799470","2021-09-11","Juan Reynoso","2021-07-27","2022-05-01","Juan Máximo Reynoso Guzmán","3294","1"
"Cruz Azul","3799490","2021-09-20","Juan Reynoso","2021-07-27","2022-05-01","Juan Máximo Reynoso Guzmán","3294","1"
"Cruz Azul","3799443","2021-09-25","Juan Reynoso","2021-07-27","2022-05-01","Juan Máximo Reynoso Guzmán","3294","1"
"Cruz Azul","3799432","2021-10-04","Juan Reynoso","2021-07-27","2022-05-01","Juan Máximo Reynoso Guzmán","3294","1"
"Cruz Azul","3799388","2021-10-17","Juan Reynoso","2021-07-27","2022-05-01","Juan Máximo Reynoso Guzmán","3294","1"
"Cruz Azul","3799404","2021-10-20","Juan Reynoso","2021-07-27","2022-05-01","Juan Máximo Reynoso Guzmán","3294","1"
"Cruz Azul","3799380","2021-10-24","Juan Reynoso","2021-07-27","2022-05-01","Juan Máximo Reynoso Guzmán","3294","1"
"Cruz Azul","3799429","2021-10-31","Juan Reynoso","2021-07-27","2022-05-01","Juan Máximo Reynoso Guzmán","3294","1"
"Cruz Azul","3799468","2021-11-04","Juan Reynoso","2021-07-27","2022-05-01","Juan Máximo Reynoso Guzmán","3294","1"
"Cruz Azul","3799364","2021-11-07","Juan Reynoso","2021-07-27","2022-05-01","Juan Máximo Reynoso Guzmán","3294","1"
"Cruz Azul","3816796","2022-01-09","Juan Reynoso","2021-07-27","2022-05-01","Juan Máximo Reynoso Guzmán","3294","1"
"Cruz Azul","3816780","2022-01-16","Juan Reynoso","2021-07-27","2022-05-01","Juan Máximo Reynoso Guzmán","3294","1"
"Cruz Azul","3816692","2022-01-23","Juan Reynoso","2021-07-27","2022-05-01","Juan Máximo Reynoso Guzmán","3294","1"
"Cruz Azul","3816788","2022-02-08","Juan Reynoso","2021-07-27","2022-05-01","Juan Máximo Reynoso Guzmán","3294","1"
"Cruz Azul","3816807","2022-02-13","Juan Reynoso","2021-07-27","2022-05-01","Juan Máximo Reynoso Guzmán","3294","1"
"Cruz Azul","3816686","2022-02-21","Juan Reynoso","2021-07-27","2022-05-01","Juan Máximo Reynoso Guzmán","3294","1"
"Cruz Azul","3816761","2022-02-28","Juan Reynoso","2021-07-27","2022-05-01","Juan Máximo Reynoso Guzmán","3294","1"
"Cruz Azul","3816762","2022-03-03","Juan Reynoso","2021-07-27","2022-05-01","Juan Máximo Reynoso Guzmán","3294","1"
"Cruz Azul","3816743","2022-03-06","Juan Reynoso","2021-07-27","2022-05-01","Juan Máximo Reynoso Guzmán","3294","1"
"Cruz Azul","3816695","2022-03-13","Juan Reynoso","2021-07-27","2022-05-01","Juan Máximo Reynoso Guzmán","3294","1"
"Cruz Azul","3816716","2022-03-20","Juan Reynoso","2021-07-27","2022-05-01","Juan Máximo Reynoso Guzmán","3294","1"
"Cruz Azul","3816786","2022-04-02","Juan Reynoso","2021-07-27","2022-05-01","Juan Máximo Reynoso Guzmán","3294","1"
"Cruz Azul","3816719","2022-04-09","Juan Reynoso","2021-07-27","2022-05-01","Juan Máximo Reynoso Guzmán","3294","1"
"Cruz Azul","3816679","2022-04-17","Juan Reynoso","2021-07-27","2022-05-01","Juan Máximo Reynoso Guzmán","3294","1"
"Cruz Azul","3816685","2022-04-22","Juan Reynoso","2021-07-27","2022-05-01","Juan Máximo Reynoso Guzmán","3294","1"
"Cruz Azul","3816782","2022-04-24","Juan Reynoso","2021-07-27","2022-05-01","Juan Máximo Reynoso Guzmán","3294","1"
"Cruz Azul","3816730","2022-05-01","Juan Reynoso","2021-07-27","2022-05-01","Juan Máximo Reynoso Guzmán","3294","1"
"Cruz Azul","3835104","2022-07-03","Diego Vicente Aguirre Camblor","2022-07-03","2022-08-21","Diego Vicente Aguirre Camblor","6294","1"
"Cruz Azul","3835116","2022-07-10","Diego Vicente Aguirre Camblor","2022-07-03","2022-08-21","Diego Vicente Aguirre Camblor","6294","1"
"Cruz Azul","3835123","2022-07-16","Diego Vicente Aguirre Camblor","2022-07-03","2022-08-21","Diego Vicente Aguirre Camblor","6294","1"
"Cruz Azul","3835132","2022-07-24","Diego Vicente Aguirre Camblor","2022-07-03","2022-08-21","Diego Vicente Aguirre Camblor","6294","1"
"Cruz Azul","3835141","2022-07-27","Diego Vicente Aguirre Camblor","2022-07-03","2022-08-21","Diego Vicente Aguirre Camblor","6294","1"
"Cruz Azul","3835149","2022-07-30","Diego Vicente Aguirre Camblor","2022-07-03","2022-08-21","Diego Vicente Aguirre Camblor","6294","1"
"Cruz Azul","3835160","2022-08-07","Diego Vicente Aguirre Camblor","2022-07-03","2022-08-21","Diego Vicente Aguirre Camblor","6294","1"
"Cruz Azul","3835172","2022-08-14","Diego Vicente Aguirre Camblor","2022-07-03","2022-08-21","Diego Vicente Aguirre Camblor","6294","1"
"Cruz Azul","3835178","2022-08-18","Diego Vicente Aguirre Camblor","2022-07-03","2022-08-21","Diego Vicente Aguirre Camblor","6294","1"
"Cruz Azul","3835187","2022-08-21","Diego Vicente Aguirre Camblor","2022-07-03","2022-08-21","Diego Vicente Aguirre Camblor","6294","1"
"Cruz Azul","3835201","2022-08-27","Raul Erasto Gutierrez Jacobo","2022-08-27","2023-02-12","Raúl Erasto Gutiérrez Jacobo","1002038","1"
"Cruz Azul","3835209","2022-09-03","Raul Erasto Gutierrez Jacobo","2022-08-27","2023-02-12","Raúl Erasto Gutiérrez Jacobo","1002038","1"
"Cruz Azul","3835217","2022-09-07","Raul Erasto Gutierrez Jacobo","2022-08-27","2023-02-12","Raúl Erasto Gutiérrez Jacobo","1002038","1"
"Cruz Azul","3835226","2022-09-11","Raul Erasto Gutierrez Jacobo","2022-08-27","2023-02-12","Raúl Erasto Gutiérrez Jacobo","1002038","1"
"Cruz Azul","3835193","2022-09-16","Raul Erasto Gutierrez Jacobo","2022-08-27","2023-02-12","Raúl Erasto Gutiérrez Jacobo","1002038","1"
"Cruz Azul","3835241","2022-09-18","Raul Erasto Gutierrez Jacobo","2022-08-27","2023-02-12","Raúl Erasto Gutiérrez Jacobo","1002038","1"
"Cruz Azul","3835250","2022-10-02","Raul Erasto Gutierrez Jacobo","2022-08-27","2023-02-12","Raúl Erasto Gutiérrez Jacobo","1002038","1"
"Cruz Azul","3870381","2023-01-09","Raul Erasto Gutierrez Jacobo","2022-08-27","2023-02-12","Raúl Erasto Gutiérrez Jacobo","1002038","1"
"Cruz Azul","3870388","2023-01-14","Raul Erasto Gutierrez Jacobo","2022-08-27","2023-02-12","Raúl Erasto Gutiérrez Jacobo","1002038","1"
"Cruz Azul","3870398","2023-01-22","Raul Erasto Gutierrez Jacobo","2022-08-27","2023-02-12","Raúl Erasto Gutiérrez Jacobo","1002038","1"
"Cruz Azul","3870414","2023-02-05","Raul Erasto Gutierrez Jacobo","2022-08-27","2023-02-12","Raúl Erasto Gutiérrez Jacobo","1002038","1"
"Cruz Azul","3870425","2023-02-12","Raul Erasto Gutierrez Jacobo","2022-08-27","2023-02-12","Raúl Erasto Gutiérrez Jacobo","1002038","1"
"Cruz Azul","3870438","2023-02-18","Joaquin Moreno Garduno I","2023-02-18","2023-02-23","Joaquín Moreno Garduño","1002764","1"
"Cruz Azul","3870445","2023-02-23","Joaquin Moreno Garduno I","2023-02-18","2023-02-23","Joaquín Moreno Garduño","1002764","1"
"Cruz Azul","3870450","2023-02-25","Ricardo Ferretti","2023-02-25","2023-07-15","Ricardo Ferretti","3391","1"
"Cruz Azul","3870458","2023-03-04","Ricardo Ferretti","2023-02-25","2023-07-15","Ricardo Ferretti","3391","1"
"Cruz Azul","3870469","2023-03-12","Ricardo Ferretti","2023-02-25","2023-07-15","Ricardo Ferretti","3391","1"
"Cruz Azul","3870478","2023-03-18","Ricardo Ferretti","2023-02-25","2023-07-15","Ricardo Ferretti","3391","1"
"Cruz Azul","3870406","2023-03-30","Ricardo Ferretti","2023-02-25","2023-07-15","Ricardo Ferretti","3391","1"
"Cruz Azul","3870488","2023-04-01","Ricardo Ferretti","2023-02-25","2023-07-15","Ricardo Ferretti","3391","1"
"Cruz Azul","3870497","2023-04-09","Ricardo Ferretti","2023-02-25","2023-07-15","Ricardo Ferretti","3391","1"
"Cruz Azul","3870504","2023-04-16","Ricardo Ferretti","2023-02-25","2023-07-15","Ricardo Ferretti","3391","1"
"Cruz Azul","3870517","2023-04-23","Ricardo Ferretti","2023-02-25","2023-07-15","Ricardo Ferretti","3391","1"
"Cruz Azul","3870522","2023-04-30","Ricardo Ferretti","2023-02-25","2023-07-15","Ricardo Ferretti","3391","1"
"Cruz Azul","3889640","2023-07-02","Ricardo Ferretti","2023-02-25","2023-07-15","Ricardo Ferretti","3391","1"
"Cruz Azul","3889648","2023-07-08","Ricardo Ferretti","2023-02-25","2023-07-15","Ricardo Ferretti","3391","1"
"Cruz Azul","3889657","2023-07-15","Ricardo Ferretti","2023-02-25","2023-07-15","Ricardo Ferretti","3391","1"
"Cruz Azul","3889672","2023-08-20","Joaquin Moreno Garduno II","2023-08-20","2023-11-13","Joaquín Moreno Garduño","1002764","1"
"Cruz Azul","3889677","2023-08-24","Joaquin Moreno Garduno II","2023-08-20","2023-11-13","Joaquín Moreno Garduño","1002764","1"
"Cruz Azul","3889687","2023-08-28","Joaquin Moreno Garduno II","2023-08-20","2023-11-13","Joaquín Moreno Garduño","1002764","1"
"Cruz Azul","3889699","2023-09-03","Joaquin Moreno Garduno II","2023-08-20","2023-11-13","Joaquín Moreno Garduño","1002764","1"
"Cruz Azul","3889700","2023-09-16","Joaquin Moreno Garduno II","2023-08-20","2023-11-13","Joaquín Moreno Garduño","1002764","1"
"Cruz Azul","3889717","2023-09-24","Joaquin Moreno Garduno II","2023-08-20","2023-11-13","Joaquín Moreno Garduño","1002764","1"
"Cruz Azul","3889726","2023-09-30","Joaquin Moreno Garduno II","2023-08-20","2023-11-13","Joaquín Moreno Garduño","1002764","1"
"Cruz Azul","3889731","2023-10-05","Joaquin Moreno Garduno II","2023-08-20","2023-11-13","Joaquín Moreno Garduño","1002764","1"
"Cruz Azul","3889737","2023-10-08","Joaquin Moreno Garduno II","2023-08-20","2023-11-13","Joaquín Moreno Garduño","1002764","1"
"Cruz Azul","3889747","2023-10-22","Joaquin Moreno Garduno II","2023-08-20","2023-11-13","Joaquín Moreno Garduño","1002764","1"
"Cruz Azul","3889760","2023-10-28","Joaquin Moreno Garduno II","2023-08-20","2023-11-13","Joaquín Moreno Garduño","1002764","1"
"Cruz Azul","3889771","2023-11-02","Joaquin Moreno Garduno II","2023-08-20","2023-11-13","Joaquín Moreno Garduño","1002764","1"
"Cruz Azul","3889776","2023-11-05","Joaquin Moreno Garduno II","2023-08-20","2023-11-13","Joaquín Moreno Garduño","1002764","1"
"Cruz Azul","3889789","2023-11-13","Joaquin Moreno Garduno II","2023-08-20","2023-11-13","Joaquín Moreno Garduño","1002764","1"
"Cruz Azul","3918954","2024-01-14","Martin Anselmi","2024-01-14","2025-01-25","Martin Anselmi","1001074","1"
"Cruz Azul","3918963","2024-01-20","Martin Anselmi","2024-01-14","2025-01-25","Martin Anselmi","1001074","1"
"Cruz Azul","3918976","2024-01-27","Martin Anselmi","2024-01-14","2025-01-25","Martin Anselmi","1001074","1"
"Cruz Azul","3918980","2024-01-31","Martin Anselmi","2024-01-14","2025-01-25","Martin Anselmi","1001074","1"
"Cruz Azul","3918987","2024-02-03","Martin Anselmi","2024-01-14","2025-01-25","Martin Anselmi","1001074","1"
"Cruz Azul","3918997","2024-02-11","Martin Anselmi","2024-01-14","2025-01-25","Martin Anselmi","1001074","1"
"Cruz Azul","3919010","2024-02-18","Martin Anselmi","2024-01-14","2025-01-25","Martin Anselmi","1001074","1"
"Cruz Azul","3919017","2024-02-22","Martin Anselmi","2024-01-14","2025-01-25","Martin Anselmi","1001074","1"
"Cruz Azul","3919022","2024-02-25","Martin Anselmi","2024-01-14","2025-01-25","Martin Anselmi","1001074","1"
"Cruz Azul","3919037","2024-03-03","Martin Anselmi","2024-01-14","2025-01-25","Martin Anselmi","1001074","1"
"Cruz Azul","3919044","2024-03-10","Martin Anselmi","2024-01-14","2025-01-25","Martin Anselmi","1001074","1"
"Cruz Azul","3919052","2024-03-16","Martin Anselmi","2024-01-14","2025-01-25","Martin Anselmi","1001074","1"
"Cruz Azul","3919060","2024-03-31","Martin Anselmi","2024-01-14","2025-01-25","Martin Anselmi","1001074","1"
"Cruz Azul","3919072","2024-04-07","Martin Anselmi","2024-01-14","2025-01-25","Martin Anselmi","1001074","1"
"Cruz Azul","3919078","2024-04-13","Martin Anselmi","2024-01-14","2025-01-25","Martin Anselmi","1001074","1"
"Cruz Azul","3919092","2024-04-22","Martin Anselmi","2024-01-14","2025-01-25","Martin Anselmi","1001074","1"
"Cruz Azul","3919099","2024-04-28","Martin Anselmi","2024-01-14","2025-01-25","Martin Anselmi","1001074","1"
"Cruz Azul","3939822","2024-07-07","Martin Anselmi","2024-01-14","2025-01-25","Martin Anselmi","1001074","1"
"Cruz Azul","3939833","2024-07-14","Martin Anselmi","2024-01-14","2025-01-25","Martin Anselmi","1001074","1"
"Cruz Azul","3939838","2024-07-17","Martin Anselmi","2024-01-14","2025-01-25","Martin Anselmi","1001074","1"
"Cruz Azul","3939849","2024-07-21","Martin Anselmi","2024-01-14","2025-01-25","Martin Anselmi","1001074","1"
"Cruz Azul","3939852","2024-08-24","Martin Anselmi","2024-01-14","2025-01-25","Martin Anselmi","1001074","1"
"Cruz Azul","3939867","2024-09-01","Martin Anselmi","2024-01-14","2025-01-25","Martin Anselmi","1001074","1"
"Cruz Azul","3939877","2024-09-15","Martin Anselmi","2024-01-14","2025-01-25","Martin Anselmi","1001074","1"
"Cruz Azul","3939879","2024-09-18","Martin Anselmi","2024-01-14","2025-01-25","Martin Anselmi","1001074","1"
"Cruz Azul","3939893","2024-09-22","Martin Anselmi","2024-01-14","2025-01-25","Martin Anselmi","1001074","1"
"Cruz Azul","3939902","2024-09-29","Martin Anselmi","2024-01-14","2025-01-25","Martin Anselmi","1001074","1"
"Cruz Azul","3939913","2024-10-05","Martin Anselmi","2024-01-14","2025-01-25","Martin Anselmi","1001074","1"
"Cruz Azul","3939917","2024-10-19","Martin Anselmi","2024-01-14","2025-01-25","Martin Anselmi","1001074","1"
"Cruz Azul","3939931","2024-10-24","Martin Anselmi","2024-01-14","2025-01-25","Martin Anselmi","1001074","1"
"Cruz Azul","3939939","2024-10-27","Martin Anselmi","2024-01-14","2025-01-25","Martin Anselmi","1001074","1"
"Cruz Azul","3939950","2024-11-03","Martin Anselmi","2024-01-14","2025-01-25","Martin Anselmi","1001074","1"
"Cruz Azul","3939956","2024-11-07","Martin Anselmi","2024-01-14","2025-01-25","Martin Anselmi","1001074","1"
"Cruz Azul","3939965","2024-11-10","Martin Anselmi","2024-01-14","2025-01-25","Martin Anselmi","1001074","1"
"Cruz Azul","3972022","2025-01-12","Martin Anselmi","2024-01-14","2025-01-25","Martin Anselmi","1001074","1"
"Cruz Azul","3972029","2025-01-18","Martin Anselmi","2024-01-14","2025-01-25","Martin Anselmi","1001074","1"
"Cruz Azul","3972036","2025-01-25","Martin Anselmi","2024-01-14","2025-01-25","Martin Anselmi","1001074","1"
"Cruz Azul","3972044","2025-01-29","Vicente Sanchez","2025-01-29","2025-04-20","Vicente Martín Sánchez Bragunde","1006349","1"
"Cruz Azul","3972051","2025-02-01","Vicente Sanchez","2025-01-29","2025-04-20","Vicente Martín Sánchez Bragunde","1006349","1"
"Cruz Azul","3972064","2025-02-09","Vicente Sanchez","2025-01-29","2025-04-20","Vicente Martín Sánchez Bragunde","1006349","1"
"Cruz Azul","3972071","2025-02-16","Vicente Sanchez","2025-01-29","2025-04-20","Vicente Martín Sánchez Bragunde","1006349","1"
"Cruz Azul","3972078","2025-02-20","Vicente Sanchez","2025-01-29","2025-04-20","Vicente Martín Sánchez Bragunde","1006349","1"
"Cruz Azul","3972089","2025-02-24","Vicente Sanchez","2025-01-29","2025-04-20","Vicente Martín Sánchez Bragunde","1006349","1"
"Cruz Azul","3972096","2025-03-01","Vicente Sanchez","2025-01-29","2025-04-20","Vicente Martín Sánchez Bragunde","1006349","1"
"Cruz Azul","3972109","2025-03-09","Vicente Sanchez","2025-01-29","2025-04-20","Vicente Martín Sánchez Bragunde","1006349","1"
"Cruz Azul","3972120","2025-03-16","Vicente Sanchez","2025-01-29","2025-04-20","Vicente Martín Sánchez Bragunde","1006349","1"
"Cruz Azul","3972129","2025-03-30","Vicente Sanchez","2025-01-29","2025-04-20","Vicente Martín Sánchez Bragunde","1006349","1"
"Cruz Azul","3972138","2025-04-06","Vicente Sanchez","2025-01-29","2025-04-20","Vicente Martín Sánchez Bragunde","1006349","1"
"Cruz Azul","3972145","2025-04-13","Vicente Sanchez","2025-01-29","2025-04-20","Vicente Martín Sánchez Bragunde","1006349","1"
"Cruz Azul","3972152","2025-04-16","Vicente Sanchez","2025-01-29","2025-04-20","Vicente Martín Sánchez Bragunde","1006349","1"
"Cruz Azul","3972161","2025-04-20","Vicente Sanchez","2025-01-29","2025-04-20","Vicente Martín Sánchez Bragunde","1006349","1"
"Cruz Azul","4004045","2025-07-13","Nicolas Larcamon","2025-07-13","2026-04-22","Nicolás Ricardo Larcamón","3629","1"
"Cruz Azul","4004056","2025-07-20","Nicolas Larcamon","2025-07-13","2026-04-22","Nicolás Ricardo Larcamón","3629","1"
"Cruz Azul","4004064","2025-07-27","Nicolas Larcamon","2025-07-13","2026-04-22","Nicolás Ricardo Larcamón","3629","1"
"Cruz Azul","4004075","2025-08-12","Nicolas Larcamon","2025-07-13","2026-04-22","Nicolás Ricardo Larcamón","3629","1"
"Cruz Azul","4004082","2025-08-17","Nicolas Larcamon","2025-07-13","2026-04-22","Nicolás Ricardo Larcamón","3629","1"
"Cruz Azul","4004091","2025-08-24","Nicolas Larcamon","2025-07-13","2026-04-22","Nicolás Ricardo Larcamón","3629","1"
"Cruz Azul","4004098","2025-08-31","Nicolas Larcamon","2025-07-13","2026-04-22","Nicolás Ricardo Larcamón","3629","1"
"Cruz Azul","4004106","2025-09-13","Nicolas Larcamon","2025-07-13","2026-04-22","Nicolás Ricardo Larcamón","3629","1"
"Cruz Azul","4004113","2025-09-20","Nicolas Larcamon","2025-07-13","2026-04-22","Nicolás Ricardo Larcamón","3629","1"
"Cruz Azul","4004127","2025-09-25","Nicolas Larcamon","2025-07-13","2026-04-22","Nicolás Ricardo Larcamón","3629","1"
"Cruz Azul","4004139","2025-09-29","Nicolas Larcamon","2025-07-13","2026-04-22","Nicolás Ricardo Larcamón","3629","1"
"Cruz Azul","4004145","2025-10-05","Nicolas Larcamon","2025-07-13","2026-04-22","Nicolás Ricardo Larcamón","3629","1"
"Cruz Azul","4004153","2025-10-19","Nicolas Larcamon","2025-07-13","2026-04-22","Nicolás Ricardo Larcamón","3629","1"
"Cruz Azul","4004159","2025-10-22","Nicolas Larcamon","2025-07-13","2026-04-22","Nicolás Ricardo Larcamón","3629","1"
"Cruz Azul","4004173","2025-10-26","Nicolas Larcamon","2025-07-13","2026-04-22","Nicolás Ricardo Larcamón","3629","1"
"Cruz Azul","4004178","2025-11-01","Nicolas Larcamon","2025-07-13","2026-04-22","Nicolás Ricardo Larcamón","3629","1"
"Cruz Azul","4004192","2025-11-09","Nicolas Larcamon","2025-07-13","2026-04-22","Nicolás Ricardo Larcamón","3629","1"
"Cruz Azul","4038806","2026-01-11","Nicolas Larcamon","2025-07-13","2026-04-22","Nicolás Ricardo Larcamón","3629","1"
"Cruz Azul","4038810","2026-01-14","Nicolas Larcamon","2025-07-13","2026-04-22","Nicolás Ricardo Larcamón","3629","1"
"Cruz Azul","4038825","2026-01-18","Nicolas Larcamon","2025-07-13","2026-04-22","Nicolás Ricardo Larcamón","3629","1"
"Cruz Azul","4038829","2026-01-31","Nicolas Larcamon","2025-07-13","2026-04-22","Nicolás Ricardo Larcamón","3629","1"
"Cruz Azul","4038845","2026-02-07","Nicolas Larcamon","2025-07-13","2026-04-22","Nicolás Ricardo Larcamón","3629","1"
"Cruz Azul","4038853","2026-02-15","Nicolas Larcamon","2025-07-13","2026-04-22","Nicolás Ricardo Larcamón","3629","1"
"Cruz Azul","4038858","2026-02-22","Nicolas Larcamon","2025-07-13","2026-04-22","Nicolás Ricardo Larcamón","3629","1"
"Cruz Azul","4038872","2026-03-01","Nicolas Larcamon","2025-07-13","2026-04-22","Nicolás Ricardo Larcamón","3629","1"
"Cruz Azul","4038873","2026-03-04","Nicolas Larcamon","2025-07-13","2026-04-22","Nicolás Ricardo Larcamón","3629","1"
"Cruz Azul","4038886","2026-03-07","Nicolas Larcamon","2025-07-13","2026-04-22","Nicolás Ricardo Larcamón","3629","1"
"Cruz Azul","4038895","2026-03-15","Nicolas Larcamon","2025-07-13","2026-04-22","Nicolás Ricardo Larcamón","3629","1"
"Cruz Azul","4038900","2026-03-21","Nicolas Larcamon","2025-07-13","2026-04-22","Nicolás Ricardo Larcamón","3629","1"
"Cruz Azul","4038914","2026-04-05","Nicolas Larcamon","2025-07-13","2026-04-22","Nicolás Ricardo Larcamón","3629","1"
"Cruz Azul","4038920","2026-04-12","Nicolas Larcamon","2025-07-13","2026-04-22","Nicolás Ricardo Larcamón","3629","1"
"Cruz Azul","4038933","2026-04-18","Nicolas Larcamon","2025-07-13","2026-04-22","Nicolás Ricardo Larcamón","3629","1"
"Cruz Azul","4038937","2026-04-22","Nicolas Larcamon","2025-07-13","2026-04-22","Nicolás Ricardo Larcamón","3629","1"
"Cruz Azul","4038953","2026-04-27","Joel Huiqui","2026-04-27","2026-04-27","Joel Adrián Huiqui Andrade","1009494","1"
"Guadalajara","3799351","2021-07-25","Victor Manuel Vucetich","2021-07-25","2021-09-19","Víctor Manuel Vucetich Rojas","3746","1"
"Guadalajara","3799487","2021-07-31","Victor Manuel Vucetich","2021-07-25","2021-09-19","Víctor Manuel Vucetich Rojas","3746","1"
"Guadalajara","3799483","2021-08-08","Victor Manuel Vucetich","2021-07-25","2021-09-19","Víctor Manuel Vucetich Rojas","3746","1"
"Guadalajara","3799501","2021-08-16","Victor Manuel Vucetich","2021-07-25","2021-09-19","Víctor Manuel Vucetich Rojas","3746","1"
"Guadalajara","3799440","2021-08-19","Victor Manuel Vucetich","2021-07-25","2021-09-19","Víctor Manuel Vucetich Rojas","3746","1"
"Guadalajara","3799359","2021-08-22","Victor Manuel Vucetich","2021-07-25","2021-09-19","Víctor Manuel Vucetich Rojas","3746","1"
"Guadalajara","3799428","2021-08-28","Victor Manuel Vucetich","2021-07-25","2021-09-19","Víctor Manuel Vucetich Rojas","3746","1"
"Guadalajara","3799410","2021-09-12","Victor Manuel Vucetich","2021-07-25","2021-09-19","Víctor Manuel Vucetich Rojas","3746","1"
"Guadalajara","3799474","2021-09-19","Victor Manuel Vucetich","2021-07-25","2021-09-19","Víctor Manuel Vucetich Rojas","3746","1"
"Guadalajara","3799455","2021-09-26","Marcelo Michel Leano","2021-09-26","2022-04-10","Marcelo Michel Leaño","6223","1"
"Guadalajara","3799392","2021-09-30","Marcelo Michel Leano","2021-09-26","2022-04-10","Marcelo Michel Leaño","6223","1"
"Guadalajara","3799391","2021-10-03","Marcelo Michel Leano","2021-09-26","2022-04-10","Marcelo Michel Leaño","6223","1"
"Guadalajara","3799376","2021-10-17","Marcelo Michel Leano","2021-09-26","2022-04-10","Marcelo Michel Leaño","6223","1"
"Guadalajara","3799366","2021-10-21","Marcelo Michel Leano","2021-09-26","2022-04-10","Marcelo Michel Leaño","6223","1"
"Guadalajara","3799380","2021-10-24","Marcelo Michel Leano","2021-09-26","2022-04-10","Marcelo Michel Leaño","6223","1"
"Guadalajara","3799386","2021-10-31","Marcelo Michel Leano","2021-09-26","2022-04-10","Marcelo Michel Leaño","6223","1"
"Guadalajara","3799473","2021-11-06","Marcelo Michel Leano","2021-09-26","2022-04-10","Marcelo Michel Leaño","6223","1"
"Guadalajara","3816745","2022-01-10","Marcelo Michel Leano","2021-09-26","2022-04-10","Marcelo Michel Leaño","6223","1"
"Guadalajara","3816772","2022-01-17","Marcelo Michel Leano","2021-09-26","2022-04-10","Marcelo Michel Leaño","6223","1"
"Guadalajara","3816770","2022-01-22","Marcelo Michel Leano","2021-09-26","2022-04-10","Marcelo Michel Leaño","6223","1"
"Guadalajara","3816700","2022-02-10","Marcelo Michel Leano","2021-09-26","2022-04-10","Marcelo Michel Leaño","6223","1"
"Guadalajara","3816724","2022-02-12","Marcelo Michel Leano","2021-09-26","2022-04-10","Marcelo Michel Leaño","6223","1"
"Guadalajara","3816709","2022-02-20","Marcelo Michel Leano","2021-09-26","2022-04-10","Marcelo Michel Leaño","6223","1"
"Guadalajara","3816713","2022-02-27","Marcelo Michel Leano","2021-09-26","2022-04-10","Marcelo Michel Leaño","6223","1"
"Guadalajara","3816751","2022-03-03","Marcelo Michel Leano","2021-09-26","2022-04-10","Marcelo Michel Leaño","6223","1"
"Guadalajara","3816682","2022-03-06","Marcelo Michel Leano","2021-09-26","2022-04-10","Marcelo Michel Leaño","6223","1"
"Guadalajara","3816768","2022-03-13","Marcelo Michel Leano","2021-09-26","2022-04-10","Marcelo Michel Leaño","6223","1"
"Guadalajara","3816733","2022-03-21","Marcelo Michel Leano","2021-09-26","2022-04-10","Marcelo Michel Leaño","6223","1"
"Guadalajara","3816691","2022-04-10","Marcelo Michel Leano","2021-09-26","2022-04-10","Marcelo Michel Leaño","6223","1"
"Guadalajara","3816708","2022-04-14","Ricardo Cadena Martinez","2022-04-14","2022-10-02","Ricardo Cadena Martínez","1001388","1"
"Guadalajara","3816679","2022-04-17","Ricardo Cadena Martinez","2022-04-14","2022-10-02","Ricardo Cadena Martínez","1001388","1"
"Guadalajara","3816720","2022-04-20","Ricardo Cadena Martinez","2022-04-14","2022-10-02","Ricardo Cadena Martínez","1001388","1"
"Guadalajara","3816800","2022-04-24","Ricardo Cadena Martinez","2022-04-14","2022-10-02","Ricardo Cadena Martínez","1001388","1"
"Guadalajara","3816706","2022-04-30","Ricardo Cadena Martinez","2022-04-14","2022-10-02","Ricardo Cadena Martínez","1001388","1"
"Guadalajara","3835103","2022-07-02","Ricardo Cadena Martinez","2022-04-14","2022-10-02","Ricardo Cadena Martínez","1001388","1"
"Guadalajara","3835113","2022-07-10","Ricardo Cadena Martinez","2022-04-14","2022-10-02","Ricardo Cadena Martínez","1001388","1"
"Guadalajara","3835122","2022-07-17","Ricardo Cadena Martinez","2022-04-14","2022-10-02","Ricardo Cadena Martínez","1001388","1"
"Guadalajara","3835128","2022-07-21","Ricardo Cadena Martinez","2022-04-14","2022-10-02","Ricardo Cadena Martínez","1001388","1"
"Guadalajara","3835143","2022-07-28","Ricardo Cadena Martinez","2022-04-14","2022-10-02","Ricardo Cadena Martínez","1001388","1"
"Guadalajara","3835146","2022-07-31","Ricardo Cadena Martinez","2022-04-14","2022-10-02","Ricardo Cadena Martínez","1001388","1"
"Guadalajara","3835157","2022-08-06","Ricardo Cadena Martinez","2022-04-14","2022-10-02","Ricardo Cadena Martínez","1001388","1"
"Guadalajara","3835170","2022-08-14","Ricardo Cadena Martinez","2022-04-14","2022-10-02","Ricardo Cadena Martínez","1001388","1"
"Guadalajara","3835183","2022-08-20","Ricardo Cadena Martinez","2022-04-14","2022-10-02","Ricardo Cadena Martínez","1001388","1"
"Guadalajara","3835192","2022-08-24","Ricardo Cadena Martinez","2022-04-14","2022-10-02","Ricardo Cadena Martínez","1001388","1"
"Guadalajara","3835199","2022-08-28","Ricardo Cadena Martinez","2022-04-14","2022-10-02","Ricardo Cadena Martínez","1001388","1"
"Guadalajara","3835214","2022-09-04","Ricardo Cadena Martinez","2022-04-14","2022-10-02","Ricardo Cadena Martínez","1001388","1"
"Guadalajara","3835220","2022-09-08","Ricardo Cadena Martinez","2022-04-14","2022-10-02","Ricardo Cadena Martínez","1001388","1"
"Guadalajara","3835230","2022-09-11","Ricardo Cadena Martinez","2022-04-14","2022-10-02","Ricardo Cadena Martínez","1001388","1"
"Guadalajara","3835233","2022-09-14","Ricardo Cadena Martinez","2022-04-14","2022-10-02","Ricardo Cadena Martínez","1001388","1"
"Guadalajara","3835237","2022-09-18","Ricardo Cadena Martinez","2022-04-14","2022-10-02","Ricardo Cadena Martínez","1001388","1"
"Guadalajara","3835250","2022-10-02","Ricardo Cadena Martinez","2022-04-14","2022-10-02","Ricardo Cadena Martínez","1001388","1"
"Guadalajara","3870380","2023-01-08","Veljko Paunovic","2023-01-08","2023-11-12","Veljko Paunovic","156","1"
"Guadalajara","3870386","2023-01-14","Veljko Paunovic","2023-01-08","2023-11-12","Veljko Paunovic","156","1"
"Guadalajara","3870399","2023-01-22","Veljko Paunovic","2023-01-08","2023-11-12","Veljko Paunovic","156","1"
"Guadalajara","3870408","2023-01-29","Veljko Paunovic","2023-01-08","2023-11-12","Veljko Paunovic","156","1"
"Guadalajara","3870419","2023-02-05","Veljko Paunovic","2023-01-08","2023-11-12","Veljko Paunovic","156","1"
"Guadalajara","3870424","2023-02-12","Veljko Paunovic","2023-01-08","2023-11-12","Veljko Paunovic","156","1"
"Guadalajara","3870434","2023-02-16","Veljko Paunovic","2023-01-08","2023-11-12","Veljko Paunovic","156","1"
"Guadalajara","3870439","2023-02-19","Veljko Paunovic","2023-01-08","2023-11-12","Veljko Paunovic","156","1"
"Guadalajara","3870449","2023-02-26","Veljko Paunovic","2023-01-08","2023-11-12","Veljko Paunovic","156","1"
"Guadalajara","3870459","2023-03-05","Veljko Paunovic","2023-01-08","2023-11-12","Veljko Paunovic","156","1"
"Guadalajara","3870466","2023-03-11","Veljko Paunovic","2023-01-08","2023-11-12","Veljko Paunovic","156","1"
"Guadalajara","3870479","2023-03-19","Veljko Paunovic","2023-01-08","2023-11-12","Veljko Paunovic","156","1"
"Guadalajara","3870485","2023-04-02","Veljko Paunovic","2023-01-08","2023-11-12","Veljko Paunovic","156","1"
"Guadalajara","3870494","2023-04-08","Veljko Paunovic","2023-01-08","2023-11-12","Veljko Paunovic","156","1"
"Guadalajara","3870506","2023-04-16","Veljko Paunovic","2023-01-08","2023-11-12","Veljko Paunovic","156","1"
"Guadalajara","3870517","2023-04-23","Veljko Paunovic","2023-01-08","2023-11-12","Veljko Paunovic","156","1"
"Guadalajara","3870523","2023-04-30","Veljko Paunovic","2023-01-08","2023-11-12","Veljko Paunovic","156","1"
"Guadalajara","3889645","2023-07-04","Veljko Paunovic","2023-01-08","2023-11-12","Veljko Paunovic","156","1"
"Guadalajara","3889649","2023-07-09","Veljko Paunovic","2023-01-08","2023-11-12","Veljko Paunovic","156","1"
"Guadalajara","3889656","2023-07-14","Veljko Paunovic","2023-01-08","2023-11-12","Veljko Paunovic","156","1"
"Guadalajara","3889665","2023-08-19","Veljko Paunovic","2023-01-08","2023-11-12","Veljko Paunovic","156","1"
"Guadalajara","3889676","2023-08-23","Veljko Paunovic","2023-01-08","2023-11-12","Veljko Paunovic","156","1"
"Guadalajara","3889684","2023-08-27","Veljko Paunovic","2023-01-08","2023-11-12","Veljko Paunovic","156","1"
"Guadalajara","3889696","2023-09-03","Veljko Paunovic","2023-01-08","2023-11-12","Veljko Paunovic","156","1"
"Guadalajara","3889702","2023-09-17","Veljko Paunovic","2023-01-08","2023-11-12","Veljko Paunovic","156","1"
"Guadalajara","3889713","2023-09-24","Veljko Paunovic","2023-01-08","2023-11-12","Veljko Paunovic","156","1"
"Guadalajara","3889751","2023-09-27","Veljko Paunovic","2023-01-08","2023-11-12","Veljko Paunovic","156","1"
"Guadalajara","3889722","2023-10-01","Veljko Paunovic","2023-01-08","2023-11-12","Veljko Paunovic","156","1"
"Guadalajara","3889734","2023-10-08","Veljko Paunovic","2023-01-08","2023-11-12","Veljko Paunovic","156","1"
"Guadalajara","3889742","2023-10-21","Veljko Paunovic","2023-01-08","2023-11-12","Veljko Paunovic","156","1"
"Guadalajara","3889759","2023-10-29","Veljko Paunovic","2023-01-08","2023-11-12","Veljko Paunovic","156","1"
"Guadalajara","3889765","2023-11-01","Veljko Paunovic","2023-01-08","2023-11-12","Veljko Paunovic","156","1"
"Guadalajara","3889776","2023-11-05","Veljko Paunovic","2023-01-08","2023-11-12","Veljko Paunovic","156","1"
"Guadalajara","3889784","2023-11-12","Veljko Paunovic","2023-01-08","2023-11-12","Veljko Paunovic","156","1"
"Guadalajara","3918953","2024-01-14","Fernando Gago","2024-01-14","2024-10-06","Fernando Rubén Gago","5662","1"
"Guadalajara","3918967","2024-01-22","Fernando Gago","2024-01-14","2024-10-06","Fernando Rubén Gago","5662","1"
"Guadalajara","3918972","2024-01-27","Fernando Gago","2024-01-14","2024-10-06","Fernando Rubén Gago","5662","1"
"Guadalajara","3918982","2024-01-31","Fernando Gago","2024-01-14","2024-10-06","Fernando Rubén Gago","5662","1"
"Guadalajara","3918993","2024-02-05","Fernando Gago","2024-01-14","2024-10-06","Fernando Rubén Gago","5662","1"
"Guadalajara","3919002","2024-02-10","Fernando Gago","2024-01-14","2024-10-06","Fernando Rubén Gago","5662","1"
"Guadalajara","3919006","2024-02-17","Fernando Gago","2024-01-14","2024-10-06","Fernando Rubén Gago","5662","1"
"Guadalajara","3919015","2024-02-21","Fernando Gago","2024-01-14","2024-10-06","Fernando Rubén Gago","5662","1"
"Guadalajara","3919025","2024-02-25","Fernando Gago","2024-01-14","2024-10-06","Fernando Rubén Gago","5662","1"
"Guadalajara","3919037","2024-03-03","Fernando Gago","2024-01-14","2024-10-06","Fernando Rubén Gago","5662","1"
"Guadalajara","3919047","2024-03-09","Fernando Gago","2024-01-14","2024-10-06","Fernando Rubén Gago","5662","1"
"Guadalajara","3919055","2024-03-17","Fernando Gago","2024-01-14","2024-10-06","Fernando Rubén Gago","5662","1"
"Guadalajara","3919063","2024-03-31","Fernando Gago","2024-01-14","2024-10-06","Fernando Rubén Gago","5662","1"
"Guadalajara","3919073","2024-04-07","Fernando Gago","2024-01-14","2024-10-06","Fernando Rubén Gago","5662","1"
"Guadalajara","3919080","2024-04-13","Fernando Gago","2024-01-14","2024-10-06","Fernando Rubén Gago","5662","1"
"Guadalajara","3919089","2024-04-21","Fernando Gago","2024-01-14","2024-10-06","Fernando Rubén Gago","5662","1"
"Guadalajara","3919096","2024-04-28","Fernando Gago","2024-01-14","2024-10-06","Fernando Rubén Gago","5662","1"
"Guadalajara","3939821","2024-07-07","Fernando Gago","2024-01-14","2024-10-06","Fernando Rubén Gago","5662","1"
"Guadalajara","3939827","2024-07-13","Fernando Gago","2024-01-14","2024-10-06","Fernando Rubén Gago","5662","1"
"Guadalajara","3939834","2024-07-17","Fernando Gago","2024-01-14","2024-10-06","Fernando Rubén Gago","5662","1"
"Guadalajara","3939845","2024-07-20","Fernando Gago","2024-01-14","2024-10-06","Fernando Rubén Gago","5662","1"
"Guadalajara","3939858","2024-08-25","Fernando Gago","2024-01-14","2024-10-06","Fernando Rubén Gago","5662","1"
"Guadalajara","3939865","2024-08-31","Fernando Gago","2024-01-14","2024-10-06","Fernando Rubén Gago","5662","1"
"Guadalajara","3939876","2024-09-15","Fernando Gago","2024-01-14","2024-10-06","Fernando Rubén Gago","5662","1"
"Guadalajara","3939884","2024-09-19","Fernando Gago","2024-01-14","2024-10-06","Fernando Rubén Gago","5662","1"
"Guadalajara","3939893","2024-09-22","Fernando Gago","2024-01-14","2024-10-06","Fernando Rubén Gago","5662","1"
"Guadalajara","3939903","2024-09-29","Fernando Gago","2024-01-14","2024-10-06","Fernando Rubén Gago","5662","1"
"Guadalajara","3939910","2024-10-06","Fernando Gago","2024-01-14","2024-10-06","Fernando Rubén Gago","5662","1"
"Guadalajara","3939921","2024-10-19","Arturo Ortega Juarez","2024-10-19","2024-11-09","Arturo Ortega Juárez","1003436","1"
"Guadalajara","3939927","2024-10-23","Arturo Ortega Juarez","2024-10-19","2024-11-09","Arturo Ortega Juárez","1003436","1"
"Guadalajara","3939935","2024-10-26","Arturo Ortega Juarez","2024-10-19","2024-11-09","Arturo Ortega Juárez","1003436","1"
"Guadalajara","3939947","2024-11-03","Arturo Ortega Juarez","2024-10-19","2024-11-09","Arturo Ortega Juárez","1003436","1"
"Guadalajara","3939955","2024-11-06","Arturo Ortega Juarez","2024-10-19","2024-11-09","Arturo Ortega Juárez","1003436","1"
"Guadalajara","3939963","2024-11-09","Arturo Ortega Juarez","2024-10-19","2024-11-09","Arturo Ortega Juárez","1003436","1"
"Guadalajara","3972018","2025-01-12","Oscar Garcia","2025-01-12","2025-02-27","Óscar García Junyent","430","1"
"Guadalajara","3972024","2025-01-18","Oscar Garcia","2025-01-12","2025-02-27","Óscar García Junyent","430","1"
"Guadalajara","3972037","2025-01-26","Oscar Garcia","2025-01-12","2025-02-27","Óscar García Junyent","430","1"
"Guadalajara","3972042","2025-01-29","Oscar Garcia","2025-01-12","2025-02-27","Óscar García Junyent","430","1"
"Guadalajara","3972056","2025-02-01","Oscar Garcia","2025-01-12","2025-02-27","Óscar García Junyent","430","1"
"Guadalajara","3972068","2025-02-10","Oscar Garcia","2025-01-12","2025-02-27","Óscar García Junyent","430","1"
"Guadalajara","3972072","2025-02-16","Oscar Garcia","2025-01-12","2025-02-27","Francisco Manuel Ruano Bausán","1003963","0"
"Guadalajara","3972085","2025-02-23","Oscar Garcia","2025-01-12","2025-02-27","Óscar García Junyent","430","1"
"Guadalajara","3972095","2025-02-27","Oscar Garcia","2025-01-12","2025-02-27","Óscar García Junyent","430","1"
"Guadalajara","3972098","2025-03-02","Jose Luis Melendez Galindo","2025-03-02","2025-03-02","José Luis Meléndez Galindo","1005590","1"
"Guadalajara","3972111","2025-03-09","Gerardo Espinoza Ahumada","2025-03-09","2025-04-20","Gerardo Espinoza Ahumada","1001786","1"
"Guadalajara","3972119","2025-03-16","Gerardo Espinoza Ahumada","2025-03-09","2025-04-20","Héctor Altamirano Escudero","5339","0"
"Guadalajara","3972129","2025-03-30","Gerardo Espinoza Ahumada","2025-03-09","2025-04-20","Gerardo Espinoza Ahumada","1001786","1"
"Guadalajara","3972135","2025-04-06","Gerardo Espinoza Ahumada","2025-03-09","2025-04-20","Gerardo Espinoza Ahumada","1001786","1"
"Guadalajara","3972141","2025-04-12","Gerardo Espinoza Ahumada","2025-03-09","2025-04-20","Gerardo Espinoza Ahumada","1001786","1"
"Guadalajara","3972153","2025-04-16","Gerardo Espinoza Ahumada","2025-03-09","2025-04-20","Gerardo Espinoza Ahumada","1001786","1"
"Guadalajara","3972163","2025-04-20","Gerardo Espinoza Ahumada","2025-03-09","2025-04-20","Gerardo Espinoza Ahumada","1001786","1"
"Guadalajara","4004054","2025-07-20","Gabriel Milito","2025-07-20","2026-04-26","Gabriel Alejandro Milito","2695","1"
"Guadalajara","4004061","2025-07-26","Gabriel Milito","2025-07-20","2026-04-26","Gabriel Alejandro Milito","2695","1"
"Guadalajara","4004072","2025-08-11","Gabriel Milito","2025-07-20","2026-04-26","Gabriel Alejandro Milito","2695","1"
"Guadalajara","4004078","2025-08-16","Gabriel Milito","2025-07-20","2026-04-26","Gabriel Alejandro Milito","2695","1"
"Guadalajara","4004087","2025-08-23","Gabriel Milito","2025-07-20","2026-04-26","Gabriel Alejandro Milito","2695","1"
"Guadalajara","4004098","2025-08-31","Gabriel Milito","2025-07-20","2026-04-26","Gabriel Alejandro Milito","2695","1"
"Guadalajara","4004103","2025-09-14","Gabriel Milito","2025-07-20","2026-04-26","Gabriel Alejandro Milito","2695","1"
"Guadalajara","4004112","2025-09-18","Gabriel Milito","2025-07-20","2026-04-26","Gabriel Alejandro Milito","2695","1"
"Guadalajara","4004120","2025-09-21","Gabriel Milito","2025-07-20","2026-04-26","Gabriel Alejandro Milito","2695","1"
"Guadalajara","4004125","2025-09-24","Gabriel Milito","2025-07-20","2026-04-26","Gabriel Alejandro Milito","2695","1"
"Guadalajara","4004131","2025-09-27","Gabriel Milito","2025-07-20","2026-04-26","Gabriel Alejandro Milito","2695","1"
"Guadalajara","4004147","2025-10-06","Gabriel Milito","2025-07-20","2026-04-26","Gabriel Alejandro Milito","2695","1"
"Guadalajara","4004154","2025-10-19","Gabriel Milito","2025-07-20","2026-04-26","Gabriel Alejandro Milito","2695","1"
"Guadalajara","4004163","2025-10-23","Gabriel Milito","2025-07-20","2026-04-26","Gabriel Alejandro Milito","2695","1"
"Guadalajara","4004172","2025-10-26","Gabriel Milito","2025-07-20","2026-04-26","Gabriel Alejandro Milito","2695","1"
"Guadalajara","4004184","2025-11-03","Gabriel Milito","2025-07-20","2026-04-26","Gabriel Alejandro Milito","2695","1"
"Guadalajara","4004188","2025-11-08","Gabriel Milito","2025-07-20","2026-04-26","Gabriel Alejandro Milito","2695","1"
"Guadalajara","4038805","2026-01-10","Gabriel Milito","2025-07-20","2026-04-26","Gabriel Alejandro Milito","2695","1"
"Guadalajara","4038813","2026-01-14","Gabriel Milito","2025-07-20","2026-04-26","Gabriel Alejandro Milito","2695","1"
"Guadalajara","4038822","2026-01-17","Gabriel Milito","2025-07-20","2026-04-26","Gabriel Alejandro Milito","2695","1"
"Guadalajara","4038836","2026-01-31","Gabriel Milito","2025-07-20","2026-04-26","Gabriel Alejandro Milito","2695","1"
"Guadalajara","4038840","2026-02-07","Gabriel Milito","2025-07-20","2026-04-26","Gabriel Alejandro Milito","2695","1"
"Guadalajara","4038852","2026-02-15","Gabriel Milito","2025-07-20","2026-04-26","Gabriel Alejandro Milito","2695","1"
"Guadalajara","4038858","2026-02-22","Gabriel Milito","2025-07-20","2026-04-26","Gabriel Alejandro Milito","2695","1"
"Guadalajara","4038870","2026-02-28","Gabriel Milito","2025-07-20","2026-04-26","Gabriel Alejandro Milito","2695","1"
"Guadalajara","4038884","2026-03-08","Gabriel Milito","2025-07-20","2026-04-26","Gabriel Alejandro Milito","2695","1"
"Guadalajara","4038897","2026-03-14","Gabriel Milito","2025-07-20","2026-04-26","Gabriel Alejandro Milito","2695","1"
"Guadalajara","4038899","2026-03-19","Gabriel Milito","2025-07-20","2026-04-26","Gabriel Alejandro Milito","2695","1"
"Guadalajara","4038905","2026-03-22","Gabriel Milito","2025-07-20","2026-04-26","Gabriel Alejandro Milito","2695","1"
"Guadalajara","4038917","2026-04-06","Gabriel Milito","2025-07-20","2026-04-26","Gabriel Alejandro Milito","2695","1"
"Guadalajara","4038925","2026-04-11","Gabriel Milito","2025-07-20","2026-04-26","Gabriel Alejandro Milito","2695","1"
"Guadalajara","4038930","2026-04-19","Gabriel Milito","2025-07-20","2026-04-26","Gabriel Alejandro Milito","2695","1"
"Guadalajara","4038940","2026-04-23","Gabriel Milito","2025-07-20","2026-04-26","Gabriel Alejandro Milito","2695","1"
"Guadalajara","4038951","2026-04-26","Gabriel Milito","2025-07-20","2026-04-26","Gabriel Alejandro Milito","2695","1"
"Juárez","3799437","2021-07-24","Ricardo Ferretti","2021-07-24","2022-04-30","Ricardo Ferretti","3391","1"
"Juárez","3799431","2021-08-01","Ricardo Ferretti","2021-07-24","2022-04-30","Ricardo Ferretti","3391","1"
"Juárez","3799483","2021-08-08","Ricardo Ferretti","2021-07-24","2022-04-30","Ricardo Ferretti","3391","1"
"Juárez","3799484","2021-08-14","Ricardo Ferretti","2021-07-24","2022-04-30","Ricardo Ferretti","3391","1"
"Juárez","3799416","2021-08-19","Ricardo Ferretti","2021-07-24","2022-04-30","Ricardo Ferretti","3391","1"
"Juárez","3799454","2021-08-23","Ricardo Ferretti","2021-07-24","2022-04-30","Ricardo Ferretti","3391","1"
"Juárez","3799367","2021-08-29","Ricardo Ferretti","2021-07-24","2022-04-30","Ricardo Ferretti","3391","1"
"Juárez","3799470","2021-09-11","Ricardo Ferretti","2021-07-24","2022-04-30","Ricardo Ferretti","3391","1"
"Juárez","3799354","2021-09-19","Ricardo Ferretti","2021-07-24","2022-04-30","Ricardo Ferretti","3391","1"
"Juárez","3799426","2021-09-22","Ricardo Ferretti","2021-07-24","2022-04-30","Ricardo Ferretti","3391","1"
"Juárez","3799460","2021-09-29","Ricardo Ferretti","2021-07-24","2022-04-30","Ricardo Ferretti","3391","1"
"Juárez","3799383","2021-10-02","Ricardo Ferretti","2021-07-24","2022-04-30","Ricardo Ferretti","3391","1"
"Juárez","3799467","2021-10-09","Ricardo Ferretti","2021-07-24","2022-04-30","Ricardo Ferretti","3391","1"
"Juárez","3799360","2021-10-17","Ricardo Ferretti","2021-07-24","2022-04-30","Ricardo Ferretti","3391","1"
"Juárez","3799456","2021-10-25","Ricardo Ferretti","2021-07-24","2022-04-30","Ricardo Ferretti","3391","1"
"Juárez","3799363","2021-10-30","Ricardo Ferretti","2021-07-24","2022-04-30","Ricardo Ferretti","3391","1"
"Juárez","3799478","2021-11-07","Ricardo Ferretti","2021-07-24","2022-04-30","Ricardo Ferretti","3391","1"
"Juárez","3816793","2022-01-08","Ricardo Ferretti","2021-07-24","2022-04-30","Ricardo Ferretti","3391","1"
"Juárez","3816780","2022-01-16","Ricardo Ferretti","2021-07-24","2022-04-30","Ricardo Ferretti","3391","1"
"Juárez","3816753","2022-01-21","Ricardo Ferretti","2021-07-24","2022-04-30","Ricardo Ferretti","3391","1"
"Juárez","3816700","2022-02-10","Ricardo Ferretti","2021-07-24","2022-04-30","Ricardo Ferretti","3391","1"
"Juárez","3816689","2022-02-19","Ricardo Ferretti","2021-07-24","2022-04-30","Ricardo Ferretti","3391","1"
"Juárez","3816672","2022-02-26","Ricardo Ferretti","2021-07-24","2022-04-30","Ricardo Ferretti","3391","1"
"Juárez","3816722","2022-03-02","Ricardo Ferretti","2021-07-24","2022-04-30","Ricardo Ferretti","3391","1"
"Juárez","3816792","2022-03-05","Ricardo Ferretti","2021-07-24","2022-04-30","Ricardo Ferretti","3391","1"
"Juárez","3816699","2022-03-12","Ricardo Ferretti","2021-07-24","2022-04-30","Ricardo Ferretti","3391","1"
"Juárez","3816710","2022-03-16","Ricardo Ferretti","2021-07-24","2022-04-30","Ricardo Ferretti","3391","1"
"Juárez","3816764","2022-03-21","Ricardo Ferretti","2021-07-24","2022-04-30","Ricardo Ferretti","3391","1"
"Juárez","3816698","2022-04-03","Ricardo Ferretti","2021-07-24","2022-04-30","Ricardo Ferretti","3391","1"
"Juárez","3816737","2022-04-10","Ricardo Ferretti","2021-07-24","2022-04-30","Ricardo Ferretti","3391","1"
"Juárez","3816728","2022-04-16","Ricardo Ferretti","2021-07-24","2022-04-30","Ricardo Ferretti","3391","1"
"Juárez","3816744","2022-04-20","Ricardo Ferretti","2021-07-24","2022-04-30","Ricardo Ferretti","3391","1"
"Juárez","3816754","2022-04-23","Ricardo Ferretti","2021-07-24","2022-04-30","Ricardo Ferretti","3391","1"
"Juárez","3816739","2022-04-30","Ricardo Ferretti","2021-07-24","2022-04-30","Ricardo Ferretti","3391","1"
"Juárez","3835103","2022-07-02","Hernan Cristante","2022-07-02","2023-04-10","Rolando Hernán Cristante Mandarino","5543","1"
"Juárez","3835112","2022-07-09","Hernan Cristante","2022-07-02","2023-04-10","Rolando Hernán Cristante Mandarino","5543","1"
"Juárez","3835121","2022-07-16","Hernan Cristante","2022-07-02","2023-04-10","Rolando Hernán Cristante Mandarino","5543","1"
"Juárez","3835131","2022-07-23","Hernan Cristante","2022-07-02","2023-04-10","Rolando Hernán Cristante Mandarino","5543","1"
"Juárez","3835138","2022-07-27","Hernan Cristante","2022-07-02","2023-04-10","Rolando Hernán Cristante Mandarino","5543","1"
"Juárez","3835145","2022-07-30","Hernan Cristante","2022-07-02","2023-04-10","Rolando Hernán Cristante Mandarino","5543","1"
"Juárez","3835155","2022-08-04","Hernan Cristante","2022-07-02","2023-04-10","Rolando Hernán Cristante Mandarino","5543","1"
"Juárez","3835162","2022-08-08","Hernan Cristante","2022-07-02","2023-04-10","Rolando Hernán Cristante Mandarino","5543","1"
"Juárez","3835175","2022-08-17","Hernan Cristante","2022-07-02","2023-04-10","Rolando Hernán Cristante Mandarino","5543","1"
"Juárez","3835182","2022-08-21","Hernan Cristante","2022-07-02","2023-04-10","Rolando Hernán Cristante Mandarino","5543","1"
"Juárez","3835197","2022-08-27","Hernan Cristante","2022-07-02","2023-04-10","Rolando Hernán Cristante Mandarino","5543","1"
"Juárez","3835209","2022-09-03","Hernan Cristante","2022-07-02","2023-04-10","Rolando Hernán Cristante Mandarino","5543","1"
"Juárez","3835215","2022-09-07","Hernan Cristante","2022-07-02","2023-04-10","Rolando Hernán Cristante Mandarino","5543","1"
"Juárez","3835224","2022-09-10","Hernan Cristante","2022-07-02","2023-04-10","Rolando Hernán Cristante Mandarino","5543","1"
"Juárez","3835168","2022-09-15","Hernan Cristante","2022-07-02","2023-04-10","Rolando Hernán Cristante Mandarino","5543","1"
"Juárez","3835242","2022-09-19","Hernan Cristante","2022-07-02","2023-04-10","Rolando Hernán Cristante Mandarino","5543","1"
"Juárez","3835246","2022-10-01","Hernan Cristante","2022-07-02","2023-04-10","Rolando Hernán Cristante Mandarino","5543","1"
"Juárez","3870378","2023-01-08","Hernan Cristante","2022-07-02","2023-04-10","Rolando Hernán Cristante Mandarino","5543","1"
"Juárez","3870390","2023-01-15","Hernan Cristante","2022-07-02","2023-04-10","Rolando Hernán Cristante Mandarino","5543","1"
"Juárez","3870400","2023-01-23","Hernan Cristante","2022-07-02","2023-04-10","Rolando Hernán Cristante Mandarino","5543","1"
"Juárez","3870408","2023-01-29","Hernan Cristante","2022-07-02","2023-04-10","Rolando Hernán Cristante Mandarino","5543","1"
"Juárez","3870413","2023-02-04","Hernan Cristante","2022-07-02","2023-04-10","Rolando Hernán Cristante Mandarino","5543","1"
"Juárez","3870427","2023-02-12","Hernan Cristante","2022-07-02","2023-04-10","Rolando Hernán Cristante Mandarino","5543","1"
"Juárez","3870429","2023-02-15","Hernan Cristante","2022-07-02","2023-04-10","Rolando Hernán Cristante Mandarino","5543","1"
"Juárez","3870436","2023-02-18","Hernan Cristante","2022-07-02","2023-04-10","Rolando Hernán Cristante Mandarino","5543","1"
"Juárez","3870450","2023-02-25","Hernan Cristante","2022-07-02","2023-04-10","Rolando Hernán Cristante Mandarino","5543","1"
"Juárez","3870461","2023-03-05","Hernan Cristante","2022-07-02","2023-04-10","Rolando Hernán Cristante Mandarino","5543","1"
"Juárez","3870471","2023-03-13","Hernan Cristante","2022-07-02","2023-04-10","Rolando Hernán Cristante Mandarino","5543","1"
"Juárez","3870481","2023-03-20","Hernan Cristante","2022-07-02","2023-04-10","Rolando Hernán Cristante Mandarino","5543","1"
"Juárez","3870483","2023-04-01","Hernan Cristante","2022-07-02","2023-04-10","Rolando Hernán Cristante Mandarino","5543","1"
"Juárez","3870500","2023-04-10","Hernan Cristante","2022-07-02","2023-04-10","Rolando Hernán Cristante Mandarino","5543","1"
"Juárez","3870501","2023-04-14","Diego Andrei Mejia Campo","2023-04-14","2024-01-29","Diego Andrei Mejía Campo","1002763","1"
"Juárez","3870515","2023-04-23","Diego Andrei Mejia Campo","2023-04-14","2024-01-29","Diego Andrei Mejía Campo","1002763","1"
"Juárez","3870520","2023-04-29","Diego Andrei Mejia Campo","2023-04-14","2024-01-29","Diego Andrei Mejía Campo","1002763","1"
"Juárez","3889637","2023-07-01","Diego Andrei Mejia Campo","2023-04-14","2024-01-29","Diego Andrei Mejía Campo","1002763","1"
"Juárez","3889647","2023-07-09","Diego Andrei Mejia Campo","2023-04-14","2024-01-29","Diego Andrei Mejía Campo","1002763","1"
"Juárez","3889662","2023-07-16","Diego Andrei Mejia Campo","2023-04-14","2024-01-29","Diego Andrei Mejía Campo","1002763","1"
"Juárez","3889665","2023-08-19","Diego Andrei Mejia Campo","2023-04-14","2024-01-29","Diego Andrei Mejía Campo","1002763","1"
"Juárez","3889680","2023-08-23","Diego Andrei Mejia Campo","2023-04-14","2024-01-29","Diego Andrei Mejía Campo","1002763","1"
"Juárez","3889683","2023-08-26","Diego Andrei Mejia Campo","2023-04-14","2024-01-29","Diego Andrei Mejía Campo","1002763","1"
"Juárez","3889691","2023-09-02","Diego Andrei Mejia Campo","2023-04-14","2024-01-29","Diego Andrei Mejía Campo","1002763","1"
"Juárez","3889705","2023-09-16","Diego Andrei Mejia Campo","2023-04-14","2024-01-29","Diego Andrei Mejía Campo","1002763","1"
"Juárez","3889710","2023-09-23","Diego Andrei Mejia Campo","2023-04-14","2024-01-29","Diego Andrei Mejía Campo","1002763","1"
"Juárez","3889719","2023-09-30","Diego Andrei Mejia Campo","2023-04-14","2024-01-29","Diego Andrei Mejía Campo","1002763","1"
"Juárez","3889736","2023-10-07","Diego Andrei Mejia Campo","2023-04-14","2024-01-29","Diego Andrei Mejía Campo","1002763","1"
"Juárez","3889743","2023-10-21","Diego Andrei Mejia Campo","2023-04-14","2024-01-29","Diego Andrei Mejía Campo","1002763","1"
"Juárez","3889752","2023-10-26","Diego Andrei Mejia Campo","2023-04-14","2024-01-29","Diego Andrei Mejía Campo","1002763","1"
"Juárez","3889761","2023-10-30","Diego Andrei Mejia Campo","2023-04-14","2024-01-29","Diego Andrei Mejía Campo","1002763","1"
"Juárez","3889771","2023-11-02","Diego Andrei Mejia Campo","2023-04-14","2024-01-29","Diego Andrei Mejía Campo","1002763","1"
"Juárez","3889778","2023-11-06","Diego Andrei Mejia Campo","2023-04-14","2024-01-29","Diego Andrei Mejía Campo","1002763","1"
"Juárez","3889788","2023-11-13","Diego Andrei Mejia Campo","2023-04-14","2024-01-29","Diego Andrei Mejía Campo","1002763","1"
"Juárez","3918955","2024-01-14","Diego Andrei Mejia Campo","2023-04-14","2024-01-29","Diego Andrei Mejía Campo","1002763","1"
"Juárez","3918963","2024-01-20","Diego Andrei Mejia Campo","2023-04-14","2024-01-29","Diego Andrei Mejía Campo","1002763","1"
"Juárez","3918969","2024-01-25","Diego Andrei Mejia Campo","2023-04-14","2024-01-29","Diego Andrei Mejía Campo","1002763","1"
"Juárez","3918977","2024-01-29","Diego Andrei Mejia Campo","2023-04-14","2024-01-29","Diego Andrei Mejía Campo","1002763","1"
"Juárez","3918989","2024-02-03","Juan Torres","2024-02-03","2024-02-03","Juan Antonio Torres Servín","1004307","1"
"Juárez","3919002","2024-02-10","Mauricio Barbieri","2024-02-10","2024-10-28","Maurício Nogueira Barbieri","5054","1"
"Juárez","3919020","2024-02-24","Mauricio Barbieri","2024-02-10","2024-10-28","Maurício Nogueira Barbieri","5054","1"
"Juárez","3919030","2024-02-29","Mauricio Barbieri","2024-02-10","2024-10-28","Maurício Nogueira Barbieri","5054","1"
"Juárez","3919035","2024-03-03","Mauricio Barbieri","2024-02-10","2024-10-28","Maurício Nogueira Barbieri","5054","1"
"Juárez","3919040","2024-03-09","Mauricio Barbieri","2024-02-10","2024-10-28","Maurício Nogueira Barbieri","5054","1"
"Juárez","3919050","2024-03-16","Mauricio Barbieri","2024-02-10","2024-10-28","Maurício Nogueira Barbieri","5054","1"
"Juárez","3919007","2024-03-24","Mauricio Barbieri","2024-02-10","2024-10-28","Maurício Nogueira Barbieri","5054","1"
"Juárez","3919066","2024-04-01","Mauricio Barbieri","2024-02-10","2024-10-28","Maurício Nogueira Barbieri","5054","1"
"Juárez","3919075","2024-04-08","Mauricio Barbieri","2024-02-10","2024-10-28","Maurício Nogueira Barbieri","5054","1"
"Juárez","3919083","2024-04-15","Mauricio Barbieri","2024-02-10","2024-10-28","Maurício Nogueira Barbieri","5054","1"
"Juárez","3919086","2024-04-20","Mauricio Barbieri","2024-02-10","2024-10-28","Maurício Nogueira Barbieri","5054","1"
"Juárez","3919098","2024-04-27","Mauricio Barbieri","2024-02-10","2024-10-28","Maurício Nogueira Barbieri","5054","1"
"Juárez","3939817","2024-07-06","Mauricio Barbieri","2024-02-10","2024-10-28","Maurício Nogueira Barbieri","5054","1"
"Juárez","3939831","2024-07-14","Mauricio Barbieri","2024-02-10","2024-10-28","Maurício Nogueira Barbieri","5054","1"
"Juárez","3939839","2024-07-18","Mauricio Barbieri","2024-02-10","2024-10-28","Maurício Nogueira Barbieri","5054","1"
"Juárez","3939848","2024-07-21","Mauricio Barbieri","2024-02-10","2024-10-28","Maurício Nogueira Barbieri","5054","1"
"Juárez","3939855","2024-08-24","Mauricio Barbieri","2024-02-10","2024-10-28","Maurício Nogueira Barbieri","5054","1"
"Juárez","3939865","2024-08-31","Mauricio Barbieri","2024-02-10","2024-10-28","Maurício Nogueira Barbieri","5054","1"
"Juárez","3939872","2024-09-14","Mauricio Barbieri","2024-02-10","2024-10-28","Maurício Nogueira Barbieri","5054","1"
"Juárez","3939886","2024-09-19","Mauricio Barbieri","2024-02-10","2024-10-28","Maurício Nogueira Barbieri","5054","1"
"Juárez","3939896","2024-09-23","Mauricio Barbieri","2024-02-10","2024-10-28","Maurício Nogueira Barbieri","5054","1"
"Juárez","3939898","2024-09-28","Mauricio Barbieri","2024-02-10","2024-10-28","Maurício Nogueira Barbieri","5054","1"
"Juárez","3939914","2024-10-07","Mauricio Barbieri","2024-02-10","2024-10-28","Maurício Nogueira Barbieri","5054","1"
"Juárez","3939922","2024-10-20","Mauricio Barbieri","2024-02-10","2024-10-28","Maurício Nogueira Barbieri","5054","1"
"Juárez","3939931","2024-10-24","Mauricio Barbieri","2024-02-10","2024-10-28","Maurício Nogueira Barbieri","5054","1"
"Juárez","3939940","2024-10-28","Mauricio Barbieri","2024-02-10","2024-10-28","Maurício Nogueira Barbieri","5054","1"
"Juárez","3939945","2024-11-02","Salvador Valero","2024-11-02","2024-11-10","Salvador Valero García","1005640","1"
"Juárez","3939958","2024-11-07","Salvador Valero","2024-11-02","2024-11-10","Salvador Valero García","1005640","1"
"Juárez","3939964","2024-11-10","Salvador Valero","2024-11-02","2024-11-10","Salvador Valero García","1005640","1"
"Juárez","3972015","2025-01-11","Martin Varini","2025-01-11","2025-11-08","Martín Varini Di Zioli","6035","1"
"Juárez","3972029","2025-01-18","Martin Varini","2025-01-11","2025-11-08","Martín Varini Di Zioli","6035","1"
"Juárez","3972035","2025-01-25","Martin Varini","2025-01-11","2025-11-08","Martín Varini Di Zioli","6035","1"
"Juárez","3972048","2025-01-30","Martin Varini","2025-01-11","2025-11-08","Martín Varini Di Zioli","6035","1"
"Juárez","3972053","2025-02-01","Martin Varini","2025-01-11","2025-11-08","Martín Varini Di Zioli","6035","1"
"Juárez","3972063","2025-02-09","Martin Varini","2025-01-11","2025-11-08","Martín Varini Di Zioli","6035","1"
"Juárez","3972070","2025-02-15","Martin Varini","2025-01-11","2025-11-08","Martín Varini Di Zioli","6035","1"
"Juárez","3972083","2025-02-22","Martin Varini","2025-01-11","2025-11-08","Martín Varini Di Zioli","6035","1"
"Juárez","3972092","2025-02-26","Martin Varini","2025-01-11","2025-11-08","Martín Varini Di Zioli","6035","1"
"Juárez","3972099","2025-03-01","Martin Varini","2025-01-11","2025-11-08","Martín Varini Di Zioli","6035","1"
"Juárez","3972105","2025-03-08","Martin Varini","2025-01-11","2025-11-08","Martín Varini Di Zioli","6035","1"
"Juárez","3972119","2025-03-16","Martin Varini","2025-01-11","2025-11-08","Martín Varini Di Zioli","6035","1"
"Juárez","3972124","2025-03-29","Martin Varini","2025-01-11","2025-11-08","Martín Varini Di Zioli","6035","1"
"Juárez","3972137","2025-04-05","Martin Varini","2025-01-11","2025-11-08","Martín Varini Di Zioli","6035","1"
"Juárez","3972144","2025-04-12","Martin Varini","2025-01-11","2025-11-08","Martín Varini Di Zioli","6035","1"
"Juárez","3972151","2025-04-16","Martin Varini","2025-01-11","2025-11-08","Martín Varini Di Zioli","6035","1"
"Juárez","3972160","2025-04-21","Martin Varini","2025-01-11","2025-11-08","Martín Varini Di Zioli","6035","1"
"Juárez","4004042","2025-07-12","Martin Varini","2025-01-11","2025-11-08","Martín Varini Di Zioli","6035","1"
"Juárez","4004055","2025-07-20","Martin Varini","2025-01-11","2025-11-08","Martín Varini Di Zioli","6035","1"
"Juárez","4004060","2025-07-26","Martin Varini","2025-01-11","2025-11-08","Martín Varini Di Zioli","6035","1"
"Juárez","4004074","2025-08-12","Martin Varini","2025-01-11","2025-11-08","Martín Varini Di Zioli","6035","1"
"Juárez","4004078","2025-08-16","Martin Varini","2025-01-11","2025-11-08","Martín Varini Di Zioli","6035","1"
"Juárez","4004085","2025-08-23","Martin Varini","2025-01-11","2025-11-08","Martín Varini Di Zioli","6035","1"
"Juárez","4004095","2025-08-30","Martin Varini","2025-01-11","2025-11-08","Martín Varini Di Zioli","6035","1"
"Juárez","4004104","2025-09-13","Martin Varini","2025-01-11","2025-11-08","Martín Varini Di Zioli","6035","1"
"Juárez","4004113","2025-09-20","Martin Varini","2025-01-11","2025-11-08","Martín Varini Di Zioli","6035","1"
"Juárez","4004123","2025-09-24","Martin Varini","2025-01-11","2025-11-08","Martín Varini Di Zioli","6035","1"
"Juárez","4004132","2025-09-27","Martin Varini","2025-01-11","2025-11-08","Martín Varini Di Zioli","6035","1"
"Juárez","4004142","2025-10-04","Martin Varini","2025-01-11","2025-11-08","Martín Varini Di Zioli","6035","1"
"Juárez","4004156","2025-10-18","Martin Varini","2025-01-11","2025-11-08","Martín Varini Di Zioli","6035","1"
"Juárez","4004160","2025-10-22","Martin Varini","2025-01-11","2025-11-08","Martín Varini Di Zioli","6035","1"
"Juárez","4004167","2025-10-25","Martin Varini","2025-01-11","2025-11-08","Martín Varini Di Zioli","6035","1"
"Juárez","4004177","2025-11-01","Martin Varini","2025-01-11","2025-11-08","Martín Varini Di Zioli","6035","1"
"Juárez","4004185","2025-11-08","Martin Varini","2025-01-11","2025-11-08","Martín Varini Di Zioli","6035","1"
"Juárez","4038801","2026-01-10","Pedro Caixinha","2026-01-10","2026-04-26","Pedro Miguel Faria Caixinha","4113","1"
"Juárez","4038813","2026-01-14","Pedro Caixinha","2026-01-10","2026-04-26","Pedro Miguel Faria Caixinha","4113","1"
"Juárez","4038826","2026-01-18","Pedro Caixinha","2026-01-10","2026-04-26","Pedro Miguel Faria Caixinha","4113","1"
"Juárez","4038829","2026-01-31","Pedro Caixinha","2026-01-10","2026-04-26","Pedro Miguel Faria Caixinha","4113","1"
"Juárez","4038844","2026-02-08","Pedro Caixinha","2026-01-10","2026-04-26","Pedro Miguel Faria Caixinha","4113","1"
"Juárez","4038848","2026-02-15","Pedro Caixinha","2026-01-10","2026-04-26","Pedro Miguel Faria Caixinha","4113","1"
"Juárez","4038867","2026-02-28","Pedro Caixinha","2026-01-10","2026-04-26","Pedro Miguel Faria Caixinha","4113","1"
"Juárez","4038878","2026-03-05","Pedro Caixinha","2026-01-10","2026-04-26","Pedro Miguel Faria Caixinha","4113","1"
"Juárez","4038887","2026-03-08","Pedro Caixinha","2026-01-10","2026-04-26","Pedro Miguel Faria Caixinha","4113","1"
"Juárez","4038890","2026-03-14","Pedro Caixinha","2026-01-10","2026-04-26","Pedro Miguel Faria Caixinha","4113","1"
"Juárez","4038907","2026-03-23","Pedro Caixinha","2026-01-10","2026-04-26","Pedro Miguel Faria Caixinha","4113","1"
"Juárez","4038909","2026-04-04","Pedro Caixinha","2026-01-10","2026-04-26","Pedro Miguel Faria Caixinha","4113","1"
"Juárez","4038863","2026-04-08","Pedro Caixinha","2026-01-10","2026-04-26","Pedro Miguel Faria Caixinha","4113","1"
"Juárez","4038919","2026-04-11","Pedro Caixinha","2026-01-10","2026-04-26","Pedro Miguel Faria Caixinha","4113","1"
"Juárez","4038932","2026-04-19","Pedro Caixinha","2026-01-10","2026-04-26","Pedro Miguel Faria Caixinha","4113","1"
"Juárez","4038938","2026-04-22","Pedro Caixinha","2026-01-10","2026-04-26","Pedro Miguel Faria Caixinha","4113","1"
"Juárez","4038948","2026-04-26","Pedro Caixinha","2026-01-10","2026-04-26","Pedro Miguel Faria Caixinha","4113","1"
"León","3799420","2021-07-24","Ariel Holan","2021-07-24","2022-04-21","Ariel Enrique Holan","2898","1"
"León","3799403","2021-07-31","Ariel Holan","2021-07-24","2022-04-21","Ariel Enrique Holan","2898","1"
"León","3799497","2021-08-06","Ariel Holan","2021-07-24","2022-04-21","Ariel Enrique Holan","2898","1"
"León","3799415","2021-08-15","Ariel Holan","2021-07-24","2022-04-21","Ariel Enrique Holan","2898","1"
"León","3799440","2021-08-19","Ariel Holan","2021-07-24","2022-04-21","Ariel Enrique Holan","2898","1"
"León","3799393","2021-08-22","Ariel Holan","2021-07-24","2022-04-21","Ariel Enrique Holan","2898","1"
"León","3799449","2021-08-29","Ariel Holan","2021-07-24","2022-04-21","Ariel Enrique Holan","2898","1"
"León","3799459","2021-09-12","Ariel Holan","2021-07-24","2022-04-21","Ariel Enrique Holan","2898","1"
"León","3799354","2021-09-19","Ariel Holan","2021-07-24","2022-04-21","Ariel Enrique Holan","2898","1"
"León","3799401","2021-09-25","Ariel Holan","2021-07-24","2022-04-21","Ariel Enrique Holan","2898","1"
"León","3799453","2021-10-02","Ariel Holan","2021-07-24","2022-04-21","Ariel Enrique Holan","2898","1"
"León","3799430","2021-10-16","Ariel Holan","2021-07-24","2022-04-21","Ariel Enrique Holan","2898","1"
"León","3799466","2021-10-21","Ariel Holan","2021-07-24","2022-04-21","Ariel Enrique Holan","2898","1"
"León","3799476","2021-10-23","Ariel Holan","2021-07-24","2022-04-21","Ariel Enrique Holan","2898","1"
"León","3799384","2021-10-31","Ariel Holan","2021-07-24","2022-04-21","Ariel Enrique Holan","2898","1"
"León","3799468","2021-11-04","Ariel Holan","2021-07-24","2022-04-21","Ariel Enrique Holan","2898","1"
"León","3799395","2021-11-06","Ariel Holan","2021-07-24","2022-04-21","Ariel Enrique Holan","2898","1"
"León","3816813","2022-01-16","Ariel Holan","2021-07-24","2022-04-21","Ariel Enrique Holan","2898","1"
"León","3816771","2022-01-20","Ariel Holan","2021-07-24","2022-04-21","Ariel Enrique Holan","2898","1"
"León","3816684","2022-01-23","Ariel Holan","2021-07-24","2022-04-21","Ariel Enrique Holan","2898","1"
"León","3816788","2022-02-08","Ariel Holan","2021-07-24","2022-04-21","Ariel Enrique Holan","2898","1"
"León","3816777","2022-02-13","Ariel Holan","2021-07-24","2022-04-21","Ariel Enrique Holan","2898","1"
"León","3816709","2022-02-20","Ariel Holan","2021-07-24","2022-04-21","Ariel Enrique Holan","2898","1"
"León","3816701","2022-02-26","Ariel Holan","2021-07-24","2022-04-21","Ariel Enrique Holan","2898","1"
"León","3816742","2022-03-02","Ariel Holan","2021-07-24","2022-04-21","Ariel Enrique Holan","2898","1"
"León","3816792","2022-03-05","Ariel Holan","2021-07-24","2022-04-21","Ariel Enrique Holan","2898","1"
"León","3816665","2022-03-12","Ariel Holan","2021-07-24","2022-04-21","Ariel Enrique Holan","2898","1"
"León","3816797","2022-03-21","Ariel Holan","2021-07-24","2022-04-21","Ariel Enrique Holan","2898","1"
"León","3816678","2022-04-03","Ariel Holan","2021-07-24","2022-04-21","Ariel Enrique Holan","2898","1"
"León","3816755","2022-04-09","Ariel Holan","2021-07-24","2022-04-21","Ariel Enrique Holan","2898","1"
"León","3816791","2022-04-16","Ariel Holan","2021-07-24","2022-04-21","Ariel Enrique Holan","2898","1"
"León","3816673","2022-04-21","Ariel Holan","2021-07-24","2022-04-21","Ariel Enrique Holan","2898","1"
"León","3816799","2022-04-25","Christian Martinez Cedillo","2022-04-25","2022-05-02","Christian Martínez Cedillo","1001390","1"
"León","3816811","2022-05-02","Christian Martinez Cedillo","2022-04-25","2022-05-02","Christian Martínez Cedillo","1001390","1"
"León","3835107","2022-07-03","Renato Paiva","2022-07-03","2022-10-03","Renato Manuel Alves Paiva","5876","1"
"León","3835117","2022-07-10","Renato Paiva","2022-07-03","2022-10-03","Renato Manuel Alves Paiva","5876","1"
"León","3835120","2022-07-16","Renato Paiva","2022-07-03","2022-10-03","Renato Manuel Alves Paiva","5876","1"
"León","3835128","2022-07-21","Renato Paiva","2022-07-03","2022-10-03","Renato Manuel Alves Paiva","5876","1"
"León","3835140","2022-07-27","Renato Paiva","2022-07-03","2022-10-03","Renato Manuel Alves Paiva","5876","1"
"León","3835152","2022-08-01","Renato Paiva","2022-07-03","2022-10-03","Renato Manuel Alves Paiva","5876","1"
"León","3835161","2022-08-07","Renato Paiva","2022-07-03","2022-10-03","Renato Manuel Alves Paiva","5876","1"
"León","3835171","2022-08-13","Renato Paiva","2022-07-03","2022-10-03","Renato Manuel Alves Paiva","5876","1"
"León","3835181","2022-08-19","Renato Paiva","2022-07-03","2022-10-03","Renato Manuel Alves Paiva","5876","1"
"León","3835189","2022-08-22","Renato Paiva","2022-07-03","2022-10-03","Renato Manuel Alves Paiva","5876","1"
"León","3835205","2022-08-29","Renato Paiva","2022-07-03","2022-10-03","Renato Manuel Alves Paiva","5876","1"
"León","3835208","2022-09-03","Renato Paiva","2022-07-03","2022-10-03","Renato Manuel Alves Paiva","5876","1"
"León","3835215","2022-09-07","Renato Paiva","2022-07-03","2022-10-03","Renato Manuel Alves Paiva","5876","1"
"León","3835228","2022-09-11","Renato Paiva","2022-07-03","2022-10-03","Renato Manuel Alves Paiva","5876","1"
"León","3835193","2022-09-16","Renato Paiva","2022-07-03","2022-10-03","Renato Manuel Alves Paiva","5876","1"
"León","3835240","2022-09-19","Renato Paiva","2022-07-03","2022-10-03","Renato Manuel Alves Paiva","5876","1"
"León","3835252","2022-10-03","Renato Paiva","2022-07-03","2022-10-03","Renato Manuel Alves Paiva","5876","1"
"León","3870392","2023-01-17","Nicolas Larcamon","2023-01-17","2023-11-13","Nicolás Ricardo Larcamón","3629","1"
"León","3870397","2023-01-22","Nicolas Larcamon","2023-01-17","2023-11-13","Nicolás Ricardo Larcamón","3629","1"
"León","3870407","2023-01-29","Nicolas Larcamon","2023-01-17","2023-11-13","Nicolás Ricardo Larcamón","3629","1"
"León","3870417","2023-02-04","Nicolas Larcamon","2023-01-17","2023-11-13","Nicolás Ricardo Larcamón","3629","1"
"León","3870421","2023-02-10","Nicolas Larcamon","2023-01-17","2023-11-13","Nicolás Ricardo Larcamón","3629","1"
"León","3870430","2023-02-15","Nicolas Larcamon","2023-01-17","2023-11-13","Nicolás Ricardo Larcamón","3629","1"
"León","3870436","2023-02-18","Nicolas Larcamon","2023-01-17","2023-11-13","Nicolás Ricardo Larcamón","3629","1"
"León","3870455","2023-02-28","Nicolas Larcamon","2023-01-17","2023-11-13","Nicolás Ricardo Larcamón","3629","1"
"León","3870460","2023-03-04","Nicolas Larcamon","2023-01-17","2023-11-13","Nicolás Ricardo Larcamón","3629","1"
"León","3870468","2023-03-11","Nicolas Larcamon","2023-01-17","2023-11-13","Nicolás Ricardo Larcamón","3629","1"
"León","3870482","2023-03-20","Nicolas Larcamon","2023-01-17","2023-11-13","Nicolás Ricardo Larcamón","3629","1"
"León","3870375","2023-03-25","Nicolas Larcamon","2023-01-17","2023-11-13","Nicolás Ricardo Larcamón","3629","1"
"León","3870489","2023-04-02","Nicolas Larcamon","2023-01-17","2023-11-13","Nicolás Ricardo Larcamón","3629","1"
"León","3870497","2023-04-09","Nicolas Larcamon","2023-01-17","2023-11-13","Nicolás Ricardo Larcamón","3629","1"
"León","3870506","2023-04-16","Nicolas Larcamon","2023-01-17","2023-11-13","Nicolás Ricardo Larcamón","3629","1"
"León","3870511","2023-04-22","Nicolas Larcamon","2023-01-17","2023-11-13","Nicolás Ricardo Larcamón","3629","1"
"León","3870526","2023-05-01","Nicolas Larcamon","2023-01-17","2023-11-13","Nicolás Ricardo Larcamón","3629","1"
"León","3889645","2023-07-04","Nicolas Larcamon","2023-01-17","2023-11-13","Nicolás Ricardo Larcamón","3629","1"
"León","3889654","2023-07-11","Nicolas Larcamon","2023-01-17","2023-11-13","Nicolás Ricardo Larcamón","3629","1"
"León","3889661","2023-07-16","Nicolas Larcamon","2023-01-17","2023-11-13","Nicolás Ricardo Larcamón","3629","1"
"León","3889667","2023-08-19","Nicolas Larcamon","2023-01-17","2023-11-13","Nicolás Ricardo Larcamón","3629","1"
"León","3889679","2023-08-24","Nicolas Larcamon","2023-01-17","2023-11-13","Nicolás Ricardo Larcamón","3629","1"
"León","3889685","2023-08-27","Nicolas Larcamon","2023-01-17","2023-11-13","Nicolás Ricardo Larcamón","3629","1"
"León","3889697","2023-09-02","Nicolas Larcamon","2023-01-17","2023-11-13","Nicolás Ricardo Larcamón","3629","1"
"León","3889703","2023-09-17","Nicolas Larcamon","2023-01-17","2023-11-13","Nicolás Ricardo Larcamón","3629","1"
"León","3889712","2023-09-24","Nicolas Larcamon","2023-01-17","2023-11-13","Nicolás Ricardo Larcamón","3629","1"
"León","3889720","2023-09-30","Nicolas Larcamon","2023-01-17","2023-11-13","Nicolás Ricardo Larcamón","3629","1"
"León","3889740","2023-10-09","Nicolas Larcamon","2023-01-17","2023-11-13","Nicolás Ricardo Larcamón","3629","1"
"León","3889746","2023-10-21","Nicolas Larcamon","2023-01-17","2023-11-13","Nicolás Ricardo Larcamón","3629","1"
"León","3889750","2023-10-25","Nicolas Larcamon","2023-01-17","2023-11-13","Nicolás Ricardo Larcamón","3629","1"
"León","3889760","2023-10-28","Nicolas Larcamon","2023-01-17","2023-11-13","Nicolás Ricardo Larcamón","3629","1"
"León","3889766","2023-11-01","Nicolas Larcamon","2023-01-17","2023-11-13","Nicolás Ricardo Larcamón","3629","1"
"León","3889772","2023-11-04","Nicolas Larcamon","2023-01-17","2023-11-13","Nicolás Ricardo Larcamón","3629","1"
"León","3889788","2023-11-13","Nicolas Larcamon","2023-01-17","2023-11-13","Nicolás Ricardo Larcamón","3629","1"
"León","3918959","2024-01-18","Jorge Rodrigo Bava","2024-01-18","2024-08-31","Jorge Rodrigo Bava","1000150","1"
"León","3918975","2024-01-27","Jorge Rodrigo Bava","2024-01-18","2024-08-31","Jorge Rodrigo Bava","1000150","1"
"León","3918981","2024-01-31","Jorge Rodrigo Bava","2024-01-18","2024-08-31","Jorge Rodrigo Bava","1000150","1"
"León","3918992","2024-02-03","Jorge Rodrigo Bava","2024-01-18","2024-08-31","Jorge Rodrigo Bava","1000150","1"
"León","3918965","2024-02-08","Jorge Rodrigo Bava","2024-01-18","2024-08-31","Jorge Rodrigo Bava","1000150","1"
"León","3919001","2024-02-11","Jorge Rodrigo Bava","2024-01-18","2024-08-31","Jorge Rodrigo Bava","1000150","1"
"León","3919011","2024-02-18","Jorge Rodrigo Bava","2024-01-18","2024-08-31","Jorge Rodrigo Bava","1000150","1"
"León","3919017","2024-02-22","Jorge Rodrigo Bava","2024-01-18","2024-08-31","Jorge Rodrigo Bava","1000150","1"
"León","3919024","2024-02-24","Jorge Rodrigo Bava","2024-01-18","2024-08-31","Jorge Rodrigo Bava","1000150","1"
"León","3919038","2024-03-04","Jorge Rodrigo Bava","2024-01-18","2024-08-31","Jorge Rodrigo Bava","1000150","1"
"León","3919047","2024-03-09","Jorge Rodrigo Bava","2024-01-18","2024-08-31","Jorge Rodrigo Bava","1000150","1"
"León","3919053","2024-03-17","Jorge Rodrigo Bava","2024-01-18","2024-08-31","Jorge Rodrigo Bava","1000150","1"
"León","3919064","2024-04-01","Jorge Rodrigo Bava","2024-01-18","2024-08-31","Jorge Rodrigo Bava","1000150","1"
"León","3919074","2024-04-06","Jorge Rodrigo Bava","2024-01-18","2024-08-31","Jorge Rodrigo Bava","1000150","1"
"León","3919084","2024-04-15","Jorge Rodrigo Bava","2024-01-18","2024-08-31","Jorge Rodrigo Bava","1000150","1"
"León","3919091","2024-04-20","Jorge Rodrigo Bava","2024-01-18","2024-08-31","Jorge Rodrigo Bava","1000150","1"
"León","3919098","2024-04-27","Jorge Rodrigo Bava","2024-01-18","2024-08-31","Jorge Rodrigo Bava","1000150","1"
"León","3939823","2024-07-07","Jorge Rodrigo Bava","2024-01-18","2024-08-31","Jorge Rodrigo Bava","1000150","1"
"León","3939830","2024-07-13","Jorge Rodrigo Bava","2024-01-18","2024-08-31","Jorge Rodrigo Bava","1000150","1"
"León","3939836","2024-07-17","Jorge Rodrigo Bava","2024-01-18","2024-08-31","Jorge Rodrigo Bava","1000150","1"
"León","3939851","2024-07-22","Jorge Rodrigo Bava","2024-01-18","2024-08-31","Jorge Rodrigo Bava","1000150","1"
"León","3939856","2024-08-25","Jorge Rodrigo Bava","2024-01-18","2024-08-31","Jorge Rodrigo Bava","1000150","1"
"León","3939863","2024-08-31","Jorge Rodrigo Bava","2024-01-18","2024-08-31","Jorge Rodrigo Bava","1000150","1"
"León","3939877","2024-09-15","Eduardo Berizzo","2024-09-15","2025-10-05","Manuel Eduardo Berizzo","385","1"
"León","3939884","2024-09-19","Eduardo Berizzo","2024-09-15","2025-10-05","Manuel Eduardo Berizzo","385","1"
"León","3939891","2024-09-21","Eduardo Berizzo","2024-09-15","2025-10-05","Manuel Eduardo Berizzo","385","1"
"León","3939899","2024-09-28","Eduardo Berizzo","2024-09-15","2025-10-05","Manuel Eduardo Berizzo","385","1"
"León","3939911","2024-10-06","Eduardo Berizzo","2024-09-15","2025-10-05","Manuel Eduardo Berizzo","385","1"
"León","3939922","2024-10-20","Eduardo Berizzo","2024-09-15","2025-10-05","Manuel Eduardo Berizzo","385","1"
"León","3939929","2024-10-24","Eduardo Berizzo","2024-09-15","2025-10-05","Manuel Eduardo Berizzo","385","1"
"León","3939938","2024-10-26","Eduardo Berizzo","2024-09-15","2025-10-05","Manuel Eduardo Berizzo","385","1"
"León","3939946","2024-11-02","Eduardo Berizzo","2024-09-15","2025-10-05","Manuel Eduardo Berizzo","385","1"
"León","3939952","2024-11-06","Eduardo Berizzo","2024-09-15","2025-10-05","Manuel Eduardo Berizzo","385","1"
"León","3939967","2024-11-11","Eduardo Berizzo","2024-09-15","2025-10-05","Manuel Eduardo Berizzo","385","1"
"León","3972028","2025-01-19","Eduardo Berizzo","2024-09-15","2025-10-05","Manuel Eduardo Berizzo","385","1"
"León","3972035","2025-01-25","Eduardo Berizzo","2024-09-15","2025-10-05","Manuel Eduardo Berizzo","385","1"
"León","3972042","2025-01-29","Eduardo Berizzo","2024-09-15","2025-10-05","Manuel Eduardo Berizzo","385","1"
"León","3972050","2025-02-01","Eduardo Berizzo","2024-09-15","2025-10-05","Manuel Eduardo Berizzo","385","1"
"León","3972059","2025-02-06","Eduardo Berizzo","2024-09-15","2025-10-05","Manuel Eduardo Berizzo","385","1"
"León","3972066","2025-02-09","Eduardo Berizzo","2024-09-15","2025-10-05","Manuel Eduardo Berizzo","385","1"
"León","3972076","2025-02-17","Eduardo Berizzo","2024-09-15","2025-10-05","Manuel Eduardo Berizzo","385","1"
"León","3972080","2025-02-20","Eduardo Berizzo","2024-09-15","2025-10-05","Manuel Eduardo Berizzo","385","1"
"León","3972084","2025-02-23","Eduardo Berizzo","2024-09-15","2025-10-05","Manuel Eduardo Berizzo","385","1"
"León","3972097","2025-03-02","Eduardo Berizzo","2024-09-15","2025-10-05","Manuel Eduardo Berizzo","385","1"
"León","3972112","2025-03-09","Eduardo Berizzo","2024-09-15","2025-10-05","Manuel Eduardo Berizzo","385","1"
"León","3972116","2025-03-15","Eduardo Berizzo","2024-09-15","2025-10-05","Manuel Eduardo Berizzo","385","1"
"León","3972131","2025-03-31","Eduardo Berizzo","2024-09-15","2025-10-05","Manuel Eduardo Berizzo","385","1"
"León","3972134","2025-04-05","Eduardo Berizzo","2024-09-15","2025-10-05","Manuel Eduardo Berizzo","385","1"
"León","3972143","2025-04-12","Eduardo Berizzo","2024-09-15","2025-10-05","Manuel Eduardo Berizzo","385","1"
"León","3972152","2025-04-16","Eduardo Berizzo","2024-09-15","2025-10-05","Manuel Eduardo Berizzo","385","1"
"León","3972166","2025-04-21","Eduardo Berizzo","2024-09-15","2025-10-05","Manuel Eduardo Berizzo","385","1"
"León","4004048","2025-07-14","Eduardo Berizzo","2024-09-15","2025-10-05","Manuel Eduardo Berizzo","385","1"
"León","4004054","2025-07-20","Eduardo Berizzo","2024-09-15","2025-10-05","Manuel Eduardo Berizzo","385","1"
"León","4004064","2025-07-27","Eduardo Berizzo","2024-09-15","2025-10-05","Manuel Eduardo Berizzo","385","1"
"León","4004073","2025-08-12","Eduardo Berizzo","2024-09-15","2025-10-05","Manuel Eduardo Berizzo","385","1"
"León","4004077","2025-08-16","Eduardo Berizzo","2024-09-15","2025-10-05","Manuel Eduardo Berizzo","385","1"
"León","4004089","2025-08-23","Eduardo Berizzo","2024-09-15","2025-10-05","Manuel Eduardo Berizzo","385","1"
"León","4004097","2025-08-30","Eduardo Berizzo","2024-09-15","2025-10-05","Manuel Eduardo Berizzo","385","1"
"León","4004108","2025-09-14","Eduardo Berizzo","2024-09-15","2025-10-05","Manuel Eduardo Berizzo","385","1"
"León","4004114","2025-09-20","Eduardo Berizzo","2024-09-15","2025-10-05","Manuel Eduardo Berizzo","385","1"
"León","4004124","2025-09-24","Eduardo Berizzo","2024-09-15","2025-10-05","Manuel Eduardo Berizzo","385","1"
"León","4004132","2025-09-27","Eduardo Berizzo","2024-09-15","2025-10-05","Manuel Eduardo Berizzo","385","1"
"León","4004144","2025-10-05","Eduardo Berizzo","2024-09-15","2025-10-05","Manuel Eduardo Berizzo","385","1"
"León","4004155","2025-10-18","Ignacio Ambriz","2025-10-18","2026-03-15","Marcos Ignacio Ambriz Espinoza","2944","1"
"León","4004164","2025-10-23","Ignacio Ambriz","2025-10-18","2026-03-15","Marcos Ignacio Ambriz Espinoza","2944","1"
"León","4004171","2025-10-26","Ignacio Ambriz","2025-10-18","2026-03-15","Marcos Ignacio Ambriz Espinoza","2944","1"
"León","4004181","2025-11-02","Ignacio Ambriz","2025-10-18","2026-03-15","Marcos Ignacio Ambriz Espinoza","2944","1"
"León","4004191","2025-11-09","Ignacio Ambriz","2025-10-18","2026-03-15","Marcos Ignacio Ambriz Espinoza","2944","1"
"León","4038806","2026-01-11","Ignacio Ambriz","2025-10-18","2026-03-15","Marcos Ignacio Ambriz Espinoza","2944","1"
"León","4038812","2026-01-14","Ignacio Ambriz","2025-10-18","2026-03-15","Marcos Ignacio Ambriz Espinoza","2944","1"
"León","4038821","2026-01-18","Ignacio Ambriz","2025-10-18","2026-03-15","Marcos Ignacio Ambriz Espinoza","2944","1"
"León","4038832","2026-02-01","Ignacio Ambriz","2025-10-18","2026-03-15","Marcos Ignacio Ambriz Espinoza","2944","1"
"León","4038843","2026-02-07","Ignacio Ambriz","2025-10-18","2026-03-15","Marcos Ignacio Ambriz Espinoza","2944","1"
"León","4038850","2026-02-15","Ignacio Ambriz","2025-10-18","2026-03-15","Marcos Ignacio Ambriz Espinoza","2944","1"
"León","4038859","2026-02-22","Ignacio Ambriz","2025-10-18","2026-03-15","Marcos Ignacio Ambriz Espinoza","2944","1"
"León","4038868","2026-03-01","Ignacio Ambriz","2025-10-18","2026-03-15","Marcos Ignacio Ambriz Espinoza","2944","1"
"León","4038882","2026-03-07","Ignacio Ambriz","2025-10-18","2026-03-15","Marcos Ignacio Ambriz Espinoza","2944","1"
"León","4038894","2026-03-15","Ignacio Ambriz","2025-10-18","2026-03-15","Marcos Ignacio Ambriz Espinoza","2944","1"
"León","4038899","2026-03-19","Alejandro Corona","2026-03-19","2026-03-19","Alejandro Corona Cervantes","1002623","1"
"León","4038902","2026-03-22","Javier Marcelo Gandolfi","2026-03-22","2026-04-26","Javier Marcelo Gandolfi","1001245","1"
"León","4038912","2026-04-05","Javier Marcelo Gandolfi","2026-03-22","2026-04-26","Javier Marcelo Gandolfi","1001245","1"
"León","4038918","2026-04-11","Javier Marcelo Gandolfi","2026-03-22","2026-04-26","Javier Marcelo Gandolfi","1001245","1"
"León","4038932","2026-04-19","Javier Marcelo Gandolfi","2026-03-22","2026-04-26","Javier Marcelo Gandolfi","1001245","1"
"León","4038936","2026-04-22","Javier Marcelo Gandolfi","2026-03-22","2026-04-26","Javier Marcelo Gandolfi","1001245","1"
"León","4038950","2026-04-26","Javier Marcelo Gandolfi","2026-03-22","2026-04-26","Javier Marcelo Gandolfi","1001245","1"
"Mazatlán","3799496","2021-07-27","Benat San Jose","2021-07-27","2022-03-02","Beñat San José Gil","2790","1"
"Mazatlán","3799485","2021-07-31","Benat San Jose","2021-07-27","2022-03-02","Beñat San José Gil","2790","1"
"Mazatlán","3799370","2021-08-07","Benat San Jose","2021-07-27","2022-03-02","Beñat San José Gil","2790","1"
"Mazatlán","3799415","2021-08-15","Benat San Jose","2021-07-27","2022-03-02","Beñat San José Gil","2790","1"
"Mazatlán","3799379","2021-08-18","Benat San Jose","2021-07-27","2022-03-02","Beñat San José Gil","2790","1"
"Mazatlán","3799418","2021-08-21","Benat San Jose","2021-07-27","2022-03-02","Beñat San José Gil","2790","1"
"Mazatlán","3799480","2021-08-28","Benat San Jose","2021-07-27","2022-03-02","Beñat San José Gil","2790","1"
"Mazatlán","3799357","2021-09-12","Benat San Jose","2021-07-27","2022-03-02","Beñat San José Gil","2790","1"
"Mazatlán","3800621","2021-09-19","Benat San Jose","2021-07-27","2022-03-02","Beñat San José Gil","2790","1"
"Mazatlán","3799419","2021-09-25","Benat San Jose","2021-07-27","2022-03-02","Beñat San José Gil","2790","1"
"Mazatlán","3799460","2021-09-29","Benat San Jose","2021-07-27","2022-03-02","Beñat San José Gil","2790","1"
"Mazatlán","3799385","2021-10-03","Benat San Jose","2021-07-27","2022-03-02","Beñat San José Gil","2790","1"
"Mazatlán","3799425","2021-10-16","Benat San Jose","2021-07-27","2022-03-02","Beñat San José Gil","2790","1"
"Mazatlán","3799408","2021-10-20","Benat San Jose","2021-07-27","2022-03-02","Beñat San José Gil","2790","1"
"Mazatlán","3799427","2021-10-23","Benat San Jose","2021-07-27","2022-03-02","Beñat San José Gil","2790","1"
"Mazatlán","3799424","2021-10-30","Benat San Jose","2021-07-27","2022-03-02","Beñat San José Gil","2790","1"
"Mazatlán","3799473","2021-11-06","Benat San Jose","2021-07-27","2022-03-02","Beñat San José Gil","2790","1"
"Mazatlán","3816745","2022-01-10","Benat San Jose","2021-07-27","2022-03-02","Beñat San José Gil","2790","1"
"Mazatlán","3816765","2022-01-22","Benat San Jose","2021-07-27","2022-03-02","Beñat San José Gil","2790","1"
"Mazatlán","3816816","2022-02-07","Benat San Jose","2021-07-27","2022-03-02","Beñat San José Gil","2790","1"
"Mazatlán","3816740","2022-02-12","Benat San Jose","2021-07-27","2022-03-02","Beñat San José Gil","2790","1"
"Mazatlán","3816664","2022-02-17","Benat San Jose","2021-07-27","2022-03-02","Beñat San José Gil","2790","1"
"Mazatlán","3816785","2022-02-19","Benat San Jose","2021-07-27","2022-03-02","Beñat San José Gil","2790","1"
"Mazatlán","3816741","2022-02-25","Benat San Jose","2021-07-27","2022-03-02","Beñat San José Gil","2790","1"
"Mazatlán","3816806","2022-03-02","Benat San Jose","2021-07-27","2022-03-02","Beñat San José Gil","2790","1"
"Mazatlán","3816688","2022-03-13","Christian Ramirez","2022-03-13","2022-03-13","Christian Ramirez","196124","1"
"Mazatlán","3816797","2022-03-21","Gabriel Caballero","2022-03-21","2023-01-29","Gabriel Esteban Caballero Schiker","3497","1"
"Mazatlán","3816687","2022-03-26","Gabriel Caballero","2022-03-21","2023-01-29","Gabriel Esteban Caballero Schiker","3497","1"
"Mazatlán","3816697","2022-04-02","Gabriel Caballero","2022-03-21","2023-01-29","Gabriel Esteban Caballero Schiker","3497","1"
"Mazatlán","3816719","2022-04-09","Gabriel Caballero","2022-03-21","2023-01-29","Gabriel Esteban Caballero Schiker","3497","1"
"Mazatlán","3816676","2022-04-15","Gabriel Caballero","2022-03-21","2023-01-29","Gabriel Esteban Caballero Schiker","3497","1"
"Mazatlán","3816801","2022-04-20","Gabriel Caballero","2022-03-21","2023-01-29","Gabriel Esteban Caballero Schiker","3497","1"
"Mazatlán","3816754","2022-04-23","Gabriel Caballero","2022-03-21","2023-01-29","Gabriel Esteban Caballero Schiker","3497","1"
"Mazatlán","3816718","2022-04-30","Gabriel Caballero","2022-03-21","2023-01-29","Gabriel Esteban Caballero Schiker","3497","1"
"Mazatlán","3835102","2022-07-02","Gabriel Caballero","2022-03-21","2023-01-29","Gabriel Esteban Caballero Schiker","3497","1"
"Mazatlán","3835111","2022-07-09","Gabriel Caballero","2022-03-21","2023-01-29","Gabriel Esteban Caballero Schiker","3497","1"
"Mazatlán","3835127","2022-07-19","Gabriel Caballero","2022-03-21","2023-01-29","Gabriel Esteban Caballero Schiker","3497","1"
"Mazatlán","3835130","2022-07-23","Gabriel Caballero","2022-03-21","2023-01-29","Gabriel Esteban Caballero Schiker","3497","1"
"Mazatlán","3835142","2022-07-28","Gabriel Caballero","2022-03-21","2023-01-29","Gabriel Esteban Caballero Schiker","3497","1"
"Mazatlán","3835151","2022-07-31","Gabriel Caballero","2022-03-21","2023-01-29","Gabriel Esteban Caballero Schiker","3497","1"
"Mazatlán","3835157","2022-08-06","Gabriel Caballero","2022-03-21","2023-01-29","Gabriel Esteban Caballero Schiker","3497","1"
"Mazatlán","3835171","2022-08-13","Gabriel Caballero","2022-03-21","2023-01-29","Gabriel Esteban Caballero Schiker","3497","1"
"Mazatlán","3835176","2022-08-17","Gabriel Caballero","2022-03-21","2023-01-29","Gabriel Esteban Caballero Schiker","3497","1"
"Mazatlán","3835182","2022-08-21","Gabriel Caballero","2022-03-21","2023-01-29","Gabriel Esteban Caballero Schiker","3497","1"
"Mazatlán","3835198","2022-08-27","Gabriel Caballero","2022-03-21","2023-01-29","Gabriel Esteban Caballero Schiker","3497","1"
"Mazatlán","3835211","2022-09-04","Gabriel Caballero","2022-03-21","2023-01-29","Gabriel Esteban Caballero Schiker","3497","1"
"Mazatlán","3835221","2022-09-08","Gabriel Caballero","2022-03-21","2023-01-29","Gabriel Esteban Caballero Schiker","3497","1"
"Mazatlán","3835226","2022-09-11","Gabriel Caballero","2022-03-21","2023-01-29","Gabriel Esteban Caballero Schiker","3497","1"
"Mazatlán","3835236","2022-09-17","Gabriel Caballero","2022-03-21","2023-01-29","Gabriel Esteban Caballero Schiker","3497","1"
"Mazatlán","3835244","2022-09-24","Gabriel Caballero","2022-03-21","2023-01-29","Gabriel Esteban Caballero Schiker","3497","1"
"Mazatlán","3835253","2022-10-02","Gabriel Caballero","2022-03-21","2023-01-29","Gabriel Esteban Caballero Schiker","3497","1"
"Mazatlán","3870384","2023-01-13","Gabriel Caballero","2022-03-21","2023-01-29","Gabriel Esteban Caballero Schiker","3497","1"
"Mazatlán","3870394","2023-01-21","Gabriel Caballero","2022-03-21","2023-01-29","Gabriel Esteban Caballero Schiker","3497","1"
"Mazatlán","3870409","2023-01-29","Gabriel Caballero","2022-03-21","2023-01-29","Gabriel Esteban Caballero Schiker","3497","1"
"Mazatlán","3870413","2023-02-04","Christian Ramirez Diaz I","2023-02-04","2023-02-04","Christian Ramírez Diaz","1001217","1"
"Mazatlán","3870423","2023-02-11","Ruben Romano","2023-02-11","2023-04-30","Rubén Omar Romano Cachía","1002737","1"
"Mazatlán","3870435","2023-02-17","Ruben Romano","2023-02-11","2023-04-30","Rubén Omar Romano Cachía","1002737","1"
"Mazatlán","3870444","2023-02-19","Ruben Romano","2023-02-11","2023-04-30","Rubén Omar Romano Cachía","1002737","1"
"Mazatlán","3870448","2023-02-25","Ruben Romano","2023-02-11","2023-04-30","Rubén Omar Romano Cachía","1002737","1"
"Mazatlán","3870458","2023-03-04","Ruben Romano","2023-02-11","2023-04-30","Rubén Omar Romano Cachía","1002737","1"
"Mazatlán","3870467","2023-03-12","Ruben Romano","2023-02-11","2023-04-30","Rubén Omar Romano Cachía","1002737","1"
"Mazatlán","3870476","2023-03-18","Ruben Romano","2023-02-11","2023-04-30","Rubén Omar Romano Cachía","1002737","1"
"Mazatlán","3870375","2023-03-25","Ruben Romano","2023-02-11","2023-04-30","Rubén Omar Romano Cachía","1002737","1"
"Mazatlán","3870490","2023-04-02","Ruben Romano","2023-02-11","2023-04-30","Rubén Omar Romano Cachía","1002737","1"
"Mazatlán","3870498","2023-04-09","Ruben Romano","2023-02-11","2023-04-30","Rubén Omar Romano Cachía","1002737","1"
"Mazatlán","3870502","2023-04-15","Ruben Romano","2023-02-11","2023-04-30","Rubén Omar Romano Cachía","1002737","1"
"Mazatlán","3870513","2023-04-22","Ruben Romano","2023-02-11","2023-04-30","Rubén Omar Romano Cachía","1002737","1"
"Mazatlán","3870523","2023-04-30","Ruben Romano","2023-02-11","2023-04-30","Rubén Omar Romano Cachía","1002737","1"
"Mazatlán","3889638","2023-07-01","Ismael Rescalvo","2023-07-01","2024-04-06","Ismael Rescalvo Sánchez","3488","1"
"Mazatlán","3889651","2023-07-09","Ismael Rescalvo","2023-07-01","2024-04-06","Ismael Rescalvo Sánchez","3488","1"
"Mazatlán","3889658","2023-07-15","Ismael Rescalvo","2023-07-01","2024-04-06","Ismael Rescalvo Sánchez","3488","1"
"Mazatlán","3889667","2023-08-19","Ismael Rescalvo","2023-07-01","2024-04-06","Ismael Rescalvo Sánchez","3488","1"
"Mazatlán","3889675","2023-08-23","Ismael Rescalvo","2023-07-01","2024-04-06","Ismael Rescalvo Sánchez","3488","1"
"Mazatlán","3889682","2023-08-26","Ismael Rescalvo","2023-07-01","2024-04-06","Ismael Rescalvo Sánchez","3488","1"
"Mazatlán","3889691","2023-09-02","Ismael Rescalvo","2023-07-01","2024-04-06","Ismael Rescalvo Sánchez","3488","1"
"Mazatlán","3889700","2023-09-16","Ismael Rescalvo","2023-07-01","2024-04-06","Ismael Rescalvo Sánchez","3488","1"
"Mazatlán","3889711","2023-09-23","Ismael Rescalvo","2023-07-01","2024-04-06","Ismael Rescalvo Sánchez","3488","1"
"Mazatlán","3889751","2023-09-27","Ismael Rescalvo","2023-07-01","2024-04-06","Ismael Rescalvo Sánchez","3488","1"
"Mazatlán","3889721","2023-10-01","Ismael Rescalvo","2023-07-01","2024-04-06","Ismael Rescalvo Sánchez","3488","1"
"Mazatlán","3889732","2023-10-07","Ismael Rescalvo","2023-07-01","2024-04-06","Ismael Rescalvo Sánchez","3488","1"
"Mazatlán","3889741","2023-10-21","Ismael Rescalvo","2023-07-01","2024-04-06","Ismael Rescalvo Sánchez","3488","1"
"Mazatlán","3889754","2023-10-28","Ismael Rescalvo","2023-07-01","2024-04-06","Ismael Rescalvo Sánchez","3488","1"
"Mazatlán","3889770","2023-11-02","Ismael Rescalvo","2023-07-01","2024-04-06","Ismael Rescalvo Sánchez","3488","1"
"Mazatlán","3889780","2023-11-05","Ismael Rescalvo","2023-07-01","2024-04-06","Ismael Rescalvo Sánchez","3488","1"
"Mazatlán","3889781","2023-11-11","Ismael Rescalvo","2023-07-01","2024-04-06","Ismael Rescalvo Sánchez","3488","1"
"Mazatlán","3918952","2024-01-13","Ismael Rescalvo","2023-07-01","2024-04-06","Ismael Rescalvo Sánchez","3488","1"
"Mazatlán","3918962","2024-01-20","Ismael Rescalvo","2023-07-01","2024-04-06","Ismael Rescalvo Sánchez","3488","1"
"Mazatlán","3918976","2024-01-27","Ismael Rescalvo","2023-07-01","2024-04-06","Ismael Rescalvo Sánchez","3488","1"
"Mazatlán","3918981","2024-01-31","Ismael Rescalvo","2023-07-01","2024-04-06","Ismael Rescalvo Sánchez","3488","1"
"Mazatlán","3918986","2024-02-03","Ismael Rescalvo","2023-07-01","2024-04-06","Ismael Rescalvo Sánchez","3488","1"
"Mazatlán","3918996","2024-02-10","Ismael Rescalvo","2023-07-01","2024-04-06","Ismael Rescalvo Sánchez","3488","1"
"Mazatlán","3919006","2024-02-17","Ismael Rescalvo","2023-07-01","2024-04-06","Ismael Rescalvo Sánchez","3488","1"
"Mazatlán","3919016","2024-02-22","Ismael Rescalvo","2023-07-01","2024-04-06","Ismael Rescalvo Sánchez","3488","1"
"Mazatlán","3919027","2024-02-26","Ismael Rescalvo","2023-07-01","2024-04-06","Ismael Rescalvo Sánchez","3488","1"
"Mazatlán","3919033","2024-03-02","Ismael Rescalvo","2023-07-01","2024-04-06","Ismael Rescalvo Sánchez","3488","1"
"Mazatlán","3919048","2024-03-11","Ismael Rescalvo","2023-07-01","2024-04-06","Ismael Rescalvo Sánchez","3488","1"
"Mazatlán","3919054","2024-03-17","Ismael Rescalvo","2023-07-01","2024-04-06","Ismael Rescalvo Sánchez","3488","1"
"Mazatlán","3919059","2024-03-30","Ismael Rescalvo","2023-07-01","2024-04-06","Ismael Rescalvo Sánchez","3488","1"
"Mazatlán","3919067","2024-04-06","Ismael Rescalvo","2023-07-01","2024-04-06","Ismael Rescalvo Sánchez","3488","1"
"Mazatlán","3919076","2024-04-13","Gilberto Adame Soltero","2024-04-13","2024-04-28","Gilberto Adame Soltero","1004746","1"
"Mazatlán","3919086","2024-04-20","Gilberto Adame Soltero","2024-04-13","2024-04-28","Gilberto Adame Soltero","1004746","1"
"Mazatlán","3919100","2024-04-28","Gilberto Adame Soltero","2024-04-13","2024-04-28","Gilberto Adame Soltero","1004746","1"
"Mazatlán","3939822","2024-07-07","Victor Manuel Vucetich","2024-07-07","2025-04-19","Víctor Manuel Vucetich Rojas","3746","1"
"Mazatlán","3939826","2024-07-13","Victor Manuel Vucetich","2024-07-07","2025-04-19","Víctor Manuel Vucetich Rojas","3746","1"
"Mazatlán","3939840","2024-07-18","Victor Manuel Vucetich","2024-07-07","2025-04-19","Víctor Manuel Vucetich Rojas","3746","1"
"Mazatlán","3939845","2024-07-20","Victor Manuel Vucetich","2024-07-07","2025-04-19","Víctor Manuel Vucetich Rojas","3746","1"
"Mazatlán","3939853","2024-08-24","Victor Manuel Vucetich","2024-07-07","2025-04-19","Víctor Manuel Vucetich Rojas","3746","1"
"Mazatlán","3939862","2024-08-31","Victor Manuel Vucetich","2024-07-07","2025-04-19","Víctor Manuel Vucetich Rojas","3746","1"
"Mazatlán","3939872","2024-09-14","Victor Manuel Vucetich","2024-07-07","2025-04-19","Víctor Manuel Vucetich Rojas","3746","1"
"Mazatlán","3939885","2024-09-19","Victor Manuel Vucetich","2024-07-07","2025-04-19","Víctor Manuel Vucetich Rojas","3746","1"
"Mazatlán","3939890","2024-09-22","Victor Manuel Vucetich","2024-07-07","2025-04-19","Víctor Manuel Vucetich Rojas","3746","1"
"Mazatlán","3939900","2024-09-28","Victor Manuel Vucetich","2024-07-07","2025-04-19","Víctor Manuel Vucetich Rojas","3746","1"
"Mazatlán","3939906","2024-10-05","Victor Manuel Vucetich","2024-07-07","2025-04-19","Víctor Manuel Vucetich Rojas","3746","1"
"Mazatlán","3939918","2024-10-19","Victor Manuel Vucetich","2024-07-07","2025-04-19","Víctor Manuel Vucetich Rojas","3746","1"
"Mazatlán","3939926","2024-10-23","Victor Manuel Vucetich","2024-07-07","2025-04-19","Víctor Manuel Vucetich Rojas","3746","1"
"Mazatlán","3939934","2024-10-26","Victor Manuel Vucetich","2024-07-07","2025-04-19","Víctor Manuel Vucetich Rojas","3746","1"
"Mazatlán","3939943","2024-11-02","Victor Manuel Vucetich","2024-07-07","2025-04-19","Víctor Manuel Vucetich Rojas","3746","1"
"Mazatlán","3939952","2024-11-06","Victor Manuel Vucetich","2024-07-07","2025-04-19","Víctor Manuel Vucetich Rojas","3746","1"
"Mazatlán","3939961","2024-11-09","Victor Manuel Vucetich","2024-07-07","2025-04-19","Víctor Manuel Vucetich Rojas","3746","1"
"Mazatlán","3972015","2025-01-11","Victor Manuel Vucetich","2024-07-07","2025-04-19","Víctor Manuel Vucetich Rojas","3746","1"
"Mazatlán","3972025","2025-01-18","Victor Manuel Vucetich","2024-07-07","2025-04-19","Víctor Manuel Vucetich Rojas","3746","1"
"Mazatlán","3972034","2025-01-25","Victor Manuel Vucetich","2024-07-07","2025-04-19","Víctor Manuel Vucetich Rojas","3746","1"
"Mazatlán","3972045","2025-01-29","Victor Manuel Vucetich","2024-07-07","2025-04-19","Víctor Manuel Vucetich Rojas","3746","1"
"Mazatlán","3972050","2025-02-01","Victor Manuel Vucetich","2024-07-07","2025-04-19","Víctor Manuel Vucetich Rojas","3746","1"
"Mazatlán","3972065","2025-02-10","Victor Manuel Vucetich","2024-07-07","2025-04-19","Víctor Manuel Vucetich Rojas","3746","1"
"Mazatlán","3972069","2025-02-15","Victor Manuel Vucetich","2024-07-07","2025-04-19","Víctor Manuel Vucetich Rojas","3746","1"
"Mazatlán","3972081","2025-02-22","Victor Manuel Vucetich","2024-07-07","2025-04-19","Víctor Manuel Vucetich Rojas","3746","1"
"Mazatlán","3972090","2025-02-26","Victor Manuel Vucetich","2024-07-07","2025-04-19","Víctor Manuel Vucetich Rojas","3746","1"
"Mazatlán","3972096","2025-03-01","Victor Manuel Vucetich","2024-07-07","2025-04-19","Víctor Manuel Vucetich Rojas","3746","1"
"Mazatlán","3972110","2025-03-09","Victor Manuel Vucetich","2024-07-07","2025-04-19","Víctor Manuel Vucetich Rojas","3746","1"
"Mazatlán","3972114","2025-03-15","Victor Manuel Vucetich","2024-07-07","2025-04-19","Víctor Manuel Vucetich Rojas","3746","1"
"Mazatlán","3972125","2025-03-29","Victor Manuel Vucetich","2024-07-07","2025-04-19","Víctor Manuel Vucetich Rojas","3746","1"
"Mazatlán","3972139","2025-04-06","Victor Manuel Vucetich","2024-07-07","2025-04-19","Víctor Manuel Vucetich Rojas","3746","1"
"Mazatlán","3972141","2025-04-12","Victor Manuel Vucetich","2024-07-07","2025-04-19","Víctor Manuel Vucetich Rojas","3746","1"
"Mazatlán","3972158","2025-04-17","Victor Manuel Vucetich","2024-07-07","2025-04-19","Víctor Manuel Vucetich Rojas","3746","1"
"Mazatlán","3972162","2025-04-19","Victor Manuel Vucetich","2024-07-07","2025-04-19","Víctor Manuel Vucetich Rojas","3746","1"
"Mazatlán","4004045","2025-07-13","Robert Siboldi","2025-07-13","2026-01-13","Robert Dante Siboldi Badiola","3109","1"
"Mazatlán","4004053","2025-07-19","Robert Siboldi","2025-07-13","2026-01-13","Robert Dante Siboldi Badiola","3109","1"
"Mazatlán","4004062","2025-07-26","Robert Siboldi","2025-07-13","2026-01-13","Robert Dante Siboldi Badiola","3109","1"
"Mazatlán","4004070","2025-08-10","Robert Siboldi","2025-07-13","2026-01-13","Robert Dante Siboldi Badiola","3109","1"
"Mazatlán","4004084","2025-08-18","Robert Siboldi","2025-07-13","2026-01-13","Robert Dante Siboldi Badiola","3109","1"
"Mazatlán","4004088","2025-08-24","Robert Siboldi","2025-07-13","2026-01-13","Robert Dante Siboldi Badiola","3109","1"
"Mazatlán","4004095","2025-08-30","Robert Siboldi","2025-07-13","2026-01-13","Robert Dante Siboldi Badiola","3109","1"
"Mazatlán","4004105","2025-09-13","Robert Siboldi","2025-07-13","2026-01-13","Robert Dante Siboldi Badiola","3109","1"
"Mazatlán","4004115","2025-09-20","Robert Siboldi","2025-07-13","2026-01-13","Robert Dante Siboldi Badiola","3109","1"
"Mazatlán","4004124","2025-09-24","Robert Siboldi","2025-07-13","2026-01-13","Robert Dante Siboldi Badiola","3109","1"
"Mazatlán","4004137","2025-09-28","Robert Siboldi","2025-07-13","2026-01-13","Robert Dante Siboldi Badiola","3109","1"
"Mazatlán","4004141","2025-10-04","Robert Siboldi","2025-07-13","2026-01-13","Robert Dante Siboldi Badiola","3109","1"
"Mazatlán","4004154","2025-10-19","Robert Siboldi","2025-07-13","2026-01-13","Robert Dante Siboldi Badiola","3109","1"
"Mazatlán","4004161","2025-10-22","Robert Siboldi","2025-07-13","2026-01-13","Robert Dante Siboldi Badiola","3109","1"
"Mazatlán","4004168","2025-10-25","Robert Siboldi","2025-07-13","2026-01-13","Robert Dante Siboldi Badiola","3109","1"
"Mazatlán","4004183","2025-11-02","Robert Siboldi","2025-07-13","2026-01-13","Robert Dante Siboldi Badiola","3109","1"
"Mazatlán","4004187","2025-11-08","Robert Siboldi","2025-07-13","2026-01-13","Robert Dante Siboldi Badiola","3109","1"
"Mazatlán","4038801","2026-01-10","Robert Siboldi","2025-07-13","2026-01-13","Robert Dante Siboldi Badiola","3109","1"
"Mazatlán","4038811","2026-01-13","Robert Siboldi","2025-07-13","2026-01-13","Robert Dante Siboldi Badiola","3109","1"
"Mazatlán","4038819","2026-01-17","Christian Ramirez Diaz II","2026-01-17","2026-01-17","Christian Ramírez Diaz","1001217","1"
"Mazatlán","4038833","2026-01-31","Sergio Rodriguez","2026-01-31","2026-04-25","Sergio Bueno Rodríguez","1008783","1"
"Mazatlán","4038840","2026-02-07","Sergio Rodriguez","2026-01-31","2026-04-25","Sergio Bueno Rodríguez","1008783","1"
"Mazatlán","4038854","2026-02-15","Sergio Rodriguez","2026-01-31","2026-04-25","Sergio Bueno Rodríguez","1008783","1"
"Mazatlán","4038861","2026-02-22","Sergio Rodriguez","2026-01-31","2026-04-25","Sergio Bueno Rodríguez","1008783","1"
"Mazatlán","4038864","2026-02-28","Sergio Rodriguez","2026-01-31","2026-04-25","Sergio Bueno Rodríguez","1008783","1"
"Mazatlán","4038875","2026-03-04","Sergio Rodriguez","2026-01-31","2026-04-25","Sergio Bueno Rodríguez","1008783","1"
"Mazatlán","4038882","2026-03-07","Sergio Rodriguez","2026-01-31","2026-04-25","Sergio Bueno Rodríguez","1008783","1"
"Mazatlán","4038898","2026-03-16","Sergio Rodriguez","2026-01-31","2026-04-25","Sergio Bueno Rodríguez","1008783","1"
"Mazatlán","4038900","2026-03-21","Sergio Rodriguez","2026-01-31","2026-04-25","Sergio Bueno Rodríguez","1008783","1"
"Mazatlán","4038910","2026-04-04","Sergio Rodriguez","2026-01-31","2026-04-25","Sergio Bueno Rodríguez","1008783","1"
"Mazatlán","4038922","2026-04-12","Sergio Rodriguez","2026-01-31","2026-04-25","Sergio Bueno Rodríguez","1008783","1"
"Mazatlán","4038929","2026-04-18","Sergio Rodriguez","2026-01-31","2026-04-25","Sergio Bueno Rodríguez","1008783","1"
"Mazatlán","4038943","2026-04-23","Sergio Rodriguez","2026-01-31","2026-04-25","Sergio Bueno Rodríguez","1008783","1"
"Mazatlán","4038949","2026-04-25","Sergio Rodriguez","2026-01-31","2026-04-25","Sergio Bueno Rodríguez","1008783","1"
"Monterrey","3799435","2021-07-26","Javier Aguirre Onaindia","2021-07-26","2022-03-02","Javier Aguirre Onaindía","3196","1"
"Monterrey","3799469","2021-08-01","Javier Aguirre Onaindia","2021-07-26","2022-03-02","Javier Aguirre Onaindía","3196","1"
"Monterrey","3799370","2021-08-07","Javier Aguirre Onaindia","2021-07-26","2022-03-02","Javier Aguirre Onaindía","3196","1"
"Monterrey","3799486","2021-08-15","Javier Aguirre Onaindia","2021-07-26","2022-03-02","Javier Aguirre Onaindía","3196","1"
"Monterrey","3799377","2021-08-19","Javier Aguirre Onaindia","2021-07-26","2022-03-02","Javier Aguirre Onaindía","3196","1"
"Monterrey","3799359","2021-08-22","Javier Aguirre Onaindia","2021-07-26","2022-03-02","Javier Aguirre Onaindía","3196","1"
"Monterrey","3799492","2021-08-28","Javier Aguirre Onaindia","2021-07-26","2022-03-02","Javier Aguirre Onaindía","3196","1"
"Monterrey","3799423","2021-09-11","Javier Aguirre Onaindia","2021-07-26","2022-03-02","Javier Aguirre Onaindía","3196","1"
"Monterrey","3799446","2021-09-20","Javier Aguirre Onaindia","2021-07-26","2022-03-02","Javier Aguirre Onaindía","3196","1"
"Monterrey","3799438","2021-09-23","Javier Aguirre Onaindia","2021-07-26","2022-03-02","Javier Aguirre Onaindía","3196","1"
"Monterrey","3799461","2021-09-27","Javier Aguirre Onaindia","2021-07-26","2022-03-02","Javier Aguirre Onaindía","3196","1"
"Monterrey","3799383","2021-10-02","Javier Aguirre Onaindia","2021-07-26","2022-03-02","Javier Aguirre Onaindía","3196","1"
"Monterrey","3799430","2021-10-16","Javier Aguirre Onaindia","2021-07-26","2022-03-02","Javier Aguirre Onaindía","3196","1"
"Monterrey","3799355","2021-10-19","Javier Aguirre Onaindia","2021-07-26","2022-03-02","Javier Aguirre Onaindía","3196","1"
"Monterrey","3799463","2021-10-23","Javier Aguirre Onaindia","2021-07-26","2022-03-02","Javier Aguirre Onaindía","3196","1"
"Monterrey","3799479","2021-11-01","Javier Aguirre Onaindia","2021-07-26","2022-03-02","Javier Aguirre Onaindía","3196","1"
"Monterrey","3799489","2021-11-07","Javier Aguirre Onaindia","2021-07-26","2022-03-02","Javier Aguirre Onaindía","3196","1"
"Monterrey","3816767","2022-01-09","Javier Aguirre Onaindia","2021-07-26","2022-03-02","Javier Aguirre Onaindía","3196","1"
"Monterrey","3816707","2022-01-15","Javier Aguirre Onaindia","2021-07-26","2022-03-02","Javier Aguirre Onaindía","3196","1"
"Monterrey","3816692","2022-01-23","Javier Aguirre Onaindia","2021-07-26","2022-03-02","Javier Aguirre Onaindía","3196","1"
"Monterrey","3816683","2022-02-19","Javier Aguirre Onaindia","2021-07-26","2022-03-02","Javier Aguirre Onaindía","3196","1"
"Monterrey","3816725","2022-02-26","Javier Aguirre Onaindia","2021-07-26","2022-03-02","Javier Aguirre Onaindía","3196","1"
"Monterrey","3816742","2022-03-02","Javier Aguirre Onaindia","2021-07-26","2022-03-02","Javier Aguirre Onaindía","3196","1"
"Monterrey","3816798","2022-03-06","Victor Manuel Vucetich","2022-03-06","2023-04-30","Víctor Manuel Vucetich Rojas","3746","1"
"Monterrey","3816688","2022-03-13","Victor Manuel Vucetich","2022-03-06","2023-04-30","Víctor Manuel Vucetich Rojas","3746","1"
"Monterrey","3816710","2022-03-16","Victor Manuel Vucetich","2022-03-06","2023-04-30","Víctor Manuel Vucetich Rojas","3746","1"
"Monterrey","3816703","2022-03-20","Victor Manuel Vucetich","2022-03-06","2023-04-30","Víctor Manuel Vucetich Rojas","3746","1"
"Monterrey","3816711","2022-04-07","Victor Manuel Vucetich","2022-03-06","2023-04-30","Víctor Manuel Vucetich Rojas","3746","1"
"Monterrey","3816773","2022-04-10","Victor Manuel Vucetich","2022-03-06","2023-04-30","Víctor Manuel Vucetich Rojas","3746","1"
"Monterrey","3816708","2022-04-14","Victor Manuel Vucetich","2022-03-06","2023-04-30","Víctor Manuel Vucetich Rojas","3746","1"
"Monterrey","3816803","2022-04-17","Victor Manuel Vucetich","2022-03-06","2023-04-30","Víctor Manuel Vucetich Rojas","3746","1"
"Monterrey","3816775","2022-04-21","Victor Manuel Vucetich","2022-03-06","2023-04-30","Víctor Manuel Vucetich Rojas","3746","1"
"Monterrey","3816667","2022-04-23","Victor Manuel Vucetich","2022-03-06","2023-04-30","Víctor Manuel Vucetich Rojas","3746","1"
"Monterrey","3816721","2022-05-01","Victor Manuel Vucetich","2022-03-06","2023-04-30","Víctor Manuel Vucetich Rojas","3746","1"
"Monterrey","3835108","2022-07-04","Victor Manuel Vucetich","2022-03-06","2023-04-30","Víctor Manuel Vucetich Rojas","3746","1"
"Monterrey","3835114","2022-07-10","Victor Manuel Vucetich","2022-03-06","2023-04-30","Víctor Manuel Vucetich Rojas","3746","1"
"Monterrey","3835126","2022-07-17","Victor Manuel Vucetich","2022-03-06","2023-04-30","Víctor Manuel Vucetich Rojas","3746","1"
"Monterrey","3835129","2022-07-22","Victor Manuel Vucetich","2022-03-06","2023-04-30","Víctor Manuel Vucetich Rojas","3746","1"
"Monterrey","3835139","2022-07-27","Victor Manuel Vucetich","2022-03-06","2023-04-30","Víctor Manuel Vucetich Rojas","3746","1"
"Monterrey","3835147","2022-07-31","Victor Manuel Vucetich","2022-03-06","2023-04-30","Víctor Manuel Vucetich Rojas","3746","1"
"Monterrey","3835161","2022-08-07","Victor Manuel Vucetich","2022-03-06","2023-04-30","Víctor Manuel Vucetich Rojas","3746","1"
"Monterrey","3835167","2022-08-13","Victor Manuel Vucetich","2022-03-06","2023-04-30","Víctor Manuel Vucetich Rojas","3746","1"
"Monterrey","3835179","2022-08-18","Victor Manuel Vucetich","2022-03-06","2023-04-30","Víctor Manuel Vucetich Rojas","3746","1"
"Monterrey","3835186","2022-08-21","Victor Manuel Vucetich","2022-03-06","2023-04-30","Víctor Manuel Vucetich Rojas","3746","1"
"Monterrey","3835192","2022-08-24","Victor Manuel Vucetich","2022-03-06","2023-04-30","Víctor Manuel Vucetich Rojas","3746","1"
"Monterrey","3835203","2022-08-29","Victor Manuel Vucetich","2022-03-06","2023-04-30","Víctor Manuel Vucetich Rojas","3746","1"
"Monterrey","3835211","2022-09-04","Victor Manuel Vucetich","2022-03-06","2023-04-30","Víctor Manuel Vucetich Rojas","3746","1"
"Monterrey","3835217","2022-09-07","Victor Manuel Vucetich","2022-03-06","2023-04-30","Víctor Manuel Vucetich Rojas","3746","1"
"Monterrey","3835224","2022-09-10","Victor Manuel Vucetich","2022-03-06","2023-04-30","Víctor Manuel Vucetich Rojas","3746","1"
"Monterrey","3835238","2022-09-18","Victor Manuel Vucetich","2022-03-06","2023-04-30","Víctor Manuel Vucetich Rojas","3746","1"
"Monterrey","3835251","2022-10-01","Victor Manuel Vucetich","2022-03-06","2023-04-30","Víctor Manuel Vucetich Rojas","3746","1"
"Monterrey","3870380","2023-01-08","Victor Manuel Vucetich","2022-03-06","2023-04-30","Víctor Manuel Vucetich Rojas","3746","1"
"Monterrey","3870388","2023-01-14","Victor Manuel Vucetich","2022-03-06","2023-04-30","Víctor Manuel Vucetich Rojas","3746","1"
"Monterrey","3870396","2023-01-21","Victor Manuel Vucetich","2022-03-06","2023-04-30","Víctor Manuel Vucetich Rojas","3746","1"
"Monterrey","3870404","2023-01-28","Victor Manuel Vucetich","2022-03-06","2023-04-30","Víctor Manuel Vucetich Rojas","3746","1"
"Monterrey","3870418","2023-02-06","Victor Manuel Vucetich","2022-03-06","2023-04-30","Víctor Manuel Vucetich Rojas","3746","1"
"Monterrey","3870420","2023-02-10","Victor Manuel Vucetich","2022-03-06","2023-04-30","Víctor Manuel Vucetich Rojas","3746","1"
"Monterrey","3870432","2023-02-16","Victor Manuel Vucetich","2022-03-06","2023-04-30","Víctor Manuel Vucetich Rojas","3746","1"
"Monterrey","3870441","2023-02-18","Victor Manuel Vucetich","2022-03-06","2023-04-30","Víctor Manuel Vucetich Rojas","3746","1"
"Monterrey","3870455","2023-02-28","Victor Manuel Vucetich","2022-03-06","2023-04-30","Víctor Manuel Vucetich Rojas","3746","1"
"Monterrey","3870461","2023-03-05","Victor Manuel Vucetich","2022-03-06","2023-04-30","Víctor Manuel Vucetich Rojas","3746","1"
"Monterrey","3870472","2023-03-13","Victor Manuel Vucetich","2022-03-06","2023-04-30","Víctor Manuel Vucetich Rojas","3746","1"
"Monterrey","3870477","2023-03-19","Victor Manuel Vucetich","2022-03-06","2023-04-30","Víctor Manuel Vucetich Rojas","3746","1"
"Monterrey","3870486","2023-04-02","Victor Manuel Vucetich","2022-03-06","2023-04-30","Víctor Manuel Vucetich Rojas","3746","1"
"Monterrey","3870495","2023-04-09","Victor Manuel Vucetich","2022-03-06","2023-04-30","Víctor Manuel Vucetich Rojas","3746","1"
"Monterrey","3870509","2023-04-17","Victor Manuel Vucetich","2022-03-06","2023-04-30","Víctor Manuel Vucetich Rojas","3746","1"
"Monterrey","3870513","2023-04-22","Victor Manuel Vucetich","2022-03-06","2023-04-30","Víctor Manuel Vucetich Rojas","3746","1"
"Monterrey","3870524","2023-04-30","Victor Manuel Vucetich","2022-03-06","2023-04-30","Víctor Manuel Vucetich Rojas","3746","1"
"Monterrey","3889642","2023-07-01","Fernando Ortiz","2023-07-01","2024-07-21","Fernando Ortiz","1001173","1"
"Monterrey","3889650","2023-07-10","Fernando Ortiz","2023-07-01","2024-07-21","Fernando Ortiz","1001173","1"
"Monterrey","3889658","2023-07-15","Fernando Ortiz","2023-07-01","2024-07-21","Fernando Ortiz","1001173","1"
"Monterrey","3889687","2023-08-28","Fernando Ortiz","2023-07-01","2024-07-21","Fernando Ortiz","1001173","1"
"Monterrey","3889673","2023-08-31","Fernando Ortiz","2023-07-01","2024-07-21","Fernando Ortiz","1001173","1"
"Monterrey","3889696","2023-09-03","Fernando Ortiz","2023-07-01","2024-07-21","Fernando Ortiz","1001173","1"
"Monterrey","3889703","2023-09-17","Fernando Ortiz","2023-07-01","2024-07-21","Fernando Ortiz","1001173","1"
"Monterrey","3889714","2023-09-24","Fernando Ortiz","2023-07-01","2024-07-21","Fernando Ortiz","1001173","1"
"Monterrey","3889727","2023-10-04","Fernando Ortiz","2023-07-01","2024-07-21","Fernando Ortiz","1001173","1"
"Monterrey","3889736","2023-10-07","Fernando Ortiz","2023-07-01","2024-07-21","Fernando Ortiz","1001173","1"
"Monterrey","3889745","2023-10-22","Fernando Ortiz","2023-07-01","2024-07-21","Fernando Ortiz","1001173","1"
"Monterrey","3889668","2023-10-26","Fernando Ortiz","2023-07-01","2024-07-21","Fernando Ortiz","1001173","1"
"Monterrey","3889758","2023-10-29","Fernando Ortiz","2023-07-01","2024-07-21","Fernando Ortiz","1001173","1"
"Monterrey","3889763","2023-11-01","Fernando Ortiz","2023-07-01","2024-07-21","Fernando Ortiz","1001173","1"
"Monterrey","3889777","2023-11-05","Fernando Ortiz","2023-07-01","2024-07-21","Fernando Ortiz","1001173","1"
"Monterrey","3889724","2023-11-09","Fernando Ortiz","2023-07-01","2024-07-21","Fernando Ortiz","1001173","1"
"Monterrey","3889785","2023-11-11","Fernando Ortiz","2023-07-01","2024-07-21","Fernando Ortiz","1001173","1"
"Monterrey","3918956","2024-01-14","Fernando Ortiz","2023-07-01","2024-07-21","Fernando Ortiz","1001173","1"
"Monterrey","3918966","2024-01-22","Fernando Ortiz","2023-07-01","2024-07-21","Fernando Ortiz","1001173","1"
"Monterrey","3918968","2024-01-25","Fernando Ortiz","2023-07-01","2024-07-21","Fernando Ortiz","1001173","1"
"Monterrey","3918973","2024-01-28","Fernando Ortiz","2023-07-01","2024-07-21","Fernando Ortiz","1001173","1"
"Monterrey","3918991","2024-02-04","Fernando Ortiz","2023-07-01","2024-07-21","Fernando Ortiz","1001173","1"
"Monterrey","3919003","2024-02-11","Fernando Ortiz","2023-07-01","2024-07-21","Fernando Ortiz","1001173","1"
"Monterrey","3919012","2024-02-19","Fernando Ortiz","2023-07-01","2024-07-21","Fernando Ortiz","1001173","1"
"Monterrey","3919020","2024-02-24","Fernando Ortiz","2023-07-01","2024-07-21","Fernando Ortiz","1001173","1"
"Monterrey","3919029","2024-02-29","Fernando Ortiz","2023-07-01","2024-07-21","Fernando Ortiz","1001173","1"
"Monterrey","3919039","2024-03-04","Fernando Ortiz","2023-07-01","2024-07-21","Fernando Ortiz","1001173","1"
"Monterrey","3919048","2024-03-11","Fernando Ortiz","2023-07-01","2024-07-21","Fernando Ortiz","1001173","1"
"Monterrey","3919057","2024-03-17","Fernando Ortiz","2023-07-01","2024-07-21","Fernando Ortiz","1001173","1"
"Monterrey","3919063","2024-03-31","Fernando Ortiz","2023-07-01","2024-07-21","Fernando Ortiz","1001173","1"
"Monterrey","3919072","2024-04-07","Fernando Ortiz","2023-07-01","2024-07-21","Fernando Ortiz","1001173","1"
"Monterrey","3919079","2024-04-14","Fernando Ortiz","2023-07-01","2024-07-21","Fernando Ortiz","1001173","1"
"Monterrey","3919091","2024-04-20","Fernando Ortiz","2023-07-01","2024-07-21","Fernando Ortiz","1001173","1"
"Monterrey","3919101","2024-04-29","Fernando Ortiz","2023-07-01","2024-07-21","Fernando Ortiz","1001173","1"
"Monterrey","3939824","2024-07-08","Fernando Ortiz","2023-07-01","2024-07-21","Fernando Ortiz","1001173","1"
"Monterrey","3939833","2024-07-14","Fernando Ortiz","2023-07-01","2024-07-21","Fernando Ortiz","1001173","1"
"Monterrey","3939842","2024-07-18","Fernando Ortiz","2023-07-01","2024-07-21","Fernando Ortiz","1001173","1"
"Monterrey","3939847","2024-07-21","Fernando Ortiz","2023-07-01","2024-07-21","Fernando Ortiz","1001173","1"
"Monterrey","3939954","2024-08-17","Nicolas Gabriel Sanchez I","2024-08-17","2024-08-17","Nicolás Gabriel Sánchez","1001795","1"
"Monterrey","3939854","2024-08-24","Martin Demichelis","2024-08-24","2025-04-21","Martín Gastón Demichelis","5025","1"
"Monterrey","3939866","2024-09-01","Martin Demichelis","2024-08-24","2025-04-21","Martín Gastón Demichelis","5025","1"
"Monterrey","3939878","2024-09-15","Martin Demichelis","2024-08-24","2025-04-21","Martín Gastón Demichelis","5025","1"
"Monterrey","3939886","2024-09-19","Martin Demichelis","2024-08-24","2025-04-21","Martín Gastón Demichelis","5025","1"
"Monterrey","3939890","2024-09-22","Martin Demichelis","2024-08-24","2025-04-21","Martín Gastón Demichelis","5025","1"
"Monterrey","3939903","2024-09-29","Martin Demichelis","2024-08-24","2025-04-21","Martín Gastón Demichelis","5025","1"
"Monterrey","3939909","2024-10-05","Martin Demichelis","2024-08-24","2025-04-21","Martín Gastón Demichelis","5025","1"
"Monterrey","3939920","2024-10-20","Martin Demichelis","2024-08-24","2025-04-21","Martín Gastón Demichelis","5025","1"
"Monterrey","3939932","2024-10-24","Martin Demichelis","2024-08-24","2025-04-21","Martín Gastón Demichelis","5025","1"
"Monterrey","3939941","2024-10-28","Martin Demichelis","2024-08-24","2025-04-21","Martín Gastón Demichelis","5025","1"
"Monterrey","3939948","2024-11-03","Martin Demichelis","2024-08-24","2025-04-21","Martín Gastón Demichelis","5025","1"
"Monterrey","3939967","2024-11-11","Martin Demichelis","2024-08-24","2025-04-21","Martín Gastón Demichelis","5025","1"
"Monterrey","3972021","2025-01-13","Martin Demichelis","2024-08-24","2025-04-21","Martín Gastón Demichelis","5025","1"
"Monterrey","3972027","2025-01-19","Martin Demichelis","2024-08-24","2025-04-21","Martín Gastón Demichelis","5025","1"
"Monterrey","3972038","2025-01-26","Martin Demichelis","2024-08-24","2025-04-21","Martín Gastón Demichelis","5025","1"
"Monterrey","3972049","2025-01-30","Martin Demichelis","2024-08-24","2025-04-21","Martín Gastón Demichelis","5025","1"
"Monterrey","3972055","2025-02-02","Martin Demichelis","2024-08-24","2025-04-21","Martín Gastón Demichelis","5025","1"
"Monterrey","3972063","2025-02-09","Martin Demichelis","2024-08-24","2025-04-21","Martín Gastón Demichelis","5025","1"
"Monterrey","3972075","2025-02-16","Martin Demichelis","2024-08-24","2025-04-21","Martín Gastón Demichelis","5025","1"
"Monterrey","3972086","2025-02-23","Martin Demichelis","2024-08-24","2025-04-21","Martín Gastón Demichelis","5025","1"
"Monterrey","3972090","2025-02-26","Martin Demichelis","2024-08-24","2025-04-21","Martín Gastón Demichelis","5025","1"
"Monterrey","3972104","2025-03-03","Martin Demichelis","2024-08-24","2025-04-21","Martín Gastón Demichelis","5025","1"
"Monterrey","3972109","2025-03-09","Martin Demichelis","2024-08-24","2025-04-21","Martín Gastón Demichelis","5025","1"
"Monterrey","3972121","2025-03-17","Martin Demichelis","2024-08-24","2025-04-21","Martín Gastón Demichelis","5025","1"
"Monterrey","3972128","2025-03-30","Martin Demichelis","2024-08-24","2025-04-21","Martín Gastón Demichelis","5025","1"
"Monterrey","3972135","2025-04-06","Martin Demichelis","2024-08-24","2025-04-21","Martín Gastón Demichelis","5025","1"
"Monterrey","3972146","2025-04-13","Martin Demichelis","2024-08-24","2025-04-21","Martín Gastón Demichelis","5025","1"
"Monterrey","3972155","2025-04-17","Martin Demichelis","2024-08-24","2025-04-21","Martín Gastón Demichelis","5025","1"
"Monterrey","3972166","2025-04-21","Martin Demichelis","2024-08-24","2025-04-21","Martín Gastón Demichelis","5025","1"
"Monterrey","4004047","2025-07-13","Domenec Torrent","2025-07-13","2026-03-01","Domènec Torrent Font","161","1"
"Monterrey","4004052","2025-07-19","Domenec Torrent","2025-07-13","2026-03-01","Domènec Torrent Font","161","1"
"Monterrey","4004066","2025-07-27","Domenec Torrent","2025-07-13","2026-03-01","Domènec Torrent Font","161","1"
"Monterrey","4004073","2025-08-12","Domenec Torrent","2025-07-13","2026-03-01","Domènec Torrent Font","161","1"
"Monterrey","4004084","2025-08-18","Domenec Torrent","2025-07-13","2026-03-01","Domènec Torrent Font","161","1"
"Monterrey","4004090","2025-08-24","Domenec Torrent","2025-07-13","2026-03-01","Domènec Torrent Font","161","1"
"Monterrey","4004096","2025-08-30","Domenec Torrent","2025-07-13","2026-03-01","Domènec Torrent Font","161","1"
"Monterrey","4004110","2025-09-14","Domenec Torrent","2025-07-13","2026-03-01","Domènec Torrent Font","161","1"
"Monterrey","4004119","2025-09-21","Domenec Torrent","2025-07-13","2026-03-01","Domènec Torrent Font","161","1"
"Monterrey","4004129","2025-09-25","Domenec Torrent","2025-07-13","2026-03-01","Domènec Torrent Font","161","1"
"Monterrey","4004134","2025-09-28","Domenec Torrent","2025-07-13","2026-03-01","Domènec Torrent Font","161","1"
"Monterrey","4004148","2025-10-06","Domenec Torrent","2025-07-13","2026-03-01","Domènec Torrent Font","161","1"
"Monterrey","4004152","2025-10-19","Domenec Torrent","2025-07-13","2026-03-01","Domènec Torrent Font","161","1"
"Monterrey","4004160","2025-10-22","Domenec Torrent","2025-07-13","2026-03-01","Domènec Torrent Font","161","1"
"Monterrey","4004173","2025-10-26","Domenec Torrent","2025-07-13","2026-03-01","Domènec Torrent Font","161","1"
"Monterrey","4004180","2025-11-02","Domenec Torrent","2025-07-13","2026-03-01","Domènec Torrent Font","161","1"
"Monterrey","4004188","2025-11-08","Domenec Torrent","2025-07-13","2026-03-01","Domènec Torrent Font","161","1"
"Monterrey","4038804","2026-01-11","Domenec Torrent","2025-07-13","2026-03-01","Domènec Torrent Font","161","1"
"Monterrey","4038814","2026-01-14","Domenec Torrent","2025-07-13","2026-03-01","Domènec Torrent Font","161","1"
"Monterrey","4038819","2026-01-17","Domenec Torrent","2025-07-13","2026-03-01","Domènec Torrent Font","161","1"
"Monterrey","4038831","2026-02-01","Domenec Torrent","2025-07-13","2026-03-01","Domènec Torrent Font","161","1"
"Monterrey","4038841","2026-02-08","Domenec Torrent","2025-07-13","2026-03-01","Domènec Torrent Font","161","1"
"Monterrey","4038850","2026-02-15","Domenec Torrent","2025-07-13","2026-03-01","Domènec Torrent Font","161","1"
"Monterrey","4038862","2026-02-22","Domenec Torrent","2025-07-13","2026-03-01","Domènec Torrent Font","161","1"
"Monterrey","4038872","2026-03-01","Domenec Torrent","2025-07-13","2026-03-01","Domènec Torrent Font","161","1"
"Monterrey","4038879","2026-03-05","Nicolas Gabriel Sanchez II","2026-03-05","2026-04-26","Nicolás Gabriel Sánchez","1001795","1"
"Monterrey","4038885","2026-03-08","Nicolas Gabriel Sanchez II","2026-03-05","2026-04-26","Nicolás Gabriel Sánchez","1001795","1"
"Monterrey","4038890","2026-03-14","Nicolas Gabriel Sanchez II","2026-03-05","2026-04-26","Nicolás Gabriel Sánchez","1001795","1"
"Monterrey","4038905","2026-03-22","Nicolas Gabriel Sanchez II","2026-03-05","2026-04-26","Nicolás Gabriel Sánchez","1001795","1"
"Monterrey","4038913","2026-04-04","Nicolas Gabriel Sanchez II","2026-03-05","2026-04-26","Nicolás Gabriel Sánchez","1001795","1"
"Monterrey","4038924","2026-04-12","Nicolas Gabriel Sanchez II","2026-03-05","2026-04-26","Nicolás Gabriel Sánchez","1001795","1"
"Monterrey","4038934","2026-04-19","Nicolas Gabriel Sanchez II","2026-03-05","2026-04-26","Nicolás Gabriel Sánchez","1001795","1"
"Monterrey","4038939","2026-04-22","Nicolas Gabriel Sanchez II","2026-03-05","2026-04-26","Nicolás Gabriel Sánchez","1001795","1"
"Monterrey","4038952","2026-04-26","Nicolas Gabriel Sanchez II","2026-03-05","2026-04-26","Nicolás Gabriel Sánchez","1001795","1"
"Necaxa","3799394","2021-07-24","Guillermo Alejandro Vazquez Herrera","2021-07-24","2021-09-28","Guillermo Alejandro Vázquez Herrera","2778","1"
"Necaxa","3799390","2021-08-01","Guillermo Alejandro Vazquez Herrera","2021-07-24","2021-09-28","Guillermo Alejandro Vázquez Herrera","2778","1"
"Necaxa","3799405","2021-08-07","Guillermo Alejandro Vazquez Herrera","2021-07-24","2021-09-28","Guillermo Alejandro Vázquez Herrera","2778","1"
"Necaxa","3799439","2021-08-13","Guillermo Alejandro Vazquez Herrera","2021-07-24","2021-09-28","Guillermo Alejandro Vázquez Herrera","2778","1"
"Necaxa","3799482","2021-08-18","Guillermo Alejandro Vazquez Herrera","2021-07-24","2021-09-28","Guillermo Alejandro Vázquez Herrera","2778","1"
"Necaxa","3799454","2021-08-23","Guillermo Alejandro Vazquez Herrera","2021-07-24","2021-09-28","Guillermo Alejandro Vázquez Herrera","2778","1"
"Necaxa","3799428","2021-08-28","Guillermo Alejandro Vazquez Herrera","2021-07-24","2021-09-28","Guillermo Alejandro Vázquez Herrera","2778","1"
"Necaxa","3799458","2021-09-13","Guillermo Alejandro Vazquez Herrera","2021-07-24","2021-09-28","Guillermo Alejandro Vázquez Herrera","2778","1"
"Necaxa","3799368","2021-09-18","Guillermo Alejandro Vazquez Herrera","2021-07-24","2021-09-28","Guillermo Alejandro Vázquez Herrera","2778","1"
"Necaxa","3799472","2021-09-24","Guillermo Alejandro Vazquez Herrera","2021-07-24","2021-09-28","Guillermo Alejandro Vázquez Herrera","2778","1"
"Necaxa","3799396","2021-09-28","Guillermo Alejandro Vazquez Herrera","2021-07-24","2021-09-28","Guillermo Alejandro Vázquez Herrera","2778","1"
"Necaxa","3799475","2021-10-04","Pablo Adrian Guede Barriero","2021-10-04","2022-02-05","Pablo Adrián Guede Barriero","2945","1"
"Necaxa","3799398","2021-10-16","Pablo Adrian Guede Barriero","2021-10-04","2022-02-05","Pablo Adrián Guede Barriero","2945","1"
"Necaxa","3799399","2021-10-21","Pablo Adrian Guede Barriero","2021-10-04","2022-02-05","Pablo Adrián Guede Barriero","2945","1"
"Necaxa","3799463","2021-10-23","Pablo Adrian Guede Barriero","2021-10-04","2022-02-05","Pablo Adrián Guede Barriero","2945","1"
"Necaxa","3799424","2021-10-30","Pablo Adrian Guede Barriero","2021-10-04","2022-02-05","Pablo Adrián Guede Barriero","2945","1"
"Necaxa","3799395","2021-11-06","Pablo Adrian Guede Barriero","2021-10-04","2022-02-05","Pablo Adrián Guede Barriero","2945","1"
"Necaxa","3816793","2022-01-08","Pablo Adrian Guede Barriero","2021-10-04","2022-02-05","Pablo Adrián Guede Barriero","2945","1"
"Necaxa","3816707","2022-01-15","Pablo Adrian Guede Barriero","2021-10-04","2022-02-05","Pablo Adrián Guede Barriero","2945","1"
"Necaxa","3816794","2022-01-24","Pablo Adrian Guede Barriero","2021-10-04","2022-02-05","Pablo Adrián Guede Barriero","2945","1"
"Necaxa","3816696","2022-02-05","Pablo Adrian Guede Barriero","2021-10-04","2022-02-05","Pablo Adrián Guede Barriero","2945","1"
"Necaxa","3816807","2022-02-13","Jaime Lozano","2022-02-13","2022-10-02","Jaime Arturo Lozano Espín","1000115","1"
"Necaxa","3816747","2022-02-19","Jaime Lozano","2022-02-13","2022-10-02","Jaime Arturo Lozano Espín","1000115","1"
"Necaxa","3816701","2022-02-26","Jaime Lozano","2022-02-13","2022-10-02","Jaime Arturo Lozano Espín","1000115","1"
"Necaxa","3816806","2022-03-02","Jaime Lozano","2022-02-13","2022-10-02","Jaime Arturo Lozano Espín","1000115","1"
"Necaxa","3816781","2022-03-05","Jaime Lozano","2022-02-13","2022-10-02","Jaime Arturo Lozano Espín","1000115","1"
"Necaxa","3816783","2022-03-12","Jaime Lozano","2022-02-13","2022-10-02","Jaime Arturo Lozano Espín","1000115","1"
"Necaxa","3816712","2022-03-19","Jaime Lozano","2022-02-13","2022-10-02","Jaime Arturo Lozano Espín","1000115","1"
"Necaxa","3816681","2022-04-03","Jaime Lozano","2022-02-13","2022-10-02","Jaime Arturo Lozano Espín","1000115","1"
"Necaxa","3816705","2022-04-08","Jaime Lozano","2022-02-13","2022-10-02","Jaime Arturo Lozano Espín","1000115","1"
"Necaxa","3816731","2022-04-16","Jaime Lozano","2022-02-13","2022-10-02","Jaime Arturo Lozano Espín","1000115","1"
"Necaxa","3816790","2022-04-20","Jaime Lozano","2022-02-13","2022-10-02","Jaime Arturo Lozano Espín","1000115","1"
"Necaxa","3816734","2022-04-23","Jaime Lozano","2022-02-13","2022-10-02","Jaime Arturo Lozano Espín","1000115","1"
"Necaxa","3816706","2022-04-30","Jaime Lozano","2022-02-13","2022-10-02","Jaime Arturo Lozano Espín","1000115","1"
"Necaxa","3835101","2022-07-02","Jaime Lozano","2022-02-13","2022-10-02","Jaime Arturo Lozano Espín","1000115","1"
"Necaxa","3835118","2022-07-10","Jaime Lozano","2022-02-13","2022-10-02","Jaime Arturo Lozano Espín","1000115","1"
"Necaxa","3835124","2022-07-17","Jaime Lozano","2022-02-13","2022-10-02","Jaime Arturo Lozano Espín","1000115","1"
"Necaxa","3835131","2022-07-23","Jaime Lozano","2022-02-13","2022-10-02","Jaime Arturo Lozano Espín","1000115","1"
"Necaxa","3835144","2022-07-28","Jaime Lozano","2022-02-13","2022-10-02","Jaime Arturo Lozano Espín","1000115","1"
"Necaxa","3835149","2022-07-30","Jaime Lozano","2022-02-13","2022-10-02","Jaime Arturo Lozano Espín","1000115","1"
"Necaxa","3835163","2022-08-07","Jaime Lozano","2022-02-13","2022-10-02","Jaime Arturo Lozano Espín","1000115","1"
"Necaxa","3835167","2022-08-13","Jaime Lozano","2022-02-13","2022-10-02","Jaime Arturo Lozano Espín","1000115","1"
"Necaxa","3835174","2022-08-17","Jaime Lozano","2022-02-13","2022-10-02","Jaime Arturo Lozano Espín","1000115","1"
"Necaxa","3835183","2022-08-20","Jaime Lozano","2022-02-13","2022-10-02","Jaime Arturo Lozano Espín","1000115","1"
"Necaxa","3835202","2022-08-28","Jaime Lozano","2022-02-13","2022-10-02","Jaime Arturo Lozano Espín","1000115","1"
"Necaxa","3835208","2022-09-03","Jaime Lozano","2022-02-13","2022-10-02","Jaime Arturo Lozano Espín","1000115","1"
"Necaxa","3835216","2022-09-07","Jaime Lozano","2022-02-13","2022-10-02","Jaime Arturo Lozano Espín","1000115","1"
"Necaxa","3835225","2022-09-11","Jaime Lozano","2022-02-13","2022-10-02","Jaime Arturo Lozano Espín","1000115","1"
"Necaxa","3835243","2022-09-19","Jaime Lozano","2022-02-13","2022-10-02","Jaime Arturo Lozano Espín","1000115","1"
"Necaxa","3835244","2022-09-24","Jaime Lozano","2022-02-13","2022-10-02","Jaime Arturo Lozano Espín","1000115","1"
"Necaxa","3835248","2022-10-02","Jaime Lozano","2022-02-13","2022-10-02","Jaime Arturo Lozano Espín","1000115","1"
"Necaxa","3870376","2023-01-07","Andres Lillini","2023-01-07","2023-04-30","Andrés Luciano Lillini","4870","1"
"Necaxa","3870392","2023-01-17","Andres Lillini","2023-01-07","2023-04-30","Andrés Luciano Lillini","4870","1"
"Necaxa","3870398","2023-01-22","Andres Lillini","2023-01-07","2023-04-30","Andrés Luciano Lillini","4870","1"
"Necaxa","3870410","2023-01-30","Andres Lillini","2023-01-07","2023-04-30","Andrés Luciano Lillini","4870","1"
"Necaxa","3870412","2023-02-04","Andres Lillini","2023-01-07","2023-04-30","Andrés Luciano Lillini","4870","1"
"Necaxa","3870426","2023-02-11","Andres Lillini","2023-01-07","2023-04-30","Andrés Luciano Lillini","4870","1"
"Necaxa","3870433","2023-02-16","Andres Lillini","2023-01-07","2023-04-30","Andrés Luciano Lillini","4870","1"
"Necaxa","3870441","2023-02-18","Andres Lillini","2023-01-07","2023-04-30","Andrés Luciano Lillini","4870","1"
"Necaxa","3870447","2023-02-25","Andres Lillini","2023-01-07","2023-04-30","Andrés Luciano Lillini","4870","1"
"Necaxa","3870457","2023-03-04","Andres Lillini","2023-01-07","2023-04-30","Andrés Luciano Lillini","4870","1"
"Necaxa","3870471","2023-03-13","Andres Lillini","2023-01-07","2023-04-30","Andrés Luciano Lillini","4870","1"
"Necaxa","3870476","2023-03-18","Andres Lillini","2023-01-07","2023-04-30","Andrés Luciano Lillini","4870","1"
"Necaxa","3870484","2023-04-01","Andres Lillini","2023-01-07","2023-04-30","Andrés Luciano Lillini","4870","1"
"Necaxa","3870494","2023-04-08","Andres Lillini","2023-01-07","2023-04-30","Andrés Luciano Lillini","4870","1"
"Necaxa","3870503","2023-04-15","Andres Lillini","2023-01-07","2023-04-30","Andrés Luciano Lillini","4870","1"
"Necaxa","3870512","2023-04-22","Andres Lillini","2023-01-07","2023-04-30","Andrés Luciano Lillini","4870","1"
"Necaxa","3870521","2023-04-30","Andres Lillini","2023-01-07","2023-04-30","Andrés Luciano Lillini","4870","1"
"Necaxa","3889641","2023-07-02","Rafael Edgar Dudamel Ochoa","2023-07-02","2023-08-27","Rafael Edgar Dudamel Ochoa","5452","1"
"Necaxa","3889652","2023-07-08","Rafael Edgar Dudamel Ochoa","2023-07-02","2023-08-27","Rafael Edgar Dudamel Ochoa","5452","1"
"Necaxa","3889656","2023-07-14","Rafael Edgar Dudamel Ochoa","2023-07-02","2023-08-27","Rafael Edgar Dudamel Ochoa","5452","1"
"Necaxa","3889666","2023-08-21","Rafael Edgar Dudamel Ochoa","2023-07-02","2023-08-27","Rafael Edgar Dudamel Ochoa","5452","1"
"Necaxa","3889681","2023-08-24","Rafael Edgar Dudamel Ochoa","2023-07-02","2023-08-27","Rafael Edgar Dudamel Ochoa","5452","1"
"Necaxa","3889688","2023-08-27","Rafael Edgar Dudamel Ochoa","2023-07-02","2023-08-27","Rafael Edgar Dudamel Ochoa","5452","1"
"Necaxa","3889697","2023-09-02","Luis Alberto Padilla Velasco I","2023-09-02","2023-09-02","Luis Alberto Padilla Velasco","1003613","1"
"Necaxa","3889705","2023-09-16","Eduardo Fentanes","2023-09-16","2024-10-28","Eduardo Fentanes Orozco","1001172","1"
"Necaxa","3889716","2023-09-25","Eduardo Fentanes","2023-09-16","2024-10-28","Eduardo Fentanes Orozco","1001172","1"
"Necaxa","3889723","2023-09-30","Eduardo Fentanes","2023-09-16","2024-10-28","Eduardo Fentanes Orozco","1001172","1"
"Necaxa","3889731","2023-10-05","Eduardo Fentanes","2023-09-16","2024-10-28","Eduardo Fentanes Orozco","1001172","1"
"Necaxa","3889739","2023-10-08","Eduardo Fentanes","2023-09-16","2024-10-28","Eduardo Fentanes Orozco","1001172","1"
"Necaxa","3889749","2023-10-23","Eduardo Fentanes","2023-09-16","2024-10-28","Eduardo Fentanes Orozco","1001172","1"
"Necaxa","3889755","2023-10-28","Eduardo Fentanes","2023-09-16","2024-10-28","Eduardo Fentanes Orozco","1001172","1"
"Necaxa","3889763","2023-11-01","Eduardo Fentanes","2023-09-16","2024-10-28","Eduardo Fentanes Orozco","1001172","1"
"Necaxa","3889780","2023-11-05","Eduardo Fentanes","2023-09-16","2024-10-28","Eduardo Fentanes Orozco","1001172","1"
"Necaxa","3889782","2023-11-11","Eduardo Fentanes","2023-09-16","2024-10-28","Eduardo Fentanes Orozco","1001172","1"
"Necaxa","3918958","2024-01-15","Eduardo Fentanes","2023-09-16","2024-10-28","Eduardo Fentanes Orozco","1001172","1"
"Necaxa","3918960","2024-01-20","Eduardo Fentanes","2023-09-16","2024-10-28","Eduardo Fentanes Orozco","1001172","1"
"Necaxa","3918974","2024-01-28","Eduardo Fentanes","2023-09-16","2024-10-28","Eduardo Fentanes Orozco","1001172","1"
"Necaxa","3918985","2024-02-01","Eduardo Fentanes","2023-09-16","2024-10-28","Eduardo Fentanes Orozco","1001172","1"
"Necaxa","3918989","2024-02-03","Eduardo Fentanes","2023-09-16","2024-10-28","Eduardo Fentanes Orozco","1001172","1"
"Necaxa","3918998","2024-02-10","Eduardo Fentanes","2023-09-16","2024-10-28","Eduardo Fentanes Orozco","1001172","1"
"Necaxa","3919005","2024-02-17","Eduardo Fentanes","2023-09-16","2024-10-28","Eduardo Fentanes Orozco","1001172","1"
"Necaxa","3919015","2024-02-21","Eduardo Fentanes","2023-09-16","2024-10-28","Eduardo Fentanes Orozco","1001172","1"
"Necaxa","3919019","2024-02-24","Eduardo Fentanes","2023-09-16","2024-10-28","Eduardo Fentanes Orozco","1001172","1"
"Necaxa","3919033","2024-03-02","Eduardo Fentanes","2023-09-16","2024-10-28","Eduardo Fentanes Orozco","1001172","1"
"Necaxa","3919041","2024-03-09","Eduardo Fentanes","2023-09-16","2024-10-28","Eduardo Fentanes Orozco","1001172","1"
"Necaxa","3919052","2024-03-16","Eduardo Fentanes","2023-09-16","2024-10-28","Eduardo Fentanes Orozco","1001172","1"
"Necaxa","3919064","2024-04-01","Eduardo Fentanes","2023-09-16","2024-10-28","Eduardo Fentanes Orozco","1001172","1"
"Necaxa","3919068","2024-04-06","Eduardo Fentanes","2023-09-16","2024-10-28","Eduardo Fentanes Orozco","1001172","1"
"Necaxa","3919077","2024-04-13","Eduardo Fentanes","2023-09-16","2024-10-28","Eduardo Fentanes Orozco","1001172","1"
"Necaxa","3919090","2024-04-21","Eduardo Fentanes","2023-09-16","2024-10-28","Eduardo Fentanes Orozco","1001172","1"
"Necaxa","3919101","2024-04-29","Eduardo Fentanes","2023-09-16","2024-10-28","Eduardo Fentanes Orozco","1001172","1"
"Necaxa","3939820","2024-07-07","Eduardo Fentanes","2023-09-16","2024-10-28","Eduardo Fentanes Orozco","1001172","1"
"Necaxa","3939829","2024-07-13","Eduardo Fentanes","2023-09-16","2024-10-28","Eduardo Fentanes Orozco","1001172","1"
"Necaxa","3939842","2024-07-18","Eduardo Fentanes","2023-09-16","2024-10-28","Eduardo Fentanes Orozco","1001172","1"
"Necaxa","3939851","2024-07-22","Eduardo Fentanes","2023-09-16","2024-10-28","Eduardo Fentanes Orozco","1001172","1"
"Necaxa","3939855","2024-08-24","Eduardo Fentanes","2023-09-16","2024-10-28","Eduardo Fentanes Orozco","1001172","1"
"Necaxa","3939869","2024-09-02","Eduardo Fentanes","2023-09-16","2024-10-28","Eduardo Fentanes Orozco","1001172","1"
"Necaxa","3939874","2024-09-14","Eduardo Fentanes","2023-09-16","2024-10-28","Eduardo Fentanes Orozco","1001172","1"
"Necaxa","3939885","2024-09-19","Eduardo Fentanes","2023-09-16","2024-10-28","Eduardo Fentanes Orozco","1001172","1"
"Necaxa","3939892","2024-09-22","Eduardo Fentanes","2023-09-16","2024-10-28","Eduardo Fentanes Orozco","1001172","1"
"Necaxa","3939897","2024-09-28","Eduardo Fentanes","2023-09-16","2024-10-28","Eduardo Fentanes Orozco","1001172","1"
"Necaxa","3939913","2024-10-05","Eduardo Fentanes","2023-09-16","2024-10-28","Eduardo Fentanes Orozco","1001172","1"
"Necaxa","3939916","2024-10-19","Eduardo Fentanes","2023-09-16","2024-10-28","Eduardo Fentanes Orozco","1001172","1"
"Necaxa","3939927","2024-10-23","Eduardo Fentanes","2023-09-16","2024-10-28","Eduardo Fentanes Orozco","1001172","1"
"Necaxa","3939942","2024-10-28","Eduardo Fentanes","2023-09-16","2024-10-28","Eduardo Fentanes Orozco","1001172","1"
"Necaxa","3939949","2024-11-03","Luis Alberto Padilla Velasco II","2024-11-03","2024-11-10","Luis Alberto Padilla Velasco","1003613","1"
"Necaxa","3939960","2024-11-07","Luis Alberto Padilla Velasco II","2024-11-03","2024-11-10","Luis Alberto Padilla Velasco","1003613","1"
"Necaxa","3939966","2024-11-10","Luis Alberto Padilla Velasco II","2024-11-03","2024-11-10","Luis Alberto Padilla Velasco","1003613","1"
"Necaxa","3972019","2025-01-12","Nicolas Larcamon","2025-01-12","2025-04-19","Nicolás Ricardo Larcamón","3629","1"
"Necaxa","3972024","2025-01-18","Nicolas Larcamon","2025-01-12","2025-04-19","Nicolás Ricardo Larcamón","3629","1"
"Necaxa","3972032","2025-01-25","Nicolas Larcamon","2025-01-12","2025-04-19","Nicolás Ricardo Larcamón","3629","1"
"Necaxa","3972044","2025-01-29","Nicolas Larcamon","2025-01-12","2025-04-19","Nicolás Ricardo Larcamón","3629","1"
"Necaxa","3972055","2025-02-02","Nicolas Larcamon","2025-01-12","2025-04-19","Nicolás Ricardo Larcamón","3629","1"
"Necaxa","3972060","2025-02-08","Nicolas Larcamon","2025-01-12","2025-04-19","Nicolás Ricardo Larcamón","3629","1"
"Necaxa","3972074","2025-02-15","Nicolas Larcamon","2025-01-12","2025-04-19","Nicolás Ricardo Larcamón","3629","1"
"Necaxa","3972079","2025-02-19","Nicolas Larcamon","2025-01-12","2025-04-19","Nicolás Ricardo Larcamón","3629","1"
"Necaxa","3972081","2025-02-22","Nicolas Larcamon","2025-01-12","2025-04-19","Nicolás Ricardo Larcamón","3629","1"
"Necaxa","3972101","2025-03-02","Nicolas Larcamon","2025-01-12","2025-04-19","Nicolás Ricardo Larcamón","3629","1"
"Necaxa","3972108","2025-03-08","Nicolas Larcamon","2025-01-12","2025-04-19","Nicolás Ricardo Larcamón","3629","1"
"Necaxa","3972116","2025-03-15","Nicolas Larcamon","2025-01-12","2025-04-19","Nicolás Ricardo Larcamón","3629","1"
"Necaxa","3972123","2025-03-29","Nicolas Larcamon","2025-01-12","2025-04-19","Nicolás Ricardo Larcamón","3629","1"
"Necaxa","3972133","2025-04-05","Nicolas Larcamon","2025-01-12","2025-04-19","Nicolás Ricardo Larcamón","3629","1"
"Necaxa","3972142","2025-04-12","Nicolas Larcamon","2025-01-12","2025-04-19","Nicolás Ricardo Larcamón","3629","1"
"Necaxa","3972151","2025-04-16","Nicolas Larcamon","2025-01-12","2025-04-19","Nicolás Ricardo Larcamón","3629","1"
"Necaxa","3972159","2025-04-19","Nicolas Larcamon","2025-01-12","2025-04-19","Nicolás Ricardo Larcamón","3629","1"
"Necaxa","4004046","2025-07-13","Fernando Gago","2025-07-13","2025-11-08","Fernando Rubén Gago","5662","1"
"Necaxa","4004051","2025-07-19","Fernando Gago","2025-07-13","2025-11-08","Fernando Rubén Gago","5662","1"
"Necaxa","4004065","2025-07-27","Fernando Gago","2025-07-13","2025-11-08","Fernando Rubén Gago","5662","1"
"Necaxa","4004071","2025-08-11","Fernando Gago","2025-07-13","2025-11-08","Fernando Rubén Gago","5662","1"
"Necaxa","4004077","2025-08-16","Fernando Gago","2025-07-13","2025-11-08","Fernando Rubén Gago","5662","1"
"Necaxa","4004090","2025-08-24","Fernando Gago","2025-07-13","2025-11-08","Fernando Rubén Gago","5662","1"
"Necaxa","4004102","2025-09-01","Fernando Gago","2025-07-13","2025-11-08","Fernando Rubén Gago","5662","1"
"Necaxa","4004104","2025-09-13","Fernando Gago","2025-07-13","2025-11-08","Fernando Rubén Gago","5662","1"
"Necaxa","4004116","2025-09-20","Fernando Gago","2025-07-13","2025-11-08","Fernando Rubén Gago","5662","1"
"Necaxa","4004125","2025-09-24","Fernando Gago","2025-07-13","2025-11-08","Fernando Rubén Gago","5662","1"
"Necaxa","4004133","2025-09-27","Fernando Gago","2025-07-13","2025-11-08","Fernando Rubén Gago","5662","1"
"Necaxa","4004140","2025-10-04","Fernando Gago","2025-07-13","2025-11-08","Fernando Rubén Gago","5662","1"
"Necaxa","4004151","2025-10-18","Fernando Gago","2025-07-13","2025-11-08","Fernando Rubén Gago","5662","1"
"Necaxa","4004159","2025-10-22","Fernando Gago","2025-07-13","2025-11-08","Fernando Rubén Gago","5662","1"
"Necaxa","4004175","2025-10-27","Fernando Gago","2025-07-13","2025-11-08","Fernando Rubén Gago","5662","1"
"Necaxa","4004176","2025-11-01","Fernando Gago","2025-07-13","2025-11-08","Fernando Rubén Gago","5662","1"
"Necaxa","4004187","2025-11-08","Fernando Gago","2025-07-13","2025-11-08","Fernando Rubén Gago","5662","1"
"Necaxa","4038807","2026-01-11","Martin Varini","2026-01-11","2026-04-27","Martín Varini Di Zioli","6035","1"
"Necaxa","4038814","2026-01-14","Martin Varini","2026-01-11","2026-04-27","Martín Varini Di Zioli","6035","1"
"Necaxa","4038820","2026-01-17","Martin Varini","2026-01-11","2026-04-27","Martín Varini Di Zioli","6035","1"
"Necaxa","4038834","2026-01-31","Martin Varini","2026-01-11","2026-04-27","Martín Varini Di Zioli","6035","1"
"Necaxa","4038839","2026-02-07","Martin Varini","2026-01-11","2026-04-27","Martín Varini Di Zioli","6035","1"
"Necaxa","4038848","2026-02-15","Martin Varini","2026-01-11","2026-04-27","Martín Varini Di Zioli","6035","1"
"Necaxa","4038860","2026-02-22","Martin Varini","2026-01-11","2026-04-27","Martín Varini Di Zioli","6035","1"
"Necaxa","4038868","2026-03-01","Martin Varini","2026-01-11","2026-04-27","Martín Varini Di Zioli","6035","1"
"Necaxa","4038874","2026-03-04","Martin Varini","2026-01-11","2026-04-27","Martín Varini Di Zioli","6035","1"
"Necaxa","4038881","2026-03-07","Martin Varini","2026-01-11","2026-04-27","Martín Varini Di Zioli","6035","1"
"Necaxa","4038892","2026-03-14","Martin Varini","2026-01-11","2026-04-27","Martín Varini Di Zioli","6035","1"
"Necaxa","4038901","2026-03-21","Martin Varini","2026-01-11","2026-04-27","Martín Varini Di Zioli","6035","1"
"Necaxa","4038910","2026-04-04","Martin Varini","2026-01-11","2026-04-27","Martín Varini Di Zioli","6035","1"
"Necaxa","4038923","2026-04-11","Martin Varini","2026-01-11","2026-04-27","Martín Varini Di Zioli","6035","1"
"Necaxa","4038928","2026-04-18","Martin Varini","2026-01-11","2026-04-27","Martín Varini Di Zioli","6035","1"
"Necaxa","4038940","2026-04-23","Martin Varini","2026-01-11","2026-04-27","Martín Varini Di Zioli","6035","1"
"Necaxa","4038953","2026-04-27","Martin Varini","2026-01-11","2026-04-27","Martín Varini Di Zioli","6035","1"
"Pachuca","3799420","2021-07-24","Paulo Cesar Pezzolano Suarez","2021-07-24","2021-11-07","Paulo César Pezzolano Suárez","2985","1"
"Pachuca","3799485","2021-07-31","Paulo Cesar Pezzolano Suarez","2021-07-24","2021-11-07","Paulo César Pezzolano Suárez","2985","1"
"Pachuca","3799464","2021-08-10","Paulo Cesar Pezzolano Suarez","2021-07-24","2021-11-07","Paulo César Pezzolano Suárez","2985","1"
"Pachuca","3799486","2021-08-15","Paulo Cesar Pezzolano Suarez","2021-07-24","2021-11-07","Paulo César Pezzolano Suárez","2985","1"
"Pachuca","3799374","2021-08-23","Paulo Cesar Pezzolano Suarez","2021-07-24","2021-11-07","Paulo César Pezzolano Suárez","2985","1"
"Pachuca","3799491","2021-08-30","Paulo Cesar Pezzolano Suarez","2021-07-24","2021-11-07","Paulo César Pezzolano Suárez","2985","1"
"Pachuca","3799361","2021-09-14","Paulo Cesar Pezzolano Suarez","2021-07-24","2021-11-07","Paulo César Pezzolano Suárez","2985","1"
"Pachuca","3799474","2021-09-19","Paulo Cesar Pezzolano Suarez","2021-07-24","2021-11-07","Paulo César Pezzolano Suárez","2985","1"
"Pachuca","3799472","2021-09-24","Paulo Cesar Pezzolano Suarez","2021-07-24","2021-11-07","Paulo César Pezzolano Suárez","2985","1"
"Pachuca","3799448","2021-09-29","Paulo Cesar Pezzolano Suarez","2021-07-24","2021-11-07","Paulo César Pezzolano Suárez","2985","1"
"Pachuca","3799488","2021-10-02","Paulo Cesar Pezzolano Suarez","2021-07-24","2021-11-07","Paulo César Pezzolano Suárez","2985","1"
"Pachuca","3799373","2021-10-17","Paulo Cesar Pezzolano Suarez","2021-07-24","2021-11-07","Paulo César Pezzolano Suárez","2985","1"
"Pachuca","3799450","2021-10-21","Paulo Cesar Pezzolano Suarez","2021-07-24","2021-11-07","Paulo César Pezzolano Suárez","2985","1"
"Pachuca","3799456","2021-10-25","Paulo Cesar Pezzolano Suarez","2021-07-24","2021-11-07","Paulo César Pezzolano Suárez","2985","1"
"Pachuca","3799447","2021-10-31","Paulo Cesar Pezzolano Suarez","2021-07-24","2021-11-07","Paulo César Pezzolano Suárez","2985","1"
"Pachuca","3799362","2021-11-04","Paulo Cesar Pezzolano Suarez","2021-07-24","2021-11-07","Paulo César Pezzolano Suárez","2985","1"
"Pachuca","3799352","2021-11-07","Paulo Cesar Pezzolano Suarez","2021-07-24","2021-11-07","Paulo César Pezzolano Suárez","2985","1"
"Pachuca","3816669","2022-01-07","Guillermo Almada","2022-01-07","2025-04-21","Jorge Guillermo Almada Álves","2947","1"
"Pachuca","3816772","2022-01-17","Guillermo Almada","2022-01-07","2025-04-21","Jorge Guillermo Almada Álves","2947","1"
"Pachuca","3816684","2022-01-23","Guillermo Almada","2022-01-07","2025-04-21","Jorge Guillermo Almada Álves","2947","1"
"Pachuca","3816696","2022-02-05","Guillermo Almada","2022-01-07","2025-04-21","Jorge Guillermo Almada Álves","2947","1"
"Pachuca","3816795","2022-02-15","Guillermo Almada","2022-01-07","2025-04-21","Jorge Guillermo Almada Álves","2947","1"
"Pachuca","3816749","2022-02-20","Guillermo Almada","2022-01-07","2025-04-21","Jorge Guillermo Almada Álves","2947","1"
"Pachuca","3816741","2022-02-25","Guillermo Almada","2022-01-07","2025-04-21","Jorge Guillermo Almada Álves","2947","1"
"Pachuca","3816766","2022-03-03","Guillermo Almada","2022-01-07","2025-04-21","Jorge Guillermo Almada Álves","2947","1"
"Pachuca","3816763","2022-03-13","Guillermo Almada","2022-01-07","2025-04-21","Jorge Guillermo Almada Álves","2947","1"
"Pachuca","3816716","2022-03-20","Guillermo Almada","2022-01-07","2025-04-21","Jorge Guillermo Almada Álves","2947","1"
"Pachuca","3816776","2022-04-04","Guillermo Almada","2022-01-07","2025-04-21","Jorge Guillermo Almada Álves","2947","1"
"Pachuca","3816677","2022-04-08","Guillermo Almada","2022-01-07","2025-04-21","Jorge Guillermo Almada Álves","2947","1"
"Pachuca","3816789","2022-04-12","Guillermo Almada","2022-01-07","2025-04-21","Jorge Guillermo Almada Álves","2947","1"
"Pachuca","3816728","2022-04-16","Guillermo Almada","2022-01-07","2025-04-21","Jorge Guillermo Almada Álves","2947","1"
"Pachuca","3816736","2022-04-20","Guillermo Almada","2022-01-07","2025-04-21","Jorge Guillermo Almada Álves","2947","1"
"Pachuca","3816667","2022-04-23","Guillermo Almada","2022-01-07","2025-04-21","Jorge Guillermo Almada Álves","2947","1"
"Pachuca","3816727","2022-05-01","Guillermo Almada","2022-01-07","2025-04-21","Jorge Guillermo Almada Álves","2947","1"
"Pachuca","3835109","2022-07-05","Guillermo Almada","2022-01-07","2025-04-21","Jorge Guillermo Almada Álves","2947","1"
"Pachuca","3835116","2022-07-10","Guillermo Almada","2022-01-07","2025-04-21","Jorge Guillermo Almada Álves","2947","1"
"Pachuca","3835127","2022-07-19","Guillermo Almada","2022-01-07","2025-04-21","Jorge Guillermo Almada Álves","2947","1"
"Pachuca","3835136","2022-07-25","Guillermo Almada","2022-01-07","2025-04-21","Jorge Guillermo Almada Álves","2947","1"
"Pachuca","3835144","2022-07-28","Guillermo Almada","2022-01-07","2025-04-21","Jorge Guillermo Almada Álves","2947","1"
"Pachuca","3835146","2022-07-31","Guillermo Almada","2022-01-07","2025-04-21","Jorge Guillermo Almada Álves","2947","1"
"Pachuca","3835164","2022-08-07","Guillermo Almada","2022-01-07","2025-04-21","Jorge Guillermo Almada Álves","2947","1"
"Pachuca","3835177","2022-08-18","Guillermo Almada","2022-01-07","2025-04-21","Jorge Guillermo Almada Álves","2947","1"
"Pachuca","3835189","2022-08-22","Guillermo Almada","2022-01-07","2025-04-21","Jorge Guillermo Almada Álves","2947","1"
"Pachuca","3835195","2022-08-26","Guillermo Almada","2022-01-07","2025-04-21","Jorge Guillermo Almada Álves","2947","1"
"Pachuca","3835200","2022-08-28","Guillermo Almada","2022-01-07","2025-04-21","Jorge Guillermo Almada Álves","2947","1"
"Pachuca","3835210","2022-09-03","Guillermo Almada","2022-01-07","2025-04-21","Jorge Guillermo Almada Álves","2947","1"
"Pachuca","3835222","2022-09-08","Guillermo Almada","2022-01-07","2025-04-21","Jorge Guillermo Almada Álves","2947","1"
"Pachuca","3835232","2022-09-12","Guillermo Almada","2022-01-07","2025-04-21","Jorge Guillermo Almada Álves","2947","1"
"Pachuca","3835168","2022-09-15","Guillermo Almada","2022-01-07","2025-04-21","Jorge Guillermo Almada Álves","2947","1"
"Pachuca","3835239","2022-09-19","Guillermo Almada","2022-01-07","2025-04-21","Jorge Guillermo Almada Álves","2947","1"
"Pachuca","3835251","2022-10-01","Guillermo Almada","2022-01-07","2025-04-21","Jorge Guillermo Almada Álves","2947","1"
"Pachuca","3870383","2023-01-10","Guillermo Almada","2022-01-07","2025-04-21","Jorge Guillermo Almada Álves","2947","1"
"Pachuca","3870391","2023-01-16","Guillermo Almada","2022-01-07","2025-04-21","Jorge Guillermo Almada Álves","2947","1"
"Pachuca","3870400","2023-01-23","Guillermo Almada","2022-01-07","2025-04-21","Jorge Guillermo Almada Álves","2947","1"
"Pachuca","3870410","2023-01-30","Guillermo Almada","2022-01-07","2025-04-21","Jorge Guillermo Almada Álves","2947","1"
"Pachuca","3870417","2023-02-04","Guillermo Almada","2022-01-07","2025-04-21","Jorge Guillermo Almada Álves","2947","1"
"Pachuca","3870424","2023-02-12","Guillermo Almada","2022-01-07","2025-04-21","Jorge Guillermo Almada Álves","2947","1"
"Pachuca","3870435","2023-02-17","Guillermo Almada","2022-01-07","2025-04-21","Jorge Guillermo Almada Álves","2947","1"
"Pachuca","3870442","2023-02-20","Guillermo Almada","2022-01-07","2025-04-21","Jorge Guillermo Almada Álves","2947","1"
"Pachuca","3870454","2023-02-27","Guillermo Almada","2022-01-07","2025-04-21","Jorge Guillermo Almada Álves","2947","1"
"Pachuca","3870462","2023-03-05","Guillermo Almada","2022-01-07","2025-04-21","Jorge Guillermo Almada Álves","2947","1"
"Pachuca","3870472","2023-03-13","Guillermo Almada","2022-01-07","2025-04-21","Jorge Guillermo Almada Álves","2947","1"
"Pachuca","3870480","2023-03-19","Guillermo Almada","2022-01-07","2025-04-21","Jorge Guillermo Almada Álves","2947","1"
"Pachuca","3870488","2023-04-01","Guillermo Almada","2022-01-07","2025-04-21","Jorge Guillermo Almada Álves","2947","1"
"Pachuca","3870499","2023-04-10","Guillermo Almada","2022-01-07","2025-04-21","Jorge Guillermo Almada Álves","2947","1"
"Pachuca","3870505","2023-04-15","Guillermo Almada","2022-01-07","2025-04-21","Jorge Guillermo Almada Álves","2947","1"
"Pachuca","3870514","2023-04-22","Guillermo Almada","2022-01-07","2025-04-21","Jorge Guillermo Almada Álves","2947","1"
"Pachuca","3870527","2023-04-30","Guillermo Almada","2022-01-07","2025-04-21","Jorge Guillermo Almada Álves","2947","1"
"Pachuca","3889638","2023-07-01","Guillermo Almada","2022-01-07","2025-04-21","Jorge Guillermo Almada Álves","2947","1"
"Pachuca","3889654","2023-07-11","Guillermo Almada","2022-01-07","2025-04-21","Jorge Guillermo Almada Álves","2947","1"
"Pachuca","3889663","2023-07-17","Guillermo Almada","2022-01-07","2025-04-21","Jorge Guillermo Almada Álves","2947","1"
"Pachuca","3889671","2023-08-21","Guillermo Almada","2022-01-07","2025-04-21","Jorge Guillermo Almada Álves","2947","1"
"Pachuca","3889677","2023-08-24","Guillermo Almada","2022-01-07","2025-04-21","Jorge Guillermo Almada Álves","2947","1"
"Pachuca","3889690","2023-08-29","Guillermo Almada","2022-01-07","2025-04-21","Jorge Guillermo Almada Álves","2947","1"
"Pachuca","3889694","2023-09-03","Guillermo Almada","2022-01-07","2025-04-21","Jorge Guillermo Almada Álves","2947","1"
"Pachuca","3889708","2023-09-19","Guillermo Almada","2022-01-07","2025-04-21","Jorge Guillermo Almada Álves","2947","1"
"Pachuca","3889713","2023-09-24","Guillermo Almada","2022-01-07","2025-04-21","Jorge Guillermo Almada Álves","2947","1"
"Pachuca","3889723","2023-09-30","Guillermo Almada","2022-01-07","2025-04-21","Jorge Guillermo Almada Álves","2947","1"
"Pachuca","3889728","2023-10-04","Guillermo Almada","2022-01-07","2025-04-21","Jorge Guillermo Almada Álves","2947","1"
"Pachuca","3889733","2023-10-08","Guillermo Almada","2022-01-07","2025-04-21","Jorge Guillermo Almada Álves","2947","1"
"Pachuca","3889743","2023-10-21","Guillermo Almada","2022-01-07","2025-04-21","Jorge Guillermo Almada Álves","2947","1"
"Pachuca","3889756","2023-10-29","Guillermo Almada","2022-01-07","2025-04-21","Jorge Guillermo Almada Álves","2947","1"
"Pachuca","3889767","2023-11-02","Guillermo Almada","2022-01-07","2025-04-21","Jorge Guillermo Almada Álves","2947","1"
"Pachuca","3889777","2023-11-05","Guillermo Almada","2022-01-07","2025-04-21","Jorge Guillermo Almada Álves","2947","1"
"Pachuca","3889783","2023-11-11","Guillermo Almada","2022-01-07","2025-04-21","Jorge Guillermo Almada Álves","2947","1"
"Pachuca","3918954","2024-01-14","Guillermo Almada","2022-01-07","2025-04-21","Jorge Guillermo Almada Álves","2947","1"
"Pachuca","3918979","2024-01-28","Guillermo Almada","2022-01-07","2025-04-21","Jorge Guillermo Almada Álves","2947","1"
"Pachuca","3918984","2024-02-01","Guillermo Almada","2022-01-07","2025-04-21","Jorge Guillermo Almada Álves","2947","1"
"Pachuca","3918988","2024-02-04","Guillermo Almada","2022-01-07","2025-04-21","Jorge Guillermo Almada Álves","2947","1"
"Pachuca","3918965","2024-02-08","Guillermo Almada","2022-01-07","2025-04-21","Jorge Guillermo Almada Álves","2947","1"
"Pachuca","3919003","2024-02-11","Guillermo Almada","2022-01-07","2025-04-21","Jorge Guillermo Almada Álves","2947","1"
"Pachuca","3919008","2024-02-18","Guillermo Almada","2022-01-07","2025-04-21","Jorge Guillermo Almada Álves","2947","1"
"Pachuca","3919014","2024-02-21","Guillermo Almada","2022-01-07","2025-04-21","Jorge Guillermo Almada Álves","2947","1"
"Pachuca","3919019","2024-02-24","Guillermo Almada","2022-01-07","2025-04-21","Jorge Guillermo Almada Álves","2947","1"
"Pachuca","3919035","2024-03-03","Guillermo Almada","2022-01-07","2025-04-21","Jorge Guillermo Almada Álves","2947","1"
"Pachuca","3919043","2024-03-10","Guillermo Almada","2022-01-07","2025-04-21","Jorge Guillermo Almada Álves","2947","1"
"Pachuca","3919056","2024-03-18","Guillermo Almada","2022-01-07","2025-04-21","Jorge Guillermo Almada Álves","2947","1"
"Pachuca","3919061","2024-03-31","Guillermo Almada","2022-01-07","2025-04-21","Jorge Guillermo Almada Álves","2947","1"
"Pachuca","3919071","2024-04-07","Guillermo Almada","2022-01-07","2025-04-21","Jorge Guillermo Almada Álves","2947","1"
"Pachuca","3919080","2024-04-13","Guillermo Almada","2022-01-07","2025-04-21","Jorge Guillermo Almada Álves","2947","1"
"Pachuca","3919093","2024-04-21","Guillermo Almada","2022-01-07","2025-04-21","Jorge Guillermo Almada Álves","2947","1"
"Pachuca","3919100","2024-04-28","Guillermo Almada","2022-01-07","2025-04-21","Jorge Guillermo Almada Álves","2947","1"
"Pachuca","3939824","2024-07-08","Guillermo Almada","2022-01-07","2025-04-21","Jorge Guillermo Almada Álves","2947","1"
"Pachuca","3939830","2024-07-13","Guillermo Almada","2022-01-07","2025-04-21","Jorge Guillermo Almada Álves","2947","1"
"Pachuca","3939837","2024-07-17","Guillermo Almada","2022-01-07","2025-04-21","Jorge Guillermo Almada Álves","2947","1"
"Pachuca","3939850","2024-07-21","Guillermo Almada","2022-01-07","2025-04-21","Jorge Guillermo Almada Álves","2947","1"
"Pachuca","3939853","2024-08-24","Guillermo Almada","2022-01-07","2025-04-21","Jorge Guillermo Almada Álves","2947","1"
"Pachuca","3939864","2024-08-31","Guillermo Almada","2022-01-07","2025-04-21","Jorge Guillermo Almada Álves","2947","1"
"Pachuca","3939871","2024-09-14","Guillermo Almada","2022-01-07","2025-04-21","Jorge Guillermo Almada Álves","2947","1"
"Pachuca","3939880","2024-09-18","Guillermo Almada","2022-01-07","2025-04-21","Jorge Guillermo Almada Álves","2947","1"
"Pachuca","3939889","2024-09-21","Guillermo Almada","2022-01-07","2025-04-21","Jorge Guillermo Almada Álves","2947","1"
"Pachuca","3939902","2024-09-29","Guillermo Almada","2022-01-07","2025-04-21","Jorge Guillermo Almada Álves","2947","1"
"Pachuca","3939907","2024-10-05","Guillermo Almada","2022-01-07","2025-04-21","Jorge Guillermo Almada Álves","2947","1"
"Pachuca","3939921","2024-10-19","Guillermo Almada","2022-01-07","2025-04-21","Jorge Guillermo Almada Álves","2947","1"
"Pachuca","3939925","2024-10-23","Guillermo Almada","2022-01-07","2025-04-21","Jorge Guillermo Almada Álves","2947","1"
"Pachuca","3939936","2024-10-27","Guillermo Almada","2022-01-07","2025-04-21","Jorge Guillermo Almada Álves","2947","1"
"Pachuca","3939949","2024-11-03","Guillermo Almada","2022-01-07","2025-04-21","Jorge Guillermo Almada Álves","2947","1"
"Pachuca","3939959","2024-11-07","Guillermo Almada","2022-01-07","2025-04-21","Jorge Guillermo Almada Álves","2947","1"
"Pachuca","3939964","2024-11-10","Guillermo Almada","2022-01-07","2025-04-21","Jorge Guillermo Almada Álves","2947","1"
"Pachuca","3972031","2025-01-21","Guillermo Almada","2022-01-07","2025-04-21","Jorge Guillermo Almada Álves","2947","1"
"Pachuca","3972038","2025-01-26","Guillermo Almada","2022-01-07","2025-04-21","Jorge Guillermo Almada Álves","2947","1"
"Pachuca","3972046","2025-01-30","Guillermo Almada","2022-01-07","2025-04-21","Jorge Guillermo Almada Álves","2947","1"
"Pachuca","3972052","2025-02-02","Guillermo Almada","2022-01-07","2025-04-21","Jorge Guillermo Almada Álves","2947","1"
"Pachuca","3972059","2025-02-06","Guillermo Almada","2022-01-07","2025-04-21","Jorge Guillermo Almada Álves","2947","1"
"Pachuca","3972064","2025-02-09","Guillermo Almada","2022-01-07","2025-04-21","Jorge Guillermo Almada Álves","2947","1"
"Pachuca","3972077","2025-02-17","Guillermo Almada","2022-01-07","2025-04-21","Jorge Guillermo Almada Álves","2947","1"
"Pachuca","3972085","2025-02-23","Guillermo Almada","2022-01-07","2025-04-21","Jorge Guillermo Almada Álves","2947","1"
"Pachuca","3972094","2025-02-27","Guillermo Almada","2022-01-07","2025-04-21","Jorge Guillermo Almada Álves","2947","1"
"Pachuca","3972099","2025-03-01","Guillermo Almada","2022-01-07","2025-04-21","Jorge Guillermo Almada Álves","2947","1"
"Pachuca","3972110","2025-03-09","Guillermo Almada","2022-01-07","2025-04-21","Jorge Guillermo Almada Álves","2947","1"
"Pachuca","3972122","2025-03-17","Guillermo Almada","2022-01-07","2025-04-21","Jorge Guillermo Almada Álves","2947","1"
"Pachuca","3972126","2025-03-29","Guillermo Almada","2022-01-07","2025-04-21","Jorge Guillermo Almada Álves","2947","1"
"Pachuca","3972136","2025-04-05","Guillermo Almada","2022-01-07","2025-04-21","Jorge Guillermo Almada Álves","2947","1"
"Pachuca","3972142","2025-04-12","Guillermo Almada","2022-01-07","2025-04-21","Jorge Guillermo Almada Álves","2947","1"
"Pachuca","3972150","2025-04-16","Guillermo Almada","2022-01-07","2025-04-21","Jorge Guillermo Almada Álves","2947","1"
"Pachuca","3972167","2025-04-21","Guillermo Almada","2022-01-07","2025-04-21","Jorge Guillermo Almada Álves","2947","1"
"Pachuca","4004047","2025-07-13","Jaime Lozano","2025-07-13","2025-11-09","Jaime Arturo Lozano Espín","1000115","1"
"Pachuca","4004057","2025-07-20","Jaime Lozano","2025-07-13","2025-11-09","Jaime Arturo Lozano Espín","1000115","1"
"Pachuca","4004062","2025-07-26","Jaime Lozano","2025-07-13","2025-11-09","Jaime Arturo Lozano Espín","1000115","1"
"Pachuca","4004069","2025-08-10","Jaime Lozano","2025-07-13","2025-11-09","Jaime Arturo Lozano Espín","1000115","1"
"Pachuca","4004080","2025-08-17","Jaime Lozano","2025-07-13","2025-11-09","Jaime Arturo Lozano Espín","1000115","1"
"Pachuca","4004089","2025-08-23","Jaime Lozano","2025-07-13","2025-11-09","Jaime Arturo Lozano Espín","1000115","1"
"Pachuca","4004100","2025-08-31","Jaime Lozano","2025-07-13","2025-11-09","Jaime Arturo Lozano Espín","1000115","1"
"Pachuca","4004106","2025-09-13","Jaime Lozano","2025-07-13","2025-11-09","Jaime Arturo Lozano Espín","1000115","1"
"Pachuca","4004118","2025-09-20","Jaime Lozano","2025-07-13","2025-11-09","Jaime Arturo Lozano Espín","1000115","1"
"Pachuca","4004122","2025-09-24","Jaime Lozano","2025-07-13","2025-11-09","Jaime Arturo Lozano Espín","1000115","1"
"Pachuca","4004136","2025-09-27","Jaime Lozano","2025-07-13","2025-11-09","Jaime Arturo Lozano Espín","1000115","1"
"Pachuca","4004140","2025-10-04","Jaime Lozano","2025-07-13","2025-11-09","Jaime Arturo Lozano Espín","1000115","1"
"Pachuca","4004156","2025-10-18","Jaime Lozano","2025-07-13","2025-11-09","Jaime Arturo Lozano Espín","1000115","1"
"Pachuca","4004162","2025-10-23","Jaime Lozano","2025-07-13","2025-11-09","Jaime Arturo Lozano Espín","1000115","1"
"Pachuca","4004170","2025-10-27","Jaime Lozano","2025-07-13","2025-11-09","Jaime Arturo Lozano Espín","1000115","1"
"Pachuca","4004184","2025-11-03","Jaime Lozano","2025-07-13","2025-11-09","Jaime Arturo Lozano Espín","1000115","1"
"Pachuca","4004193","2025-11-09","Jaime Lozano","2025-07-13","2025-11-09","Jaime Arturo Lozano Espín","1000115","1"
"Pachuca","4038805","2026-01-10","Esteban Andres Solari Poggio","2026-01-10","2026-04-25","Esteban Andrés Solari Poggio","1004576","1"
"Pachuca","4038812","2026-01-14","Esteban Andres Solari Poggio","2026-01-10","2026-04-25","Esteban Andrés Solari Poggio","1004576","1"
"Pachuca","4038827","2026-01-19","Esteban Andres Solari Poggio","2026-01-10","2026-04-25","Esteban Andrés Solari Poggio","1004576","1"
"Pachuca","4038835","2026-02-01","Esteban Andres Solari Poggio","2026-01-10","2026-04-25","Esteban Andrés Solari Poggio","1004576","1"
"Pachuca","4038844","2026-02-08","Esteban Andres Solari Poggio","2026-01-10","2026-04-25","Esteban Andrés Solari Poggio","1004576","1"
"Pachuca","4038851","2026-02-14","Esteban Andres Solari Poggio","2026-01-10","2026-04-25","Esteban Andrés Solari Poggio","1004576","1"
"Pachuca","4038855","2026-02-21","Esteban Andres Solari Poggio","2026-01-10","2026-04-25","Esteban Andrés Solari Poggio","1004576","1"
"Pachuca","4038864","2026-02-28","Esteban Andres Solari Poggio","2026-01-10","2026-04-25","Esteban Andrés Solari Poggio","1004576","1"
"Pachuca","4038874","2026-03-04","Esteban Andres Solari Poggio","2026-01-10","2026-04-25","Esteban Andrés Solari Poggio","1004576","1"
"Pachuca","4038883","2026-03-08","Esteban Andres Solari Poggio","2026-01-10","2026-04-25","Esteban Andrés Solari Poggio","1004576","1"
"Pachuca","4038893","2026-03-14","Esteban Andres Solari Poggio","2026-01-10","2026-04-25","Esteban Andrés Solari Poggio","1004576","1"
"Pachuca","4038903","2026-03-22","Esteban Andres Solari Poggio","2026-01-10","2026-04-25","Esteban Andrés Solari Poggio","1004576","1"
"Pachuca","4038914","2026-04-05","Esteban Andres Solari Poggio","2026-01-10","2026-04-25","Esteban Andrés Solari Poggio","1004576","1"
"Pachuca","4038921","2026-04-12","Esteban Andres Solari Poggio","2026-01-10","2026-04-25","Esteban Andrés Solari Poggio","1004576","1"
"Pachuca","4038934","2026-04-19","Esteban Andres Solari Poggio","2026-01-10","2026-04-25","Esteban Andrés Solari Poggio","1004576","1"
"Pachuca","4038942","2026-04-23","Esteban Andres Solari Poggio","2026-01-10","2026-04-25","Esteban Andrés Solari Poggio","1004576","1"
"Pachuca","4038947","2026-04-25","Esteban Andres Solari Poggio","2026-01-10","2026-04-25","Esteban Andrés Solari Poggio","1004576","1"
"Puebla","3799435","2021-07-26","Nicolas Larcamon","2021-07-26","2022-10-01","Nicolás Ricardo Larcamón","3629","1"
"Puebla","3799487","2021-07-31","Nicolas Larcamon","2021-07-26","2022-10-01","Nicolás Ricardo Larcamón","3629","1"
"Puebla","3799481","2021-08-08","Nicolas Larcamon","2021-07-26","2022-10-01","Nicolás Ricardo Larcamón","3629","1"
"Puebla","3799442","2021-08-14","Nicolas Larcamon","2021-07-26","2022-10-01","Nicolás Ricardo Larcamón","3629","1"
"Puebla","3799412","2021-08-18","Nicolas Larcamon","2021-07-26","2022-10-01","Nicolás Ricardo Larcamón","3629","1"
"Puebla","3799498","2021-08-22","Nicolas Larcamon","2021-07-26","2022-10-01","Nicolás Ricardo Larcamón","3629","1"
"Puebla","3799441","2021-08-28","Nicolas Larcamon","2021-07-26","2022-10-01","Nicolás Ricardo Larcamón","3629","1"
"Puebla","3799365","2021-09-11","Nicolas Larcamon","2021-07-26","2022-10-01","Nicolás Ricardo Larcamón","3629","1"
"Puebla","3799407","2021-09-20","Nicolas Larcamon","2021-07-26","2022-10-01","Nicolás Ricardo Larcamón","3629","1"
"Puebla","3799443","2021-09-25","Nicolas Larcamon","2021-07-26","2022-10-01","Nicolás Ricardo Larcamón","3629","1"
"Puebla","3799436","2021-09-29","Nicolas Larcamon","2021-07-26","2022-10-01","Nicolás Ricardo Larcamón","3629","1"
"Puebla","3799488","2021-10-02","Nicolas Larcamon","2021-07-26","2022-10-01","Nicolás Ricardo Larcamón","3629","1"
"Puebla","3799398","2021-10-16","Nicolas Larcamon","2021-07-26","2022-10-01","Nicolás Ricardo Larcamón","3629","1"
"Puebla","3799408","2021-10-20","Nicolas Larcamon","2021-07-26","2022-10-01","Nicolás Ricardo Larcamón","3629","1"
"Puebla","3799476","2021-10-23","Nicolas Larcamon","2021-07-26","2022-10-01","Nicolás Ricardo Larcamón","3629","1"
"Puebla","3799363","2021-10-30","Nicolas Larcamon","2021-07-26","2022-10-01","Nicolás Ricardo Larcamón","3629","1"
"Puebla","3799397","2021-11-06","Nicolas Larcamon","2021-07-26","2022-10-01","Nicolás Ricardo Larcamón","3629","1"
"Puebla","3816758","2022-01-08","Nicolas Larcamon","2021-07-26","2022-10-01","Nicolás Ricardo Larcamón","3629","1"
"Puebla","3816804","2022-01-16","Nicolas Larcamon","2021-07-26","2022-10-01","Nicolás Ricardo Larcamón","3629","1"
"Puebla","3816732","2022-01-29","Nicolas Larcamon","2021-07-26","2022-10-01","Nicolás Ricardo Larcamón","3629","1"
"Puebla","3816670","2022-02-06","Nicolas Larcamon","2021-07-26","2022-10-01","Nicolás Ricardo Larcamón","3629","1"
"Puebla","3816802","2022-02-12","Nicolas Larcamon","2021-07-26","2022-10-01","Nicolás Ricardo Larcamón","3629","1"
"Puebla","3816683","2022-02-19","Nicolas Larcamon","2021-07-26","2022-10-01","Nicolás Ricardo Larcamón","3629","1"
"Puebla","3816713","2022-02-27","Nicolas Larcamon","2021-07-26","2022-10-01","Nicolás Ricardo Larcamón","3629","1"
"Puebla","3816722","2022-03-02","Nicolas Larcamon","2021-07-26","2022-10-01","Nicolás Ricardo Larcamón","3629","1"
"Puebla","3816743","2022-03-06","Nicolas Larcamon","2021-07-26","2022-10-01","Nicolás Ricardo Larcamón","3629","1"
"Puebla","3816729","2022-03-13","Nicolas Larcamon","2021-07-26","2022-10-01","Nicolás Ricardo Larcamón","3629","1"
"Puebla","3816808","2022-03-19","Nicolas Larcamon","2021-07-26","2022-10-01","Nicolás Ricardo Larcamón","3629","1"
"Puebla","3816674","2022-04-03","Nicolas Larcamon","2021-07-26","2022-10-01","Nicolás Ricardo Larcamón","3629","1"
"Puebla","3816774","2022-04-09","Nicolas Larcamon","2021-07-26","2022-10-01","Nicolás Ricardo Larcamón","3629","1"
"Puebla","3816791","2022-04-16","Nicolas Larcamon","2021-07-26","2022-10-01","Nicolás Ricardo Larcamón","3629","1"
"Puebla","3816736","2022-04-20","Nicolas Larcamon","2021-07-26","2022-10-01","Nicolás Ricardo Larcamón","3629","1"
"Puebla","3816734","2022-04-23","Nicolas Larcamon","2021-07-26","2022-10-01","Nicolás Ricardo Larcamón","3629","1"
"Puebla","3816718","2022-04-30","Nicolas Larcamon","2021-07-26","2022-10-01","Nicolás Ricardo Larcamón","3629","1"
"Puebla","3835102","2022-07-02","Nicolas Larcamon","2021-07-26","2022-10-01","Nicolás Ricardo Larcamón","3629","1"
"Puebla","3835110","2022-07-09","Nicolas Larcamon","2021-07-26","2022-10-01","Nicolás Ricardo Larcamón","3629","1"
"Puebla","3835120","2022-07-16","Nicolas Larcamon","2021-07-26","2022-10-01","Nicolás Ricardo Larcamón","3629","1"
"Puebla","3835132","2022-07-24","Nicolas Larcamon","2021-07-26","2022-10-01","Nicolás Ricardo Larcamón","3629","1"
"Puebla","3835139","2022-07-27","Nicolas Larcamon","2021-07-26","2022-10-01","Nicolás Ricardo Larcamón","3629","1"
"Puebla","3835148","2022-07-31","Nicolas Larcamon","2021-07-26","2022-10-01","Nicolás Ricardo Larcamón","3629","1"
"Puebla","3835154","2022-08-03","Nicolas Larcamon","2021-07-26","2022-10-01","Nicolás Ricardo Larcamón","3629","1"
"Puebla","3835166","2022-08-13","Nicolas Larcamon","2021-07-26","2022-10-01","Nicolás Ricardo Larcamón","3629","1"
"Puebla","3835174","2022-08-17","Nicolas Larcamon","2021-07-26","2022-10-01","Nicolás Ricardo Larcamón","3629","1"
"Puebla","3835188","2022-08-21","Nicolas Larcamon","2021-07-26","2022-10-01","Nicolás Ricardo Larcamón","3629","1"
"Puebla","3835197","2022-08-27","Nicolas Larcamon","2021-07-26","2022-10-01","Nicolás Ricardo Larcamón","3629","1"
"Puebla","3835207","2022-09-02","Nicolas Larcamon","2021-07-26","2022-10-01","Nicolás Ricardo Larcamón","3629","1"
"Puebla","3835222","2022-09-08","Nicolas Larcamon","2021-07-26","2022-10-01","Nicolás Ricardo Larcamón","3629","1"
"Puebla","3835230","2022-09-11","Nicolas Larcamon","2021-07-26","2022-10-01","Nicolás Ricardo Larcamón","3629","1"
"Puebla","3835235","2022-09-17","Nicolas Larcamon","2021-07-26","2022-10-01","Nicolás Ricardo Larcamón","3629","1"
"Puebla","3835158","2022-09-24","Nicolas Larcamon","2021-07-26","2022-10-01","Nicolás Ricardo Larcamón","3629","1"
"Puebla","3835245","2022-10-01","Nicolas Larcamon","2021-07-26","2022-10-01","Nicolás Ricardo Larcamón","3629","1"
"Puebla","3870383","2023-01-10","Eduardo Arce Pena","2023-01-10","2023-08-23","Eduardo Arce Peña","1002591","1"
"Puebla","3870385","2023-01-14","Eduardo Arce Pena","2023-01-10","2023-08-23","Eduardo Arce Peña","1002591","1"
"Puebla","3870395","2023-01-22","Eduardo Arce Pena","2023-01-10","2023-08-23","Eduardo Arce Peña","1002591","1"
"Puebla","3870404","2023-01-28","Eduardo Arce Pena","2023-01-10","2023-08-23","Eduardo Arce Peña","1002591","1"
"Puebla","3870411","2023-02-03","Eduardo Arce Pena","2023-01-10","2023-08-23","Eduardo Arce Peña","1002591","1"
"Puebla","3870423","2023-02-11","Eduardo Arce Pena","2023-01-10","2023-08-23","Eduardo Arce Peña","1002591","1"
"Puebla","3870430","2023-02-15","Eduardo Arce Pena","2023-01-10","2023-08-23","Eduardo Arce Peña","1002591","1"
"Puebla","3870438","2023-02-18","Eduardo Arce Pena","2023-01-10","2023-08-23","Eduardo Arce Peña","1002591","1"
"Puebla","3870453","2023-02-27","Eduardo Arce Pena","2023-01-10","2023-08-23","Eduardo Arce Peña","1002591","1"
"Puebla","3870463","2023-03-05","Eduardo Arce Pena","2023-01-10","2023-08-23","Eduardo Arce Peña","1002591","1"
"Puebla","3870466","2023-03-11","Eduardo Arce Pena","2023-01-10","2023-08-23","Eduardo Arce Peña","1002591","1"
"Puebla","3870475","2023-03-18","Eduardo Arce Pena","2023-01-10","2023-08-23","Eduardo Arce Peña","1002591","1"
"Puebla","3870483","2023-04-01","Eduardo Arce Pena","2023-01-10","2023-08-23","Eduardo Arce Peña","1002591","1"
"Puebla","3870492","2023-04-08","Eduardo Arce Pena","2023-01-10","2023-08-23","Eduardo Arce Peña","1002591","1"
"Puebla","3870503","2023-04-15","Eduardo Arce Pena","2023-01-10","2023-08-23","Eduardo Arce Peña","1002591","1"
"Puebla","3870510","2023-04-21","Eduardo Arce Pena","2023-01-10","2023-08-23","Eduardo Arce Peña","1002591","1"
"Puebla","3870519","2023-04-29","Eduardo Arce Pena","2023-01-10","2023-08-23","Eduardo Arce Peña","1002591","1"
"Puebla","3889643","2023-07-02","Eduardo Arce Pena","2023-01-10","2023-08-23","Eduardo Arce Peña","1002591","1"
"Puebla","3889646","2023-07-08","Eduardo Arce Pena","2023-01-10","2023-08-23","Eduardo Arce Peña","1002591","1"
"Puebla","3889660","2023-07-16","Eduardo Arce Pena","2023-01-10","2023-08-23","Eduardo Arce Peña","1002591","1"
"Puebla","3889664","2023-08-19","Eduardo Arce Pena","2023-01-10","2023-08-23","Eduardo Arce Peña","1002591","1"
"Puebla","3889675","2023-08-23","Eduardo Arce Pena","2023-01-10","2023-08-23","Eduardo Arce Peña","1002591","1"
"Puebla","3889683","2023-08-26","Ricardo Carbajal","2023-08-26","2024-02-24","Ricardo Carbajal","1003560","1"
"Puebla","3889693","2023-09-02","Ricardo Carbajal","2023-08-26","2024-02-24","Ricardo Carbajal","1003560","1"
"Puebla","3889707","2023-09-17","Ricardo Carbajal","2023-08-26","2024-02-24","Ricardo Carbajal","1003560","1"
"Puebla","3889709","2023-09-23","Ricardo Carbajal","2023-08-26","2024-02-24","Ricardo Carbajal","1003560","1"
"Puebla","3889718","2023-09-29","Ricardo Carbajal","2023-08-26","2024-02-24","Ricardo Carbajal","1003560","1"
"Puebla","3889727","2023-10-04","Ricardo Carbajal","2023-08-26","2024-02-24","Ricardo Carbajal","1003560","1"
"Puebla","3889739","2023-10-08","Ricardo Carbajal","2023-08-26","2024-02-24","Ricardo Carbajal","1003560","1"
"Puebla","3889742","2023-10-21","Ricardo Carbajal","2023-08-26","2024-02-24","Ricardo Carbajal","1003560","1"
"Puebla","3889756","2023-10-29","Ricardo Carbajal","2023-08-26","2024-02-24","Ricardo Carbajal","1003560","1"
"Puebla","3889764","2023-11-01","Ricardo Carbajal","2023-08-26","2024-02-24","Ricardo Carbajal","1003560","1"
"Puebla","3889772","2023-11-04","Ricardo Carbajal","2023-08-26","2024-02-24","Ricardo Carbajal","1003560","1"
"Puebla","3889789","2023-11-13","Ricardo Carbajal","2023-08-26","2024-02-24","Ricardo Carbajal","1003560","1"
"Puebla","3918956","2024-01-14","Ricardo Carbajal","2023-08-26","2024-02-24","Ricardo Carbajal","1003560","1"
"Puebla","3918960","2024-01-20","Ricardo Carbajal","2023-08-26","2024-02-24","Ricardo Carbajal","1003560","1"
"Puebla","3918971","2024-01-27","Ricardo Carbajal","2023-08-26","2024-02-24","Ricardo Carbajal","1003560","1"
"Puebla","3918983","2024-01-31","Ricardo Carbajal","2023-08-26","2024-02-24","Ricardo Carbajal","1003560","1"
"Puebla","3918986","2024-02-03","Ricardo Carbajal","2023-08-26","2024-02-24","Ricardo Carbajal","1003560","1"
"Puebla","3918999","2024-02-11","Ricardo Carbajal","2023-08-26","2024-02-24","Ricardo Carbajal","1003560","1"
"Puebla","3919014","2024-02-21","Ricardo Carbajal","2023-08-26","2024-02-24","Ricardo Carbajal","1003560","1"
"Puebla","3919021","2024-02-24","Ricardo Carbajal","2023-08-26","2024-02-24","Ricardo Carbajal","1003560","1"
"Puebla","3919031","2024-03-02","Fernando Luis Aristeguieta de Luca","2024-03-02","2024-03-09","Fernando Luis Aristeguieta de Luca","1004476","1"
"Puebla","3919042","2024-03-09","Fernando Luis Aristeguieta de Luca","2024-03-02","2024-03-09","Fernando Luis Aristeguieta de Luca","1004476","1"
"Puebla","3919053","2024-03-17","Andres Jose Carevic Ghelfi","2024-03-17","2024-04-27","Andrés José Carevic Ghelfi","5950","1"
"Puebla","3919007","2024-03-24","Andres Jose Carevic Ghelfi","2024-03-17","2024-04-27","Andrés José Carevic Ghelfi","5950","1"
"Puebla","3919058","2024-03-30","Andres Jose Carevic Ghelfi","2024-03-17","2024-04-27","Andrés José Carevic Ghelfi","5950","1"
"Puebla","3919073","2024-04-07","Andres Jose Carevic Ghelfi","2024-03-17","2024-04-27","Andrés José Carevic Ghelfi","5950","1"
"Puebla","3919078","2024-04-13","Andres Jose Carevic Ghelfi","2024-03-17","2024-04-27","Andrés José Carevic Ghelfi","5950","1"
"Puebla","3919087","2024-04-20","Andres Jose Carevic Ghelfi","2024-03-17","2024-04-27","Andrés José Carevic Ghelfi","5950","1"
"Puebla","3919094","2024-04-27","Andres Jose Carevic Ghelfi","2024-03-17","2024-04-27","Andrés José Carevic Ghelfi","5950","1"
"Puebla","3939816","2024-07-05","Jose Manuel de la Torre Menchaca","2024-07-05","2024-11-11","José Manuel de la Torre Menchaca","4028","1"
"Puebla","3939829","2024-07-13","Jose Manuel de la Torre Menchaca","2024-07-05","2024-11-11","José Manuel de la Torre Menchaca","4028","1"
"Puebla","3939836","2024-07-17","Jose Manuel de la Torre Menchaca","2024-07-05","2024-11-11","José Manuel de la Torre Menchaca","4028","1"
"Puebla","3939844","2024-07-20","Jose Manuel de la Torre Menchaca","2024-07-05","2024-11-11","José Manuel de la Torre Menchaca","4028","1"
"Puebla","3939954","2024-08-17","Jose Manuel de la Torre Menchaca","2024-07-05","2024-11-11","José Manuel de la Torre Menchaca","4028","1"
"Puebla","3939859","2024-08-25","Jose Manuel de la Torre Menchaca","2024-07-05","2024-11-11","José Manuel de la Torre Menchaca","4028","1"
"Puebla","3939862","2024-08-31","Jose Manuel de la Torre Menchaca","2024-07-05","2024-11-11","José Manuel de la Torre Menchaca","4028","1"
"Puebla","3939870","2024-09-14","Jose Manuel de la Torre Menchaca","2024-07-05","2024-11-11","José Manuel de la Torre Menchaca","4028","1"
"Puebla","3939881","2024-09-18","Jose Manuel de la Torre Menchaca","2024-07-05","2024-11-11","José Manuel de la Torre Menchaca","4028","1"
"Puebla","3939889","2024-09-21","Jose Manuel de la Torre Menchaca","2024-07-05","2024-11-11","José Manuel de la Torre Menchaca","4028","1"
"Puebla","3939898","2024-09-28","Jose Manuel de la Torre Menchaca","2024-07-05","2024-11-11","José Manuel de la Torre Menchaca","4028","1"
"Puebla","3939908","2024-10-05","Jose Manuel de la Torre Menchaca","2024-07-05","2024-11-11","José Manuel de la Torre Menchaca","4028","1"
"Puebla","3939917","2024-10-19","Jose Manuel de la Torre Menchaca","2024-07-05","2024-11-11","José Manuel de la Torre Menchaca","4028","1"
"Puebla","3939928","2024-10-23","Jose Manuel de la Torre Menchaca","2024-07-05","2024-11-11","José Manuel de la Torre Menchaca","4028","1"
"Puebla","3939935","2024-10-26","Jose Manuel de la Torre Menchaca","2024-07-05","2024-11-11","José Manuel de la Torre Menchaca","4028","1"
"Puebla","3939951","2024-11-02","Jose Manuel de la Torre Menchaca","2024-07-05","2024-11-11","José Manuel de la Torre Menchaca","4028","1"
"Puebla","3939968","2024-11-11","Jose Manuel de la Torre Menchaca","2024-07-05","2024-11-11","José Manuel de la Torre Menchaca","4028","1"
"Puebla","3972021","2025-01-13","Pablo Adrian Guede Barriero","2025-01-13","2025-08-16","Pablo Adrián Guede Barriero","2945","1"
"Puebla","3972026","2025-01-18","Pablo Adrian Guede Barriero","2025-01-13","2025-08-16","Pablo Adrián Guede Barriero","2945","1"
"Puebla","3972036","2025-01-25","Pablo Adrian Guede Barriero","2025-01-13","2025-08-16","Pablo Adrián Guede Barriero","2945","1"
"Puebla","3972045","2025-01-29","Pablo Adrian Guede Barriero","2025-01-13","2025-08-16","Pablo Adrián Guede Barriero","2945","1"
"Puebla","3972058","2025-02-02","Pablo Adrian Guede Barriero","2025-01-13","2025-08-16","Pablo Adrián Guede Barriero","2945","1"
"Puebla","3972062","2025-02-08","Pablo Adrian Guede Barriero","2025-01-13","2025-08-16","Pablo Adrián Guede Barriero","2945","1"
"Puebla","3972073","2025-02-15","Pablo Adrian Guede Barriero","2025-01-13","2025-08-16","Pablo Adrián Guede Barriero","2945","1"
"Puebla","3972082","2025-02-22","Pablo Adrian Guede Barriero","2025-01-13","2025-08-16","Pablo Adrián Guede Barriero","2945","1"
"Puebla","3972094","2025-02-27","Pablo Adrian Guede Barriero","2025-01-13","2025-08-16","Pablo Adrián Guede Barriero","2945","1"
"Puebla","3972103","2025-03-02","Pablo Adrian Guede Barriero","2025-01-13","2025-08-16","Pablo Adrián Guede Barriero","2945","1"
"Puebla","3972107","2025-03-08","Pablo Adrian Guede Barriero","2025-01-13","2025-08-16","Pablo Adrián Guede Barriero","2945","1"
"Puebla","3972115","2025-03-15","Pablo Adrian Guede Barriero","2025-01-13","2025-08-16","Pablo Adrián Guede Barriero","2945","1"
"Puebla","3972124","2025-03-29","Pablo Adrian Guede Barriero","2025-01-13","2025-08-16","Pablo Adrián Guede Barriero","2945","1"
"Puebla","3972132","2025-04-05","Pablo Adrian Guede Barriero","2025-01-13","2025-08-16","Pablo Adrián Guede Barriero","2945","1"
"Puebla","3972143","2025-04-12","Pablo Adrian Guede Barriero","2025-01-13","2025-08-16","Pablo Adrián Guede Barriero","2945","1"
"Puebla","3972153","2025-04-16","Pablo Adrian Guede Barriero","2025-01-13","2025-08-16","Pablo Adrián Guede Barriero","2945","1"
"Puebla","3972159","2025-04-19","Pablo Adrian Guede Barriero","2025-01-13","2025-08-16","Pablo Adrián Guede Barriero","2945","1"
"Puebla","4004041","2025-07-12","Pablo Adrian Guede Barriero","2025-01-13","2025-08-16","Pablo Adrián Guede Barriero","2945","1"
"Puebla","4004053","2025-07-19","Pablo Adrian Guede Barriero","2025-01-13","2025-08-16","Pablo Adrián Guede Barriero","2945","1"
"Puebla","4004058","2025-07-26","Pablo Adrian Guede Barriero","2025-01-13","2025-08-16","Pablo Adrián Guede Barriero","2945","1"
"Puebla","4004067","2025-08-09","Pablo Adrian Guede Barriero","2025-01-13","2025-08-16","Pablo Adrián Guede Barriero","2945","1"
"Puebla","4004076","2025-08-16","Pablo Adrian Guede Barriero","2025-01-13","2025-08-16","Pablo Adrián Guede Barriero","2945","1"
"Puebla","4004092","2025-08-24","Hernan Cristante","2025-08-24","2025-11-09","Rolando Hernán Cristante Mandarino","5543","1"
"Puebla","4004096","2025-08-30","Hernan Cristante","2025-08-24","2025-11-09","Rolando Hernán Cristante Mandarino","5543","1"
"Puebla","4004109","2025-09-14","Hernan Cristante","2025-08-24","2025-11-09","Rolando Hernán Cristante Mandarino","5543","1"
"Puebla","4004116","2025-09-20","Hernan Cristante","2025-08-24","2025-11-09","Rolando Hernán Cristante Mandarino","5543","1"
"Puebla","4004122","2025-09-24","Hernan Cristante","2025-08-24","2025-11-09","Rolando Hernán Cristante Mandarino","5543","1"
"Puebla","4004131","2025-09-27","Hernan Cristante","2025-08-24","2025-11-09","Rolando Hernán Cristante Mandarino","5543","1"
"Puebla","4004143","2025-10-04","Hernan Cristante","2025-08-24","2025-11-09","Rolando Hernán Cristante Mandarino","5543","1"
"Puebla","4004149","2025-10-18","Hernan Cristante","2025-08-24","2025-11-09","Rolando Hernán Cristante Mandarino","5543","1"
"Puebla","4004158","2025-10-22","Hernan Cristante","2025-08-24","2025-11-09","Rolando Hernán Cristante Mandarino","5543","1"
"Puebla","4004167","2025-10-25","Hernan Cristante","2025-08-24","2025-11-09","Rolando Hernán Cristante Mandarino","5543","1"
"Puebla","4004178","2025-11-01","Hernan Cristante","2025-08-24","2025-11-09","Rolando Hernán Cristante Mandarino","5543","1"
"Puebla","4004191","2025-11-09","Hernan Cristante","2025-08-24","2025-11-09","Rolando Hernán Cristante Mandarino","5543","1"
"Puebla","4038802","2026-01-10","Albert Espigares","2026-01-10","2026-04-25","Albert Espigares","1008680","1"
"Puebla","4038811","2026-01-13","Albert Espigares","2026-01-10","2026-04-25","Albert Espigares","1008680","1"
"Puebla","4038825","2026-01-18","Albert Espigares","2026-01-10","2026-04-25","Albert Espigares","1008680","1"
"Puebla","4038830","2026-01-31","Albert Espigares","2026-01-10","2026-04-25","Albert Espigares","1008680","1"
"Puebla","4038837","2026-02-07","Albert Espigares","2026-01-10","2026-04-25","Albert Espigares","1008680","1"
"Puebla","4038846","2026-02-14","Albert Espigares","2026-01-10","2026-04-25","Albert Espigares","1008680","1"
"Puebla","4038856","2026-02-21","Albert Espigares","2026-01-10","2026-04-25","Albert Espigares","1008680","1"
"Puebla","4038869","2026-02-28","Albert Espigares","2026-01-10","2026-04-25","Albert Espigares","1008680","1"
"Puebla","4038880","2026-03-05","Albert Espigares","2026-01-10","2026-04-25","Albert Espigares","1008680","1"
"Puebla","4038883","2026-03-08","Albert Espigares","2026-01-10","2026-04-25","Albert Espigares","1008680","1"
"Puebla","4038892","2026-03-14","Albert Espigares","2026-01-10","2026-04-25","Albert Espigares","1008680","1"
"Puebla","4038908","2026-03-22","Albert Espigares","2026-01-10","2026-04-25","Albert Espigares","1008680","1"
"Puebla","4038909","2026-04-04","Albert Espigares","2026-01-10","2026-04-25","Albert Espigares","1008680","1"
"Puebla","4038918","2026-04-11","Albert Espigares","2026-01-10","2026-04-25","Albert Espigares","1008680","1"
"Puebla","4038930","2026-04-19","Albert Espigares","2026-01-10","2026-04-25","Albert Espigares","1008680","1"
"Puebla","4038939","2026-04-22","Albert Espigares","2026-01-10","2026-04-25","Albert Espigares","1008680","1"
"Puebla","4038945","2026-04-25","Albert Espigares","2026-01-10","2026-04-25","Albert Espigares","1008680","1"
"Pumas UNAM","3799382","2021-07-25","Andres Lillini","2021-07-25","2022-10-01","Andrés Luciano Lillini","4870","1"
"Pumas UNAM","3799469","2021-08-01","Andres Lillini","2021-07-25","2022-10-01","Andrés Luciano Lillini","4870","1"
"Pumas UNAM","3799371","2021-08-08","Andres Lillini","2021-07-25","2022-10-01","Andrés Luciano Lillini","4870","1"
"Pumas UNAM","3799387","2021-08-15","Andres Lillini","2021-07-25","2022-10-01","Andrés Luciano Lillini","4870","1"
"Pumas UNAM","3799482","2021-08-18","Andres Lillini","2021-07-25","2022-10-01","Andrés Luciano Lillini","4870","1"
"Pumas UNAM","3799498","2021-08-22","Andres Lillini","2021-07-25","2022-10-01","Andrés Luciano Lillini","4870","1"
"Pumas UNAM","3799422","2021-08-29","Andres Lillini","2021-07-25","2022-10-01","Andrés Luciano Lillini","4870","1"
"Pumas UNAM","3799410","2021-09-12","Andres Lillini","2021-07-25","2022-10-01","Andrés Luciano Lillini","4870","1"
"Pumas UNAM","3800621","2021-09-19","Andres Lillini","2021-07-25","2022-10-01","Andrés Luciano Lillini","4870","1"
"Pumas UNAM","3799434","2021-09-26","Andres Lillini","2021-07-25","2022-10-01","Andrés Luciano Lillini","4870","1"
"Pumas UNAM","3799402","2021-10-03","Andres Lillini","2021-07-25","2022-10-01","Andrés Luciano Lillini","4870","1"
"Pumas UNAM","3799360","2021-10-17","Andres Lillini","2021-07-25","2022-10-01","Andrés Luciano Lillini","4870","1"
"Pumas UNAM","3799466","2021-10-21","Andres Lillini","2021-07-25","2022-10-01","Andrés Luciano Lillini","4870","1"
"Pumas UNAM","3799400","2021-10-24","Andres Lillini","2021-07-25","2022-10-01","Andrés Luciano Lillini","4870","1"
"Pumas UNAM","3799447","2021-10-31","Andres Lillini","2021-07-25","2022-10-01","Andrés Luciano Lillini","4870","1"
"Pumas UNAM","3799477","2021-11-05","Andres Lillini","2021-07-25","2022-10-01","Andrés Luciano Lillini","4870","1"
"Pumas UNAM","3799364","2021-11-07","Andres Lillini","2021-07-25","2022-10-01","Andrés Luciano Lillini","4870","1"
"Pumas UNAM","3816726","2022-01-11","Andres Lillini","2021-07-25","2022-10-01","Andrés Luciano Lillini","4870","1"
"Pumas UNAM","3816757","2022-01-15","Andres Lillini","2021-07-25","2022-10-01","Andrés Luciano Lillini","4870","1"
"Pumas UNAM","3816778","2022-01-23","Andres Lillini","2021-07-25","2022-10-01","Andrés Luciano Lillini","4870","1"
"Pumas UNAM","3816735","2022-02-06","Andres Lillini","2021-07-25","2022-10-01","Andrés Luciano Lillini","4870","1"
"Pumas UNAM","3816777","2022-02-13","Andres Lillini","2021-07-25","2022-10-01","Andrés Luciano Lillini","4870","1"
"Pumas UNAM","3816787","2022-02-21","Andres Lillini","2021-07-25","2022-10-01","Andrés Luciano Lillini","4870","1"
"Pumas UNAM","3816746","2022-02-27","Andres Lillini","2021-07-25","2022-10-01","Andrés Luciano Lillini","4870","1"
"Pumas UNAM","3816760","2022-03-03","Andres Lillini","2021-07-25","2022-10-01","Andrés Luciano Lillini","4870","1"
"Pumas UNAM","3816695","2022-03-13","Andres Lillini","2021-07-25","2022-10-01","Andrés Luciano Lillini","4870","1"
"Pumas UNAM","3816712","2022-03-19","Andres Lillini","2021-07-25","2022-10-01","Andrés Luciano Lillini","4870","1"
"Pumas UNAM","3816687","2022-03-26","Andres Lillini","2021-07-25","2022-10-01","Andrés Luciano Lillini","4870","1"
"Pumas UNAM","3816698","2022-04-03","Andres Lillini","2021-07-25","2022-10-01","Andrés Luciano Lillini","4870","1"
"Pumas UNAM","3816774","2022-04-09","Andres Lillini","2021-07-25","2022-10-01","Andrés Luciano Lillini","4870","1"
"Pumas UNAM","3816803","2022-04-17","Andres Lillini","2021-07-25","2022-10-01","Andrés Luciano Lillini","4870","1"
"Pumas UNAM","3816750","2022-04-21","Andres Lillini","2021-07-25","2022-10-01","Andrés Luciano Lillini","4870","1"
"Pumas UNAM","3816800","2022-04-24","Andres Lillini","2021-07-25","2022-10-01","Andrés Luciano Lillini","4870","1"
"Pumas UNAM","3816727","2022-05-01","Andres Lillini","2021-07-25","2022-10-01","Andrés Luciano Lillini","4870","1"
"Pumas UNAM","3835106","2022-07-03","Andres Lillini","2021-07-25","2022-10-01","Andrés Luciano Lillini","4870","1"
"Pumas UNAM","3835117","2022-07-10","Andres Lillini","2021-07-25","2022-10-01","Andrés Luciano Lillini","4870","1"
"Pumas UNAM","3835124","2022-07-17","Andres Lillini","2021-07-25","2022-10-01","Andrés Luciano Lillini","4870","1"
"Pumas UNAM","3835136","2022-07-25","Andres Lillini","2021-07-25","2022-10-01","Andrés Luciano Lillini","4870","1"
"Pumas UNAM","3835142","2022-07-28","Andres Lillini","2021-07-25","2022-10-01","Andrés Luciano Lillini","4870","1"
"Pumas UNAM","3835147","2022-07-31","Andres Lillini","2021-07-25","2022-10-01","Andrés Luciano Lillini","4870","1"
"Pumas UNAM","3835169","2022-08-14","Andres Lillini","2021-07-25","2022-10-01","Andrés Luciano Lillini","4870","1"
"Pumas UNAM","3835180","2022-08-19","Andres Lillini","2021-07-25","2022-10-01","Andrés Luciano Lillini","4870","1"
"Pumas UNAM","3835184","2022-08-21","Andres Lillini","2021-07-25","2022-10-01","Andrés Luciano Lillini","4870","1"
"Pumas UNAM","3835194","2022-08-25","Andres Lillini","2021-07-25","2022-10-01","Andrés Luciano Lillini","4870","1"
"Pumas UNAM","3835199","2022-08-28","Andres Lillini","2021-07-25","2022-10-01","Andrés Luciano Lillini","4870","1"
"Pumas UNAM","3835212","2022-09-04","Andres Lillini","2021-07-25","2022-10-01","Andrés Luciano Lillini","4870","1"
"Pumas UNAM","3835223","2022-09-08","Andres Lillini","2021-07-25","2022-10-01","Andrés Luciano Lillini","4870","1"
"Pumas UNAM","3835229","2022-09-11","Andres Lillini","2021-07-25","2022-10-01","Andrés Luciano Lillini","4870","1"
"Pumas UNAM","3835241","2022-09-18","Andres Lillini","2021-07-25","2022-10-01","Andrés Luciano Lillini","4870","1"
"Pumas UNAM","3835158","2022-09-24","Andres Lillini","2021-07-25","2022-10-01","Andrés Luciano Lillini","4870","1"
"Pumas UNAM","3835246","2022-10-01","Andres Lillini","2021-07-25","2022-10-01","Andrés Luciano Lillini","4870","1"
"Pumas UNAM","3870378","2023-01-08","Rafael Puente del Rio","2023-01-08","2023-03-19","Rafael Puente del Río","3228","1"
"Pumas UNAM","3870387","2023-01-15","Rafael Puente del Rio","2023-01-08","2023-03-19","Rafael Puente del Río","3228","1"
"Pumas UNAM","3870397","2023-01-22","Rafael Puente del Rio","2023-01-08","2023-03-19","Rafael Puente del Río","3228","1"
"Pumas UNAM","3870403","2023-01-28","Rafael Puente del Rio","2023-01-08","2023-03-19","Rafael Puente del Río","3228","1"
"Pumas UNAM","3870415","2023-02-05","Rafael Puente del Rio","2023-01-08","2023-03-19","Rafael Puente del Río","3228","1"
"Pumas UNAM","3870428","2023-02-12","Rafael Puente del Rio","2023-01-08","2023-03-19","Rafael Puente del Río","3228","1"
"Pumas UNAM","3870433","2023-02-16","Rafael Puente del Rio","2023-01-08","2023-03-19","Rafael Puente del Río","3228","1"
"Pumas UNAM","3870439","2023-02-19","Rafael Puente del Rio","2023-01-08","2023-03-19","Rafael Puente del Río","3228","1"
"Pumas UNAM","3870448","2023-02-25","Rafael Puente del Rio","2023-01-08","2023-03-19","Rafael Puente del Río","3228","1"
"Pumas UNAM","3870463","2023-03-05","Rafael Puente del Rio","2023-01-08","2023-03-19","Rafael Puente del Río","3228","1"
"Pumas UNAM","3870469","2023-03-12","Rafael Puente del Rio","2023-01-08","2023-03-19","Rafael Puente del Río","3228","1"
"Pumas UNAM","3870480","2023-03-19","Rafael Puente del Rio","2023-01-08","2023-03-19","Rafael Puente del Río","3228","1"
"Pumas UNAM","3870491","2023-04-03","Raul Alpizar I","2023-04-03","2023-04-03","Raúl Alpízar","1001899","1"
"Pumas UNAM","3870496","2023-04-09","Antonio Mohamed","2023-04-09","2023-11-12","Antonio Ricardo Mohamed Matijevich","560","1"
"Pumas UNAM","3870507","2023-04-16","Antonio Mohamed","2023-04-09","2023-11-12","Antonio Ricardo Mohamed Matijevich","560","1"
"Pumas UNAM","3870516","2023-04-23","Antonio Mohamed","2023-04-09","2023-11-12","Antonio Ricardo Mohamed Matijevich","560","1"
"Pumas UNAM","3870524","2023-04-30","Antonio Mohamed","2023-04-09","2023-11-12","Antonio Ricardo Mohamed Matijevich","560","1"
"Pumas UNAM","3889639","2023-07-01","Antonio Mohamed","2023-04-09","2023-11-12","Antonio Ricardo Mohamed Matijevich","560","1"
"Pumas UNAM","3889651","2023-07-09","Antonio Mohamed","2023-04-09","2023-11-12","Antonio Ricardo Mohamed Matijevich","560","1"
"Pumas UNAM","3889663","2023-07-17","Antonio Mohamed","2023-04-09","2023-11-12","Antonio Ricardo Mohamed Matijevich","560","1"
"Pumas UNAM","3889670","2023-08-19","Antonio Mohamed","2023-04-09","2023-11-12","Antonio Ricardo Mohamed Matijevich","560","1"
"Pumas UNAM","3889680","2023-08-23","Antonio Mohamed","2023-04-09","2023-11-12","Antonio Ricardo Mohamed Matijevich","560","1"
"Pumas UNAM","3889689","2023-08-28","Antonio Mohamed","2023-04-09","2023-11-12","Antonio Ricardo Mohamed Matijevich","560","1"
"Pumas UNAM","3889698","2023-09-03","Antonio Mohamed","2023-04-09","2023-11-12","Antonio Ricardo Mohamed Matijevich","560","1"
"Pumas UNAM","3889704","2023-09-17","Antonio Mohamed","2023-04-09","2023-11-12","Antonio Ricardo Mohamed Matijevich","560","1"
"Pumas UNAM","3889709","2023-09-23","Antonio Mohamed","2023-04-09","2023-11-12","Antonio Ricardo Mohamed Matijevich","560","1"
"Pumas UNAM","3889725","2023-10-01","Antonio Mohamed","2023-04-09","2023-11-12","Antonio Ricardo Mohamed Matijevich","560","1"
"Pumas UNAM","3889730","2023-10-05","Antonio Mohamed","2023-04-09","2023-11-12","Antonio Ricardo Mohamed Matijevich","560","1"
"Pumas UNAM","3889737","2023-10-08","Antonio Mohamed","2023-04-09","2023-11-12","Antonio Ricardo Mohamed Matijevich","560","1"
"Pumas UNAM","3889745","2023-10-22","Antonio Mohamed","2023-04-09","2023-11-12","Antonio Ricardo Mohamed Matijevich","560","1"
"Pumas UNAM","3889755","2023-10-28","Antonio Mohamed","2023-04-09","2023-11-12","Antonio Ricardo Mohamed Matijevich","560","1"
"Pumas UNAM","3889766","2023-11-01","Antonio Mohamed","2023-04-09","2023-11-12","Antonio Ricardo Mohamed Matijevich","560","1"
"Pumas UNAM","3889773","2023-11-05","Antonio Mohamed","2023-04-09","2023-11-12","Antonio Ricardo Mohamed Matijevich","560","1"
"Pumas UNAM","3889784","2023-11-12","Antonio Mohamed","2023-04-09","2023-11-12","Antonio Ricardo Mohamed Matijevich","560","1"
"Pumas UNAM","3918955","2024-01-14","Gustavo Lema","2024-01-14","2025-02-26","Gustavo Alberto Lema","794","1"
"Pumas UNAM","3918961","2024-01-20","Gustavo Lema","2024-01-14","2025-02-26","Gustavo Alberto Lema","794","1"
"Pumas UNAM","3918979","2024-01-28","Gustavo Lema","2024-01-14","2025-02-26","Gustavo Alberto Lema","794","1"
"Pumas UNAM","3918985","2024-02-01","Gustavo Lema","2024-01-14","2025-02-26","Gustavo Alberto Lema","794","1"
"Pumas UNAM","3918990","2024-02-04","Gustavo Lema","2024-01-14","2025-02-26","Gustavo Alberto Lema","794","1"
"Pumas UNAM","3918999","2024-02-11","Gustavo Lema","2024-01-14","2025-02-26","Gustavo Alberto Lema","794","1"
"Pumas UNAM","3919004","2024-02-15","Gustavo Lema","2024-01-14","2025-02-26","Gustavo Alberto Lema","794","1"
"Pumas UNAM","3919013","2024-02-19","Gustavo Lema","2024-01-14","2025-02-26","Gustavo Alberto Lema","794","1"
"Pumas UNAM","3919025","2024-02-25","Gustavo Lema","2024-01-14","2025-02-26","Gustavo Alberto Lema","794","1"
"Pumas UNAM","3919039","2024-03-04","Gustavo Lema","2024-01-14","2025-02-26","Gustavo Alberto Lema","794","1"
"Pumas UNAM","3919046","2024-03-10","Gustavo Lema","2024-01-14","2025-02-26","Gustavo Alberto Lema","794","1"
"Pumas UNAM","3919051","2024-03-18","Gustavo Lema","2024-01-14","2025-02-26","Gustavo Alberto Lema","794","1"
"Pumas UNAM","3919060","2024-03-31","Gustavo Lema","2024-01-14","2025-02-26","Gustavo Alberto Lema","794","1"
"Pumas UNAM","3919067","2024-04-06","Gustavo Lema","2024-01-14","2025-02-26","Gustavo Alberto Lema","794","1"
"Pumas UNAM","3919084","2024-04-15","Gustavo Lema","2024-01-14","2025-02-26","Gustavo Alberto Lema","794","1"
"Pumas UNAM","3919088","2024-04-21","Gustavo Lema","2024-01-14","2025-02-26","Gustavo Alberto Lema","794","1"
"Pumas UNAM","3919095","2024-04-27","Gustavo Lema","2024-01-14","2025-02-26","Gustavo Alberto Lema","794","1"
"Pumas UNAM","3939823","2024-07-07","Gustavo Lema","2024-01-14","2025-02-26","Gustavo Alberto Lema","794","1"
"Pumas UNAM","3939832","2024-07-14","Gustavo Lema","2024-01-14","2025-02-26","Gustavo Alberto Lema","794","1"
"Pumas UNAM","3939839","2024-07-18","Gustavo Lema","2024-01-14","2025-02-26","Gustavo Alberto Lema","794","1"
"Pumas UNAM","3939850","2024-07-21","Gustavo Lema","2024-01-14","2025-02-26","Gustavo Alberto Lema","794","1"
"Pumas UNAM","3939857","2024-08-25","Gustavo Lema","2024-01-14","2025-02-26","Gustavo Alberto Lema","794","1"
"Pumas UNAM","3939868","2024-09-01","Gustavo Lema","2024-01-14","2025-02-26","Gustavo Alberto Lema","794","1"
"Pumas UNAM","3939874","2024-09-14","Gustavo Lema","2024-01-14","2025-02-26","Gustavo Alberto Lema","794","1"
"Pumas UNAM","3939881","2024-09-18","Gustavo Lema","2024-01-14","2025-02-26","Gustavo Alberto Lema","794","1"
"Pumas UNAM","3939895","2024-09-22","Gustavo Lema","2024-01-14","2025-02-26","Gustavo Alberto Lema","794","1"
"Pumas UNAM","3939905","2024-09-30","Gustavo Lema","2024-01-14","2025-02-26","Gustavo Alberto Lema","794","1"
"Pumas UNAM","3939912","2024-10-06","Gustavo Lema","2024-01-14","2025-02-26","Gustavo Alberto Lema","794","1"
"Pumas UNAM","3939924","2024-10-20","Gustavo Lema","2024-01-14","2025-02-26","Gustavo Alberto Lema","794","1"
"Pumas UNAM","3939932","2024-10-24","Gustavo Lema","2024-01-14","2025-02-26","Gustavo Alberto Lema","794","1"
"Pumas UNAM","3939939","2024-10-27","Gustavo Lema","2024-01-14","2025-02-26","Gustavo Alberto Lema","794","1"
"Pumas UNAM","3939947","2024-11-03","Gustavo Lema","2024-01-14","2025-02-26","Gustavo Alberto Lema","794","1"
"Pumas UNAM","3939953","2024-11-06","Gustavo Lema","2024-01-14","2025-02-26","Gustavo Alberto Lema","794","1"
"Pumas UNAM","3939961","2024-11-09","Gustavo Lema","2024-01-14","2025-02-26","Gustavo Alberto Lema","794","1"
"Pumas UNAM","3972019","2025-01-12","Gustavo Lema","2024-01-14","2025-02-26","Gustavo Alberto Lema","794","1"
"Pumas UNAM","3972030","2025-01-19","Gustavo Lema","2024-01-14","2025-02-26","Gustavo Alberto Lema","794","1"
"Pumas UNAM","3972040","2025-01-26","Gustavo Lema","2024-01-14","2025-02-26","Gustavo Alberto Lema","794","1"
"Pumas UNAM","3972047","2025-01-30","Gustavo Lema","2024-01-14","2025-02-26","Gustavo Alberto Lema","794","1"
"Pumas UNAM","3972057","2025-02-03","Gustavo Lema","2024-01-14","2025-02-26","Gustavo Alberto Lema","794","1"
"Pumas UNAM","3972065","2025-02-10","Gustavo Lema","2024-01-14","2025-02-26","Gustavo Alberto Lema","794","1"
"Pumas UNAM","3972077","2025-02-17","Gustavo Lema","2024-01-14","2025-02-26","Gustavo Alberto Lema","794","1"
"Pumas UNAM","3972087","2025-02-23","Gustavo Lema","2024-01-14","2025-02-26","Gustavo Alberto Lema","794","1"
"Pumas UNAM","3972091","2025-02-26","Gustavo Lema","2024-01-14","2025-02-26","Gustavo Alberto Lema","794","1"
"Pumas UNAM","3972098","2025-03-02","Raul Alpizar II","2025-03-02","2025-03-02","Raúl Alpízar","1001899","1"
"Pumas UNAM","3972107","2025-03-08","Efrain Valdez","2025-03-08","2026-04-25","Efraín Juárez Váldez","1005267","1"
"Pumas UNAM","3972121","2025-03-17","Efrain Valdez","2025-03-08","2026-04-25","Efraín Juárez Váldez","1005267","1"
"Pumas UNAM","3972131","2025-03-31","Efrain Valdez","2025-03-08","2026-04-25","Efraín Juárez Váldez","1005267","1"
"Pumas UNAM","3972138","2025-04-06","Efrain Valdez","2025-03-08","2026-04-25","Efraín Juárez Váldez","1005267","1"
"Pumas UNAM","3972144","2025-04-12","Efrain Valdez","2025-03-08","2026-04-25","Efraín Juárez Váldez","1005267","1"
"Pumas UNAM","3972154","2025-04-17","Efrain Valdez","2025-03-08","2026-04-25","Efraín Juárez Váldez","1005267","1"
"Pumas UNAM","3972164","2025-04-20","Efrain Valdez","2025-03-08","2026-04-25","Efraín Juárez Váldez","1005267","1"
"Pumas UNAM","4004044","2025-07-13","Efrain Valdez","2025-03-08","2026-04-25","Efraín Juárez Váldez","1005267","1"
"Pumas UNAM","4004057","2025-07-20","Efrain Valdez","2025-03-08","2026-04-25","Efraín Juárez Váldez","1005267","1"
"Pumas UNAM","4004059","2025-07-26","Efrain Valdez","2025-03-08","2026-04-25","Efraín Juárez Váldez","1005267","1"
"Pumas UNAM","4004071","2025-08-11","Efrain Valdez","2025-03-08","2026-04-25","Efraín Juárez Váldez","1005267","1"
"Pumas UNAM","4004079","2025-08-17","Efrain Valdez","2025-03-08","2026-04-25","Efraín Juárez Váldez","1005267","1"
"Pumas UNAM","4004092","2025-08-24","Efrain Valdez","2025-03-08","2026-04-25","Efraín Juárez Váldez","1005267","1"
"Pumas UNAM","4004101","2025-08-31","Efrain Valdez","2025-03-08","2026-04-25","Efraín Juárez Váldez","1005267","1"
"Pumas UNAM","4004105","2025-09-13","Efrain Valdez","2025-03-08","2026-04-25","Efraín Juárez Váldez","1005267","1"
"Pumas UNAM","4004117","2025-09-21","Efrain Valdez","2025-03-08","2026-04-25","Efraín Juárez Váldez","1005267","1"
"Pumas UNAM","4004123","2025-09-24","Efrain Valdez","2025-03-08","2026-04-25","Efraín Juárez Váldez","1005267","1"
"Pumas UNAM","4004135","2025-09-28","Efrain Valdez","2025-03-08","2026-04-25","Efraín Juárez Váldez","1005267","1"
"Pumas UNAM","4004147","2025-10-06","Efrain Valdez","2025-03-08","2026-04-25","Efraín Juárez Váldez","1005267","1"
"Pumas UNAM","4004152","2025-10-19","Efrain Valdez","2025-03-08","2026-04-25","Efraín Juárez Váldez","1005267","1"
"Pumas UNAM","4004166","2025-10-23","Efrain Valdez","2025-03-08","2026-04-25","Efraín Juárez Váldez","1005267","1"
"Pumas UNAM","4004171","2025-10-26","Efrain Valdez","2025-03-08","2026-04-25","Efraín Juárez Váldez","1005267","1"
"Pumas UNAM","4004182","2025-11-02","Efrain Valdez","2025-03-08","2026-04-25","Efraín Juárez Váldez","1005267","1"
"Pumas UNAM","4004192","2025-11-09","Efrain Valdez","2025-03-08","2026-04-25","Efraín Juárez Váldez","1005267","1"
"Pumas UNAM","4038808","2026-01-11","Efrain Valdez","2025-03-08","2026-04-25","Efraín Juárez Váldez","1005267","1"
"Pumas UNAM","4038816","2026-01-15","Efrain Valdez","2025-03-08","2026-04-25","Efraín Juárez Váldez","1005267","1"
"Pumas UNAM","4038821","2026-01-18","Efrain Valdez","2025-03-08","2026-04-25","Efraín Juárez Váldez","1005267","1"
"Pumas UNAM","4038828","2026-01-31","Efrain Valdez","2025-03-08","2026-04-25","Efraín Juárez Váldez","1005267","1"
"Pumas UNAM","4038842","2026-02-08","Efrain Valdez","2025-03-08","2026-04-25","Efraín Juárez Váldez","1005267","1"
"Pumas UNAM","4038846","2026-02-14","Efrain Valdez","2025-03-08","2026-04-25","Efraín Juárez Váldez","1005267","1"
"Pumas UNAM","4038862","2026-02-22","Efrain Valdez","2025-03-08","2026-04-25","Efraín Juárez Váldez","1005267","1"
"Pumas UNAM","4038865","2026-02-28","Efrain Valdez","2025-03-08","2026-04-25","Efraín Juárez Váldez","1005267","1"
"Pumas UNAM","4038876","2026-03-04","Efrain Valdez","2025-03-08","2026-04-25","Efraín Juárez Váldez","1005267","1"
"Pumas UNAM","4038881","2026-03-07","Efrain Valdez","2025-03-08","2026-04-25","Efraín Juárez Váldez","1005267","1"
"Pumas UNAM","4038895","2026-03-15","Efrain Valdez","2025-03-08","2026-04-25","Efraín Juárez Váldez","1005267","1"
"Pumas UNAM","4038904","2026-03-22","Efrain Valdez","2025-03-08","2026-04-25","Efraín Juárez Váldez","1005267","1"
"Pumas UNAM","4038917","2026-04-06","Efrain Valdez","2025-03-08","2026-04-25","Efraín Juárez Váldez","1005267","1"
"Pumas UNAM","4038922","2026-04-12","Efrain Valdez","2025-03-08","2026-04-25","Efraín Juárez Váldez","1005267","1"
"Pumas UNAM","4038927","2026-04-18","Efrain Valdez","2025-03-08","2026-04-25","Efraín Juárez Váldez","1005267","1"
"Pumas UNAM","4038938","2026-04-22","Efrain Valdez","2025-03-08","2026-04-25","Efraín Juárez Váldez","1005267","1"
"Pumas UNAM","4038947","2026-04-25","Efrain Valdez","2025-03-08","2026-04-25","Efraín Juárez Váldez","1005267","1"
"Querétaro","3799462","2021-07-23","Hector Altamirano Escudero","2021-07-23","2021-08-28","Héctor Altamirano Escudero","5339","1"
"Querétaro","3799433","2021-08-03","Hector Altamirano Escudero","2021-07-23","2021-08-28","Héctor Altamirano Escudero","5339","1"
"Querétaro","3799497","2021-08-06","Hector Altamirano Escudero","2021-07-23","2021-08-28","Héctor Altamirano Escudero","5339","1"
"Querétaro","3799387","2021-08-15","Hector Altamirano Escudero","2021-07-23","2021-08-28","Héctor Altamirano Escudero","5339","1"
"Querétaro","3799421","2021-08-18","Hector Altamirano Escudero","2021-07-23","2021-08-28","Héctor Altamirano Escudero","5339","1"
"Querétaro","3799374","2021-08-23","Hector Altamirano Escudero","2021-07-23","2021-08-28","Héctor Altamirano Escudero","5339","1"
"Querétaro","3799441","2021-08-28","Hector Altamirano Escudero","2021-07-23","2021-08-28","Héctor Altamirano Escudero","5339","1"
"Querétaro","3799458","2021-09-13","Leonardo Alfredo Ramos Giro","2021-09-13","2022-02-06","Leonardo Alfredo Ramos Giró","4940","1"
"Querétaro","3799490","2021-09-20","Leonardo Alfredo Ramos Giro","2021-09-13","2022-02-06","Leonardo Alfredo Ramos Giró","4940","1"
"Querétaro","3799392","2021-09-30","Leonardo Alfredo Ramos Giro","2021-09-13","2022-02-06","Leonardo Alfredo Ramos Giró","4940","1"
"Querétaro","3799502","2021-10-03","Leonardo Alfredo Ramos Giro","2021-09-13","2022-02-06","Leonardo Alfredo Ramos Giró","4940","1"
"Querétaro","3799467","2021-10-09","Leonardo Alfredo Ramos Giro","2021-09-13","2022-02-06","Leonardo Alfredo Ramos Giró","4940","1"
"Querétaro","3799499","2021-10-15","Leonardo Alfredo Ramos Giro","2021-09-13","2022-02-06","Leonardo Alfredo Ramos Giró","4940","1"
"Querétaro","3799355","2021-10-19","Leonardo Alfredo Ramos Giro","2021-09-13","2022-02-06","Leonardo Alfredo Ramos Giró","4940","1"
"Querétaro","3799427","2021-10-23","Leonardo Alfredo Ramos Giro","2021-09-13","2022-02-06","Leonardo Alfredo Ramos Giró","4940","1"
"Querétaro","3799445","2021-10-30","Leonardo Alfredo Ramos Giro","2021-09-13","2022-02-06","Leonardo Alfredo Ramos Giró","4940","1"
"Querétaro","3799465","2021-11-05","Leonardo Alfredo Ramos Giro","2021-09-13","2022-02-06","Leonardo Alfredo Ramos Giró","4940","1"
"Querétaro","3816767","2022-01-09","Leonardo Alfredo Ramos Giro","2021-09-13","2022-02-06","Leonardo Alfredo Ramos Giró","4940","1"
"Querétaro","3816757","2022-01-15","Leonardo Alfredo Ramos Giro","2021-09-13","2022-02-06","Leonardo Alfredo Ramos Giró","4940","1"
"Querétaro","3816770","2022-01-22","Leonardo Alfredo Ramos Giro","2021-09-13","2022-02-06","Leonardo Alfredo Ramos Giró","4940","1"
"Querétaro","3816670","2022-02-06","Leonardo Alfredo Ramos Giro","2021-09-13","2022-02-06","Leonardo Alfredo Ramos Giró","4940","1"
"Querétaro","3816795","2022-02-15","Hernan Cristante","2022-02-15","2022-04-30","Rolando Hernán Cristante Mandarino","5543","1"
"Querétaro","3816785","2022-02-19","Hernan Cristante","2022-02-15","2022-04-30","Rolando Hernán Cristante Mandarino","5543","1"
"Querétaro","3816680","2022-02-25","Hernan Cristante","2022-02-15","2022-04-30","Rolando Hernán Cristante Mandarino","5543","1"
"Querétaro","3816752","2022-03-02","Hernan Cristante","2022-02-15","2022-04-30","Rolando Hernán Cristante Mandarino","5543","1"
"Querétaro","3816814","2022-03-05","Hernan Cristante","2022-02-15","2022-04-30","Rolando Hernán Cristante Mandarino","5543","1"
"Querétaro","3816783","2022-03-12","Hernan Cristante","2022-02-15","2022-04-30","Rolando Hernán Cristante Mandarino","5543","1"
"Querétaro","3816702","2022-03-18","Hernan Cristante","2022-02-15","2022-04-30","Rolando Hernán Cristante Mandarino","5543","1"
"Querétaro","3816678","2022-04-03","Hernan Cristante","2022-02-15","2022-04-30","Rolando Hernán Cristante Mandarino","5543","1"
"Querétaro","3816738","2022-04-11","Hernan Cristante","2022-02-15","2022-04-30","Rolando Hernán Cristante Mandarino","5543","1"
"Querétaro","3816756","2022-04-17","Hernan Cristante","2022-02-15","2022-04-30","Rolando Hernán Cristante Mandarino","5543","1"
"Querétaro","3816685","2022-04-22","Hernan Cristante","2022-02-15","2022-04-30","Rolando Hernán Cristante Mandarino","5543","1"
"Querétaro","3816784","2022-04-25","Hernan Cristante","2022-02-15","2022-04-30","Rolando Hernán Cristante Mandarino","5543","1"
"Querétaro","3816739","2022-04-30","Hernan Cristante","2022-02-15","2022-04-30","Rolando Hernán Cristante Mandarino","5543","1"
"Querétaro","3835109","2022-07-05","Mauro Gerk","2022-07-05","2024-11-09","Mauro Néstor Gerk Larrea","1001792","1"
"Querétaro","3835118","2022-07-10","Mauro Gerk","2022-07-05","2024-11-09","Mauro Néstor Gerk Larrea","1001792","1"
"Querétaro","3835121","2022-07-16","Mauro Gerk","2022-07-05","2024-11-09","Mauro Néstor Gerk Larrea","1001792","1"
"Querétaro","3835129","2022-07-22","Mauro Gerk","2022-07-05","2024-11-09","Mauro Néstor Gerk Larrea","1001792","1"
"Querétaro","3835143","2022-07-28","Mauro Gerk","2022-07-05","2024-11-09","Mauro Néstor Gerk Larrea","1001792","1"
"Querétaro","3835150","2022-07-31","Mauro Gerk","2022-07-05","2024-11-09","Mauro Néstor Gerk Larrea","1001792","1"
"Querétaro","3835156","2022-08-05","Mauro Gerk","2022-07-05","2024-11-09","Mauro Néstor Gerk Larrea","1001792","1"
"Querétaro","3835165","2022-08-12","Mauro Gerk","2022-07-05","2024-11-09","Mauro Néstor Gerk Larrea","1001792","1"
"Querétaro","3835176","2022-08-17","Mauro Gerk","2022-07-05","2024-11-09","Mauro Néstor Gerk Larrea","1001792","1"
"Querétaro","3835185","2022-08-20","Mauro Gerk","2022-07-05","2024-11-09","Mauro Néstor Gerk Larrea","1001792","1"
"Querétaro","3835191","2022-08-24","Mauro Gerk","2022-07-05","2024-11-09","Mauro Néstor Gerk Larrea","1001792","1"
"Querétaro","3835201","2022-08-27","Mauro Gerk","2022-07-05","2024-11-09","Mauro Néstor Gerk Larrea","1001792","1"
"Querétaro","3835207","2022-09-02","Mauro Gerk","2022-07-05","2024-11-09","Mauro Néstor Gerk Larrea","1001792","1"
"Querétaro","3835223","2022-09-08","Mauro Gerk","2022-07-05","2024-11-09","Mauro Néstor Gerk Larrea","1001792","1"
"Querétaro","3835227","2022-09-10","Mauro Gerk","2022-07-05","2024-11-09","Mauro Néstor Gerk Larrea","1001792","1"
"Querétaro","3835240","2022-09-19","Mauro Gerk","2022-07-05","2024-11-09","Mauro Néstor Gerk Larrea","1001792","1"
"Querétaro","3835249","2022-10-02","Mauro Gerk","2022-07-05","2024-11-09","Mauro Néstor Gerk Larrea","1001792","1"
"Querétaro","3870379","2023-01-07","Mauro Gerk","2022-07-05","2024-11-09","Mauro Néstor Gerk Larrea","1001792","1"
"Querétaro","3870385","2023-01-14","Mauro Gerk","2022-07-05","2024-11-09","Mauro Néstor Gerk Larrea","1001792","1"
"Querétaro","3870401","2023-01-22","Mauro Gerk","2022-07-05","2024-11-09","Mauro Néstor Gerk Larrea","1001792","1"
"Querétaro","3870419","2023-02-05","Mauro Gerk","2022-07-05","2024-11-09","Mauro Néstor Gerk Larrea","1001792","1"
"Querétaro","3870421","2023-02-10","Mauro Gerk","2022-07-05","2024-11-09","Mauro Néstor Gerk Larrea","1001792","1"
"Querétaro","3870432","2023-02-16","Mauro Gerk","2022-07-05","2024-11-09","Mauro Néstor Gerk Larrea","1001792","1"
"Querétaro","3870444","2023-02-19","Mauro Gerk","2022-07-05","2024-11-09","Mauro Néstor Gerk Larrea","1001792","1"
"Querétaro","3870447","2023-02-25","Mauro Gerk","2022-07-05","2024-11-09","Mauro Néstor Gerk Larrea","1001792","1"
"Querétaro","3870464","2023-03-06","Mauro Gerk","2022-07-05","2024-11-09","Mauro Néstor Gerk Larrea","1001792","1"
"Querétaro","3870465","2023-03-11","Mauro Gerk","2022-07-05","2024-11-09","Mauro Néstor Gerk Larrea","1001792","1"
"Querétaro","3870481","2023-03-20","Mauro Gerk","2022-07-05","2024-11-09","Mauro Néstor Gerk Larrea","1001792","1"
"Querétaro","3870406","2023-03-30","Mauro Gerk","2022-07-05","2024-11-09","Mauro Néstor Gerk Larrea","1001792","1"
"Querétaro","3870491","2023-04-03","Mauro Gerk","2022-07-05","2024-11-09","Mauro Néstor Gerk Larrea","1001792","1"
"Querétaro","3870493","2023-04-08","Mauro Gerk","2022-07-05","2024-11-09","Mauro Néstor Gerk Larrea","1001792","1"
"Querétaro","3870508","2023-04-16","Mauro Gerk","2022-07-05","2024-11-09","Mauro Néstor Gerk Larrea","1001792","1"
"Querétaro","3870518","2023-04-24","Mauro Gerk","2022-07-05","2024-11-09","Mauro Néstor Gerk Larrea","1001792","1"
"Querétaro","3870527","2023-04-30","Mauro Gerk","2022-07-05","2024-11-09","Mauro Néstor Gerk Larrea","1001792","1"
"Querétaro","3889644","2023-07-03","Mauro Gerk","2022-07-05","2024-11-09","Mauro Néstor Gerk Larrea","1001792","1"
"Querétaro","3889659","2023-07-15","Mauro Gerk","2022-07-05","2024-11-09","Mauro Néstor Gerk Larrea","1001792","1"
"Querétaro","3889671","2023-08-21","Mauro Gerk","2022-07-05","2024-11-09","Mauro Néstor Gerk Larrea","1001792","1"
"Querétaro","3889688","2023-08-27","Mauro Gerk","2022-07-05","2024-11-09","Mauro Néstor Gerk Larrea","1001792","1"
"Querétaro","3889678","2023-08-31","Mauro Gerk","2022-07-05","2024-11-09","Mauro Néstor Gerk Larrea","1001792","1"
"Querétaro","3889695","2023-09-03","Mauro Gerk","2022-07-05","2024-11-09","Mauro Néstor Gerk Larrea","1001792","1"
"Querétaro","3889707","2023-09-17","Mauro Gerk","2022-07-05","2024-11-09","Mauro Néstor Gerk Larrea","1001792","1"
"Querétaro","3889653","2023-09-21","Mauro Gerk","2022-07-05","2024-11-09","Mauro Néstor Gerk Larrea","1001792","1"
"Querétaro","3889717","2023-09-24","Mauro Gerk","2022-07-05","2024-11-09","Mauro Néstor Gerk Larrea","1001792","1"
"Querétaro","3889720","2023-09-30","Mauro Gerk","2022-07-05","2024-11-09","Mauro Néstor Gerk Larrea","1001792","1"
"Querétaro","3889730","2023-10-05","Mauro Gerk","2022-07-05","2024-11-09","Mauro Néstor Gerk Larrea","1001792","1"
"Querétaro","3889735","2023-10-08","Mauro Gerk","2022-07-05","2024-11-09","Mauro Néstor Gerk Larrea","1001792","1"
"Querétaro","3889748","2023-10-22","Mauro Gerk","2022-07-05","2024-11-09","Mauro Néstor Gerk Larrea","1001792","1"
"Querétaro","3889754","2023-10-28","Mauro Gerk","2022-07-05","2024-11-09","Mauro Néstor Gerk Larrea","1001792","1"
"Querétaro","3889765","2023-11-01","Mauro Gerk","2022-07-05","2024-11-09","Mauro Néstor Gerk Larrea","1001792","1"
"Querétaro","3889778","2023-11-06","Mauro Gerk","2022-07-05","2024-11-09","Mauro Néstor Gerk Larrea","1001792","1"
"Querétaro","3889785","2023-11-11","Mauro Gerk","2022-07-05","2024-11-09","Mauro Néstor Gerk Larrea","1001792","1"
"Querétaro","3918951","2024-01-13","Mauro Gerk","2022-07-05","2024-11-09","Mauro Néstor Gerk Larrea","1001792","1"
"Querétaro","3919103","2024-01-21","Mauro Gerk","2022-07-05","2024-11-09","Mauro Néstor Gerk Larrea","1001792","1"
"Querétaro","3918968","2024-01-25","Mauro Gerk","2022-07-05","2024-11-09","Mauro Néstor Gerk Larrea","1001792","1"
"Querétaro","3918978","2024-01-29","Mauro Gerk","2022-07-05","2024-11-09","Mauro Néstor Gerk Larrea","1001792","1"
"Querétaro","3918987","2024-02-03","Mauro Gerk","2022-07-05","2024-11-09","Mauro Néstor Gerk Larrea","1001792","1"
"Querétaro","3918995","2024-02-10","Mauro Gerk","2022-07-05","2024-11-09","Mauro Néstor Gerk Larrea","1001792","1"
"Querétaro","3919005","2024-02-17","Mauro Gerk","2022-07-05","2024-11-09","Mauro Néstor Gerk Larrea","1001792","1"
"Querétaro","3919021","2024-02-24","Mauro Gerk","2022-07-05","2024-11-09","Mauro Néstor Gerk Larrea","1001792","1"
"Querétaro","3919028","2024-02-28","Mauro Gerk","2022-07-05","2024-11-09","Mauro Néstor Gerk Larrea","1001792","1"
"Querétaro","3919032","2024-03-02","Mauro Gerk","2022-07-05","2024-11-09","Mauro Néstor Gerk Larrea","1001792","1"
"Querétaro","3919043","2024-03-10","Mauro Gerk","2022-07-05","2024-11-09","Mauro Néstor Gerk Larrea","1001792","1"
"Querétaro","3919050","2024-03-16","Mauro Gerk","2022-07-05","2024-11-09","Mauro Néstor Gerk Larrea","1001792","1"
"Querétaro","3919065","2024-03-31","Mauro Gerk","2022-07-05","2024-11-09","Mauro Néstor Gerk Larrea","1001792","1"
"Querétaro","3919074","2024-04-06","Mauro Gerk","2022-07-05","2024-11-09","Mauro Néstor Gerk Larrea","1001792","1"
"Querétaro","3919076","2024-04-13","Mauro Gerk","2022-07-05","2024-11-09","Mauro Néstor Gerk Larrea","1001792","1"
"Querétaro","3919089","2024-04-21","Mauro Gerk","2022-07-05","2024-11-09","Mauro Néstor Gerk Larrea","1001792","1"
"Querétaro","3919095","2024-04-27","Mauro Gerk","2022-07-05","2024-11-09","Mauro Néstor Gerk Larrea","1001792","1"
"Querétaro","3939818","2024-07-06","Mauro Gerk","2022-07-05","2024-11-09","Mauro Néstor Gerk Larrea","1001792","1"
"Querétaro","3939825","2024-07-13","Mauro Gerk","2022-07-05","2024-11-09","Mauro Néstor Gerk Larrea","1001792","1"
"Querétaro","3939834","2024-07-17","Mauro Gerk","2022-07-05","2024-11-09","Mauro Néstor Gerk Larrea","1001792","1"
"Querétaro","3939847","2024-07-21","Mauro Gerk","2022-07-05","2024-11-09","Mauro Néstor Gerk Larrea","1001792","1"
"Querétaro","3939930","2024-08-19","Mauro Gerk","2022-07-05","2024-11-09","Mauro Néstor Gerk Larrea","1001792","1"
"Querétaro","3939852","2024-08-24","Mauro Gerk","2022-07-05","2024-11-09","Mauro Néstor Gerk Larrea","1001792","1"
"Querétaro","3939864","2024-08-31","Mauro Gerk","2022-07-05","2024-11-09","Mauro Néstor Gerk Larrea","1001792","1"
"Querétaro","3939870","2024-09-14","Mauro Gerk","2022-07-05","2024-11-09","Mauro Néstor Gerk Larrea","1001792","1"
"Querétaro","3939882","2024-09-18","Mauro Gerk","2022-07-05","2024-11-09","Mauro Néstor Gerk Larrea","1001792","1"
"Querétaro","3939888","2024-09-21","Mauro Gerk","2022-07-05","2024-11-09","Mauro Néstor Gerk Larrea","1001792","1"
"Querétaro","3939897","2024-09-28","Mauro Gerk","2022-07-05","2024-11-09","Mauro Néstor Gerk Larrea","1001792","1"
"Querétaro","3939906","2024-10-05","Mauro Gerk","2022-07-05","2024-11-09","Mauro Néstor Gerk Larrea","1001792","1"
"Querétaro","3939919","2024-10-19","Mauro Gerk","2022-07-05","2024-11-09","Mauro Néstor Gerk Larrea","1001792","1"
"Querétaro","3939938","2024-10-26","Mauro Gerk","2022-07-05","2024-11-09","Mauro Néstor Gerk Larrea","1001792","1"
"Querétaro","3939945","2024-11-02","Mauro Gerk","2022-07-05","2024-11-09","Mauro Néstor Gerk Larrea","1001792","1"
"Querétaro","3939953","2024-11-06","Mauro Gerk","2022-07-05","2024-11-09","Mauro Néstor Gerk Larrea","1001792","1"
"Querétaro","3939962","2024-11-09","Mauro Gerk","2022-07-05","2024-11-09","Mauro Néstor Gerk Larrea","1001792","1"
"Querétaro","3972016","2025-01-11","Benjamin Mora","2025-01-11","2025-11-08","Benjamín Mora Mendívil","1002630","1"
"Querétaro","3972030","2025-01-19","Benjamin Mora","2025-01-11","2025-11-08","Benjamín Mora Mendívil","1002630","1"
"Querétaro","3972033","2025-01-25","Benjamin Mora","2025-01-11","2025-11-08","Benjamín Mora Mendívil","1002630","1"
"Querétaro","3972046","2025-01-30","Benjamin Mora","2025-01-11","2025-11-08","Benjamín Mora Mendívil","1002630","1"
"Querétaro","3972056","2025-02-01","Benjamin Mora","2025-01-11","2025-11-08","Benjamín Mora Mendívil","1002630","1"
"Querétaro","3972061","2025-02-08","Benjamin Mora","2025-01-11","2025-11-08","Benjamín Mora Mendívil","1002630","1"
"Querétaro","3972075","2025-02-16","Benjamin Mora","2025-01-11","2025-11-08","Benjamín Mora Mendívil","1002630","1"
"Querétaro","3972089","2025-02-24","Benjamin Mora","2025-01-11","2025-11-08","Benjamín Mora Mendívil","1002630","1"
"Querétaro","3972093","2025-02-27","Benjamin Mora","2025-01-11","2025-11-08","Benjamín Mora Mendívil","1002630","1"
"Querétaro","3972103","2025-03-02","Benjamin Mora","2025-01-11","2025-11-08","Benjamín Mora Mendívil","1002630","1"
"Querétaro","3972106","2025-03-08","Benjamin Mora","2025-01-11","2025-11-08","Benjamín Mora Mendívil","1002630","1"
"Querétaro","3972114","2025-03-15","Benjamin Mora","2025-01-11","2025-11-08","Benjamín Mora Mendívil","1002630","1"
"Querétaro","3972123","2025-03-29","Benjamin Mora","2025-01-11","2025-11-08","Benjamín Mora Mendívil","1002630","1"
"Querétaro","3972134","2025-04-05","Benjamin Mora","2025-01-11","2025-11-08","Benjamín Mora Mendívil","1002630","1"
"Querétaro","3972149","2025-04-13","Benjamin Mora","2025-01-11","2025-11-08","Benjamín Mora Mendívil","1002630","1"
"Querétaro","3972156","2025-04-17","Benjamin Mora","2025-01-11","2025-11-08","Benjamín Mora Mendívil","1002630","1"
"Querétaro","3972160","2025-04-21","Benjamin Mora","2025-01-11","2025-11-08","Benjamín Mora Mendívil","1002630","1"
"Querétaro","4004043","2025-07-12","Benjamin Mora","2025-01-11","2025-11-08","Benjamín Mora Mendívil","1002630","1"
"Querétaro","4004051","2025-07-19","Benjamin Mora","2025-01-11","2025-11-08","Benjamín Mora Mendívil","1002630","1"
"Querétaro","4004059","2025-07-26","Benjamin Mora","2025-01-11","2025-11-08","Benjamín Mora Mendívil","1002630","1"
"Querétaro","4004068","2025-08-10","Benjamin Mora","2025-01-11","2025-11-08","Benjamín Mora Mendívil","1002630","1"
"Querétaro","4004083","2025-08-17","Benjamin Mora","2025-01-11","2025-11-08","Benjamín Mora Mendívil","1002630","1"
"Querétaro","4004086","2025-08-23","Benjamin Mora","2025-01-11","2025-11-08","Benjamín Mora Mendívil","1002630","1"
"Querétaro","4004097","2025-08-30","Benjamin Mora","2025-01-11","2025-11-08","Benjamín Mora Mendívil","1002630","1"
"Querétaro","4004110","2025-09-14","Benjamin Mora","2025-01-11","2025-11-08","Benjamín Mora Mendívil","1002630","1"
"Querétaro","4004118","2025-09-20","Benjamin Mora","2025-01-11","2025-11-08","Benjamín Mora Mendívil","1002630","1"
"Querétaro","4004127","2025-09-25","Benjamin Mora","2025-01-11","2025-11-08","Benjamín Mora Mendívil","1002630","1"
"Querétaro","4004138","2025-09-28","Benjamin Mora","2025-01-11","2025-11-08","Benjamín Mora Mendívil","1002630","1"
"Querétaro","4004143","2025-10-04","Benjamin Mora","2025-01-11","2025-11-08","Benjamín Mora Mendívil","1002630","1"
"Querétaro","4004157","2025-10-18","Benjamin Mora","2025-01-11","2025-11-08","Benjamín Mora Mendívil","1002630","1"
"Querétaro","4004163","2025-10-23","Benjamin Mora","2025-01-11","2025-11-08","Benjamín Mora Mendívil","1002630","1"
"Querétaro","4004174","2025-10-26","Benjamin Mora","2025-01-11","2025-11-08","Benjamín Mora Mendívil","1002630","1"
"Querétaro","4004183","2025-11-02","Benjamin Mora","2025-01-11","2025-11-08","Benjamín Mora Mendívil","1002630","1"
"Querétaro","4004185","2025-11-08","Benjamin Mora","2025-01-11","2025-11-08","Benjamín Mora Mendívil","1002630","1"
"Querétaro","4038808","2026-01-11","Esteban Gonzalez","2026-01-11","2026-04-25","Esteban Eduardo González Herrera","1004862","1"
"Querétaro","4038815","2026-01-15","Esteban Gonzalez","2026-01-11","2026-04-25","Esteban Eduardo González Herrera","1004862","1"
"Querétaro","4038822","2026-01-17","Esteban Gonzalez","2026-01-11","2026-04-25","Esteban Eduardo González Herrera","1004862","1"
"Querétaro","4038835","2026-02-01","Esteban Gonzalez","2026-01-11","2026-04-25","Esteban Eduardo González Herrera","1004862","1"
"Querétaro","4038843","2026-02-07","Esteban Gonzalez","2026-01-11","2026-04-25","Esteban Eduardo González Herrera","1004862","1"
"Querétaro","4038849","2026-02-14","Esteban Gonzalez","2026-01-11","2026-04-25","Esteban Eduardo González Herrera","1004862","1"
"Querétaro","4038866","2026-02-28","Esteban Gonzalez","2026-01-11","2026-04-25","Esteban Eduardo González Herrera","1004862","1"
"Querétaro","4038879","2026-03-05","Esteban Gonzalez","2026-01-11","2026-04-25","Esteban Eduardo González Herrera","1004862","1"
"Querétaro","4038888","2026-03-07","Esteban Gonzalez","2026-01-11","2026-04-25","Esteban Eduardo González Herrera","1004862","1"
"Querétaro","4038891","2026-03-15","Esteban Gonzalez","2026-01-11","2026-04-25","Esteban Eduardo González Herrera","1004862","1"
"Querétaro","4038906","2026-03-21","Esteban Gonzalez","2026-01-11","2026-04-25","Esteban Eduardo González Herrera","1004862","1"
"Querétaro","4038916","2026-04-04","Esteban Gonzalez","2026-01-11","2026-04-25","Esteban Eduardo González Herrera","1004862","1"
"Querétaro","4038863","2026-04-08","Esteban Gonzalez","2026-01-11","2026-04-25","Esteban Eduardo González Herrera","1004862","1"
"Querétaro","4038923","2026-04-11","Esteban Gonzalez","2026-01-11","2026-04-25","Esteban Eduardo González Herrera","1004862","1"
"Querétaro","4038929","2026-04-18","Esteban Gonzalez","2026-01-11","2026-04-25","Esteban Eduardo González Herrera","1004862","1"
"Querétaro","4038937","2026-04-22","Esteban Gonzalez","2026-01-11","2026-04-25","Esteban Eduardo González Herrera","1004862","1"
"Querétaro","4038945","2026-04-25","Esteban Gonzalez","2026-01-11","2026-04-25","Esteban Eduardo González Herrera","1004862","1"
"Santos Laguna","3799394","2021-07-24","Guillermo Almada","2021-07-24","2021-11-08","Jorge Guillermo Almada Álves","2947","1"
"Santos Laguna","3799451","2021-08-01","Guillermo Almada","2021-07-24","2021-11-08","Jorge Guillermo Almada Álves","2947","1"
"Santos Laguna","3799389","2021-08-08","Guillermo Almada","2021-07-24","2021-11-08","Jorge Guillermo Almada Álves","2947","1"
"Santos Laguna","3799501","2021-08-16","Guillermo Almada","2021-07-24","2021-11-08","Jorge Guillermo Almada Álves","2947","1"
"Santos Laguna","3799372","2021-08-19","Guillermo Almada","2021-07-24","2021-11-08","Jorge Guillermo Almada Álves","2947","1"
"Santos Laguna","3799393","2021-08-22","Guillermo Almada","2021-07-24","2021-11-08","Jorge Guillermo Almada Álves","2947","1"
"Santos Laguna","3799367","2021-08-29","Guillermo Almada","2021-07-24","2021-11-08","Jorge Guillermo Almada Álves","2947","1"
"Santos Laguna","3799369","2021-09-11","Guillermo Almada","2021-07-24","2021-11-08","Jorge Guillermo Almada Álves","2947","1"
"Santos Laguna","3799407","2021-09-20","Guillermo Almada","2021-07-24","2021-11-08","Jorge Guillermo Almada Álves","2947","1"
"Santos Laguna","3799461","2021-09-27","Guillermo Almada","2021-07-24","2021-11-08","Jorge Guillermo Almada Álves","2947","1"
"Santos Laguna","3799385","2021-10-03","Guillermo Almada","2021-07-24","2021-11-08","Jorge Guillermo Almada Álves","2947","1"
"Santos Laguna","3799373","2021-10-17","Guillermo Almada","2021-07-24","2021-11-08","Jorge Guillermo Almada Álves","2947","1"
"Santos Laguna","3799444","2021-10-20","Guillermo Almada","2021-07-24","2021-11-08","Jorge Guillermo Almada Álves","2947","1"
"Santos Laguna","3799375","2021-10-25","Guillermo Almada","2021-07-24","2021-11-08","Jorge Guillermo Almada Álves","2947","1"
"Santos Laguna","3799445","2021-10-30","Guillermo Almada","2021-07-24","2021-11-08","Jorge Guillermo Almada Álves","2947","1"
"Santos Laguna","3799477","2021-11-05","Guillermo Almada","2021-07-24","2021-11-08","Jorge Guillermo Almada Álves","2947","1"
"Santos Laguna","3799356","2021-11-08","Guillermo Almada","2021-07-24","2021-11-08","Jorge Guillermo Almada Álves","2947","1"
"Santos Laguna","3816723","2022-01-13","Pedro Caixinha","2022-01-13","2022-03-06","Pedro Miguel Faria Caixinha","4113","1"
"Santos Laguna","3816748","2022-01-16","Pedro Caixinha","2022-01-13","2022-03-06","Pedro Miguel Faria Caixinha","4113","1"
"Santos Laguna","3816794","2022-01-24","Pedro Caixinha","2022-01-13","2022-03-06","Pedro Miguel Faria Caixinha","4113","1"
"Santos Laguna","3816690","2022-02-07","Pedro Caixinha","2022-01-13","2022-03-06","Pedro Miguel Faria Caixinha","4113","1"
"Santos Laguna","3816717","2022-02-13","Pedro Caixinha","2022-01-13","2022-03-06","Pedro Miguel Faria Caixinha","4113","1"
"Santos Laguna","3816689","2022-02-19","Pedro Caixinha","2022-01-13","2022-03-06","Pedro Miguel Faria Caixinha","4113","1"
"Santos Laguna","3816761","2022-02-28","Pedro Caixinha","2022-01-13","2022-03-06","Pedro Miguel Faria Caixinha","4113","1"
"Santos Laguna","3816760","2022-03-03","Pedro Caixinha","2022-01-13","2022-03-06","Pedro Miguel Faria Caixinha","4113","1"
"Santos Laguna","3816682","2022-03-06","Pedro Caixinha","2022-01-13","2022-03-06","Pedro Miguel Faria Caixinha","4113","1"
"Santos Laguna","3816714","2022-03-14","Eduardo Fentanes","2022-03-14","2023-04-24","Eduardo Fentanes Orozco","1001172","1"
"Santos Laguna","3816808","2022-03-19","Eduardo Fentanes","2022-03-14","2023-04-24","Eduardo Fentanes Orozco","1001172","1"
"Santos Laguna","3816776","2022-04-04","Eduardo Fentanes","2022-03-14","2023-04-24","Eduardo Fentanes Orozco","1001172","1"
"Santos Laguna","3816773","2022-04-10","Eduardo Fentanes","2022-03-14","2023-04-24","Eduardo Fentanes Orozco","1001172","1"
"Santos Laguna","3816756","2022-04-17","Eduardo Fentanes","2022-03-14","2023-04-24","Eduardo Fentanes Orozco","1001172","1"
"Santos Laguna","3816801","2022-04-20","Eduardo Fentanes","2022-03-14","2023-04-24","Eduardo Fentanes Orozco","1001172","1"
"Santos Laguna","3816799","2022-04-25","Eduardo Fentanes","2022-03-14","2023-04-24","Eduardo Fentanes Orozco","1001172","1"
"Santos Laguna","3816812","2022-05-01","Eduardo Fentanes","2022-03-14","2023-04-24","Eduardo Fentanes Orozco","1001172","1"
"Santos Laguna","3835108","2022-07-04","Eduardo Fentanes","2022-03-14","2023-04-24","Eduardo Fentanes Orozco","1001172","1"
"Santos Laguna","3835110","2022-07-09","Eduardo Fentanes","2022-03-14","2023-04-24","Eduardo Fentanes Orozco","1001172","1"
"Santos Laguna","3835122","2022-07-17","Eduardo Fentanes","2022-03-14","2023-04-24","Eduardo Fentanes Orozco","1001172","1"
"Santos Laguna","3835135","2022-07-23","Eduardo Fentanes","2022-03-14","2023-04-24","Eduardo Fentanes Orozco","1001172","1"
"Santos Laguna","3835153","2022-08-01","Eduardo Fentanes","2022-03-14","2023-04-24","Eduardo Fentanes Orozco","1001172","1"
"Santos Laguna","3835160","2022-08-07","Eduardo Fentanes","2022-03-14","2023-04-24","Eduardo Fentanes Orozco","1001172","1"
"Santos Laguna","3835173","2022-08-15","Eduardo Fentanes","2022-03-14","2023-04-24","Eduardo Fentanes Orozco","1001172","1"
"Santos Laguna","3835181","2022-08-19","Eduardo Fentanes","2022-03-14","2023-04-24","Eduardo Fentanes Orozco","1001172","1"
"Santos Laguna","3835184","2022-08-21","Eduardo Fentanes","2022-03-14","2023-04-24","Eduardo Fentanes Orozco","1001172","1"
"Santos Laguna","3835196","2022-08-26","Eduardo Fentanes","2022-03-14","2023-04-24","Eduardo Fentanes Orozco","1001172","1"
"Santos Laguna","3835204","2022-08-29","Eduardo Fentanes","2022-03-14","2023-04-24","Eduardo Fentanes Orozco","1001172","1"
"Santos Laguna","3835210","2022-09-03","Eduardo Fentanes","2022-03-14","2023-04-24","Eduardo Fentanes Orozco","1001172","1"
"Santos Laguna","3835216","2022-09-07","Eduardo Fentanes","2022-03-14","2023-04-24","Eduardo Fentanes Orozco","1001172","1"
"Santos Laguna","3835227","2022-09-10","Eduardo Fentanes","2022-03-14","2023-04-24","Eduardo Fentanes Orozco","1001172","1"
"Santos Laguna","3835234","2022-09-15","Eduardo Fentanes","2022-03-14","2023-04-24","Eduardo Fentanes Orozco","1001172","1"
"Santos Laguna","3835242","2022-09-19","Eduardo Fentanes","2022-03-14","2023-04-24","Eduardo Fentanes Orozco","1001172","1"
"Santos Laguna","3835253","2022-10-02","Eduardo Fentanes","2022-03-14","2023-04-24","Eduardo Fentanes Orozco","1001172","1"
"Santos Laguna","3870382","2023-01-09","Eduardo Fentanes","2022-03-14","2023-04-24","Eduardo Fentanes Orozco","1001172","1"
"Santos Laguna","3870387","2023-01-15","Eduardo Fentanes","2022-03-14","2023-04-24","Eduardo Fentanes Orozco","1001172","1"
"Santos Laguna","3870394","2023-01-21","Eduardo Fentanes","2022-03-14","2023-04-24","Eduardo Fentanes Orozco","1001172","1"
"Santos Laguna","3870402","2023-01-27","Eduardo Fentanes","2022-03-14","2023-04-24","Eduardo Fentanes Orozco","1001172","1"
"Santos Laguna","3870416","2023-02-05","Eduardo Fentanes","2022-03-14","2023-04-24","Eduardo Fentanes Orozco","1001172","1"
"Santos Laguna","3870427","2023-02-12","Eduardo Fentanes","2022-03-14","2023-04-24","Eduardo Fentanes Orozco","1001172","1"
"Santos Laguna","3870437","2023-02-18","Eduardo Fentanes","2022-03-14","2023-04-24","Eduardo Fentanes Orozco","1001172","1"
"Santos Laguna","3870446","2023-02-24","Eduardo Fentanes","2022-03-14","2023-04-24","Eduardo Fentanes Orozco","1001172","1"
"Santos Laguna","3870453","2023-02-27","Eduardo Fentanes","2022-03-14","2023-04-24","Eduardo Fentanes Orozco","1001172","1"
"Santos Laguna","3870459","2023-03-05","Eduardo Fentanes","2022-03-14","2023-04-24","Eduardo Fentanes Orozco","1001172","1"
"Santos Laguna","3870473","2023-03-13","Eduardo Fentanes","2022-03-14","2023-04-24","Eduardo Fentanes Orozco","1001172","1"
"Santos Laguna","3870482","2023-03-20","Eduardo Fentanes","2022-03-14","2023-04-24","Eduardo Fentanes Orozco","1001172","1"
"Santos Laguna","3870484","2023-04-01","Eduardo Fentanes","2022-03-14","2023-04-24","Eduardo Fentanes Orozco","1001172","1"
"Santos Laguna","3870499","2023-04-10","Eduardo Fentanes","2022-03-14","2023-04-24","Eduardo Fentanes Orozco","1001172","1"
"Santos Laguna","3870509","2023-04-17","Eduardo Fentanes","2022-03-14","2023-04-24","Eduardo Fentanes Orozco","1001172","1"
"Santos Laguna","3870518","2023-04-24","Eduardo Fentanes","2022-03-14","2023-04-24","Eduardo Fentanes Orozco","1001172","1"
"Santos Laguna","3870522","2023-04-30","Pablo Eduardo Repetto Aquino","2023-04-30","2024-02-11","Pablo Eduardo Repetto Aquino","2999","1"
"Santos Laguna","3889644","2023-07-03","Pablo Eduardo Repetto Aquino","2023-04-30","2024-02-11","Pablo Eduardo Repetto Aquino","2999","1"
"Santos Laguna","3889646","2023-07-08","Pablo Eduardo Repetto Aquino","2023-04-30","2024-02-11","Pablo Eduardo Repetto Aquino","2999","1"
"Santos Laguna","3889655","2023-07-14","Pablo Eduardo Repetto Aquino","2023-04-30","2024-02-11","Pablo Eduardo Repetto Aquino","2999","1"
"Santos Laguna","3889672","2023-08-20","Pablo Eduardo Repetto Aquino","2023-04-30","2024-02-11","Pablo Eduardo Repetto Aquino","2999","1"
"Santos Laguna","3889684","2023-08-27","Pablo Eduardo Repetto Aquino","2023-04-30","2024-02-11","Pablo Eduardo Repetto Aquino","2999","1"
"Santos Laguna","3889674","2023-08-31","Pablo Eduardo Repetto Aquino","2023-04-30","2024-02-11","Pablo Eduardo Repetto Aquino","2999","1"
"Santos Laguna","3889698","2023-09-03","Pablo Eduardo Repetto Aquino","2023-04-30","2024-02-11","Pablo Eduardo Repetto Aquino","2999","1"
"Santos Laguna","3889708","2023-09-19","Pablo Eduardo Repetto Aquino","2023-04-30","2024-02-11","Pablo Eduardo Repetto Aquino","2999","1"
"Santos Laguna","3889716","2023-09-25","Pablo Eduardo Repetto Aquino","2023-04-30","2024-02-11","Pablo Eduardo Repetto Aquino","2999","1"
"Santos Laguna","3889753","2023-10-05","Pablo Eduardo Repetto Aquino","2023-04-30","2024-02-11","Pablo Eduardo Repetto Aquino","2999","1"
"Santos Laguna","3889740","2023-10-09","Pablo Eduardo Repetto Aquino","2023-04-30","2024-02-11","Pablo Eduardo Repetto Aquino","2999","1"
"Santos Laguna","3889744","2023-10-22","Pablo Eduardo Repetto Aquino","2023-04-30","2024-02-11","Pablo Eduardo Repetto Aquino","2999","1"
"Santos Laguna","3889761","2023-10-30","Pablo Eduardo Repetto Aquino","2023-04-30","2024-02-11","Pablo Eduardo Repetto Aquino","2999","1"
"Santos Laguna","3889770","2023-11-02","Pablo Eduardo Repetto Aquino","2023-04-30","2024-02-11","Pablo Eduardo Repetto Aquino","2999","1"
"Santos Laguna","3889779","2023-11-06","Pablo Eduardo Repetto Aquino","2023-04-30","2024-02-11","Pablo Eduardo Repetto Aquino","2999","1"
"Santos Laguna","3889724","2023-11-09","Pablo Eduardo Repetto Aquino","2023-04-30","2024-02-11","Pablo Eduardo Repetto Aquino","2999","1"
"Santos Laguna","3889787","2023-11-11","Pablo Eduardo Repetto Aquino","2023-04-30","2024-02-11","Pablo Eduardo Repetto Aquino","2999","1"
"Santos Laguna","3918953","2024-01-14","Pablo Eduardo Repetto Aquino","2023-04-30","2024-02-11","Pablo Eduardo Repetto Aquino","2999","1"
"Santos Laguna","3918966","2024-01-22","Pablo Eduardo Repetto Aquino","2023-04-30","2024-02-11","Pablo Eduardo Repetto Aquino","2999","1"
"Santos Laguna","3918975","2024-01-27","Pablo Eduardo Repetto Aquino","2023-04-30","2024-02-11","Pablo Eduardo Repetto Aquino","2999","1"
"Santos Laguna","3918983","2024-01-31","Pablo Eduardo Repetto Aquino","2023-04-30","2024-02-11","Pablo Eduardo Repetto Aquino","2999","1"
"Santos Laguna","3918994","2024-02-05","Pablo Eduardo Repetto Aquino","2023-04-30","2024-02-11","Pablo Eduardo Repetto Aquino","2999","1"
"Santos Laguna","3919000","2024-02-11","Pablo Eduardo Repetto Aquino","2023-04-30","2024-02-11","Pablo Eduardo Repetto Aquino","2999","1"
"Santos Laguna","3919013","2024-02-19","Ignacio Ambriz","2024-02-19","2024-11-09","Marcos Ignacio Ambriz Espinoza","2944","1"
"Santos Laguna","3919018","2024-02-22","Ignacio Ambriz","2024-02-19","2024-11-09","Marcos Ignacio Ambriz Espinoza","2944","1"
"Santos Laguna","3919027","2024-02-26","Ignacio Ambriz","2024-02-19","2024-11-09","Marcos Ignacio Ambriz Espinoza","2944","1"
"Santos Laguna","3919032","2024-03-02","Ignacio Ambriz","2024-02-19","2024-11-09","Marcos Ignacio Ambriz Espinoza","2944","1"
"Santos Laguna","3919044","2024-03-10","Ignacio Ambriz","2024-02-19","2024-11-09","Marcos Ignacio Ambriz Espinoza","2944","1"
"Santos Laguna","3919049","2024-03-16","Ignacio Ambriz","2024-02-19","2024-11-09","Marcos Ignacio Ambriz Espinoza","2944","1"
"Santos Laguna","3919066","2024-04-01","Ignacio Ambriz","2024-02-19","2024-11-09","Marcos Ignacio Ambriz Espinoza","2944","1"
"Santos Laguna","3919069","2024-04-07","Ignacio Ambriz","2024-02-19","2024-11-09","Marcos Ignacio Ambriz Espinoza","2944","1"
"Santos Laguna","3919077","2024-04-13","Ignacio Ambriz","2024-02-19","2024-11-09","Marcos Ignacio Ambriz Espinoza","2944","1"
"Santos Laguna","3919093","2024-04-21","Ignacio Ambriz","2024-02-19","2024-11-09","Marcos Ignacio Ambriz Espinoza","2944","1"
"Santos Laguna","3919102","2024-04-29","Ignacio Ambriz","2024-02-19","2024-11-09","Marcos Ignacio Ambriz Espinoza","2944","1"
"Santos Laguna","3939816","2024-07-05","Ignacio Ambriz","2024-02-19","2024-11-09","Marcos Ignacio Ambriz Espinoza","2944","1"
"Santos Laguna","3939832","2024-07-14","Ignacio Ambriz","2024-02-19","2024-11-09","Marcos Ignacio Ambriz Espinoza","2944","1"
"Santos Laguna","3939835","2024-07-17","Ignacio Ambriz","2024-02-19","2024-11-09","Marcos Ignacio Ambriz Espinoza","2944","1"
"Santos Laguna","3939846","2024-07-21","Ignacio Ambriz","2024-02-19","2024-11-09","Marcos Ignacio Ambriz Espinoza","2944","1"
"Santos Laguna","3939887","2024-08-19","Ignacio Ambriz","2024-02-19","2024-11-09","Marcos Ignacio Ambriz Espinoza","2944","1"
"Santos Laguna","3939856","2024-08-25","Ignacio Ambriz","2024-02-19","2024-11-09","Marcos Ignacio Ambriz Espinoza","2944","1"
"Santos Laguna","3939869","2024-09-02","Ignacio Ambriz","2024-02-19","2024-11-09","Marcos Ignacio Ambriz Espinoza","2944","1"
"Santos Laguna","3939878","2024-09-15","Ignacio Ambriz","2024-02-19","2024-11-09","Marcos Ignacio Ambriz Espinoza","2944","1"
"Santos Laguna","3939894","2024-09-23","Ignacio Ambriz","2024-02-19","2024-11-09","Marcos Ignacio Ambriz Espinoza","2944","1"
"Santos Laguna","3939904","2024-09-29","Ignacio Ambriz","2024-02-19","2024-11-09","Marcos Ignacio Ambriz Espinoza","2944","1"
"Santos Laguna","3939914","2024-10-07","Ignacio Ambriz","2024-02-19","2024-11-09","Marcos Ignacio Ambriz Espinoza","2944","1"
"Santos Laguna","3939923","2024-10-20","Ignacio Ambriz","2024-02-19","2024-11-09","Marcos Ignacio Ambriz Espinoza","2944","1"
"Santos Laguna","3939925","2024-10-23","Ignacio Ambriz","2024-02-19","2024-11-09","Marcos Ignacio Ambriz Espinoza","2944","1"
"Santos Laguna","3939934","2024-10-26","Ignacio Ambriz","2024-02-19","2024-11-09","Marcos Ignacio Ambriz Espinoza","2944","1"
"Santos Laguna","3939950","2024-11-03","Ignacio Ambriz","2024-02-19","2024-11-09","Marcos Ignacio Ambriz Espinoza","2944","1"
"Santos Laguna","3939955","2024-11-06","Ignacio Ambriz","2024-02-19","2024-11-09","Marcos Ignacio Ambriz Espinoza","2944","1"
"Santos Laguna","3939962","2024-11-09","Ignacio Ambriz","2024-02-19","2024-11-09","Marcos Ignacio Ambriz Espinoza","2944","1"
"Santos Laguna","3972018","2025-01-12","Fernando Ortiz","2025-01-12","2025-04-20","Fernando Ortiz","1001173","1"
"Santos Laguna","3972031","2025-01-21","Fernando Ortiz","2025-01-12","2025-04-20","Fernando Ortiz","1001173","1"
"Santos Laguna","3972039","2025-01-26","Fernando Ortiz","2025-01-12","2025-04-20","Fernando Ortiz","1001173","1"
"Santos Laguna","3972048","2025-01-30","Fernando Ortiz","2025-01-12","2025-04-20","Fernando Ortiz","1001173","1"
"Santos Laguna","3972058","2025-02-02","Fernando Ortiz","2025-01-12","2025-04-20","Fernando Ortiz","1001173","1"
"Santos Laguna","3972060","2025-02-08","Fernando Ortiz","2025-01-12","2025-04-20","Fernando Ortiz","1001173","1"
"Santos Laguna","3972069","2025-02-15","Fernando Ortiz","2025-01-12","2025-04-20","Fernando Ortiz","1001173","1"
"Santos Laguna","3972078","2025-02-20","Fernando Ortiz","2025-01-12","2025-04-20","Fernando Ortiz","1001173","1"
"Santos Laguna","3972088","2025-02-23","Fernando Ortiz","2025-01-12","2025-04-20","Fernando Ortiz","1001173","1"
"Santos Laguna","3972104","2025-03-03","Fernando Ortiz","2025-01-12","2025-04-20","Fernando Ortiz","1001173","1"
"Santos Laguna","3972112","2025-03-09","Fernando Ortiz","2025-01-12","2025-04-20","Fernando Ortiz","1001173","1"
"Santos Laguna","3972117","2025-03-15","Fernando Ortiz","2025-01-12","2025-04-20","Fernando Ortiz","1001173","1"
"Santos Laguna","3972130","2025-03-30","Fernando Ortiz","2025-01-12","2025-04-20","Fernando Ortiz","1001173","1"
"Santos Laguna","3972140","2025-04-07","Fernando Ortiz","2025-01-12","2025-04-20","Fernando Ortiz","1001173","1"
"Santos Laguna","3972149","2025-04-13","Fernando Ortiz","2025-01-12","2025-04-20","Fernando Ortiz","1001173","1"
"Santos Laguna","3972154","2025-04-17","Fernando Ortiz","2025-01-12","2025-04-20","Fernando Ortiz","1001173","1"
"Santos Laguna","3972165","2025-04-20","Fernando Ortiz","2025-01-12","2025-04-20","Fernando Ortiz","1001173","1"
"Santos Laguna","4004044","2025-07-13","Francisco","2025-07-13","2026-02-15","Francisco Javier Rodríguez Vílchez","673","1"
"Santos Laguna","4004050","2025-07-17","Francisco","2025-07-13","2026-02-15","Francisco Javier Rodríguez Vílchez","673","1"
"Santos Laguna","4004058","2025-07-26","Francisco","2025-07-13","2026-02-15","Francisco Javier Rodríguez Vílchez","673","1"
"Santos Laguna","4004072","2025-08-11","Francisco","2025-07-13","2026-02-15","Francisco Javier Rodríguez Vílchez","673","1"
"Santos Laguna","4004082","2025-08-17","Francisco","2025-07-13","2026-02-15","Francisco Javier Rodríguez Vílchez","673","1"
"Santos Laguna","4004085","2025-08-23","Francisco","2025-07-13","2026-02-15","Francisco Javier Rodríguez Vílchez","673","1"
"Santos Laguna","4004099","2025-08-31","Francisco","2025-07-13","2026-02-15","Francisco Javier Rodríguez Vílchez","673","1"
"Santos Laguna","4004107","2025-09-14","Francisco","2025-07-13","2026-02-15","Francisco Javier Rodríguez Vílchez","673","1"
"Santos Laguna","4004121","2025-09-21","Francisco","2025-07-13","2026-02-15","Francisco Javier Rodríguez Vílchez","673","1"
"Santos Laguna","4004126","2025-09-25","Francisco","2025-07-13","2026-02-15","Francisco Javier Rodríguez Vílchez","673","1"
"Santos Laguna","4004134","2025-09-28","Francisco","2025-07-13","2026-02-15","Francisco Javier Rodríguez Vílchez","673","1"
"Santos Laguna","4004146","2025-10-05","Francisco","2025-07-13","2026-02-15","Francisco Javier Rodríguez Vílchez","673","1"
"Santos Laguna","4004155","2025-10-18","Francisco","2025-07-13","2026-02-15","Francisco Javier Rodríguez Vílchez","673","1"
"Santos Laguna","4004161","2025-10-22","Francisco","2025-07-13","2026-02-15","Francisco Javier Rodríguez Vílchez","673","1"
"Santos Laguna","4004174","2025-10-26","Francisco","2025-07-13","2026-02-15","Francisco Javier Rodríguez Vílchez","673","1"
"Santos Laguna","4004176","2025-11-01","Francisco","2025-07-13","2026-02-15","Francisco Javier Rodríguez Vílchez","673","1"
"Santos Laguna","4004193","2025-11-09","Francisco","2025-07-13","2026-02-15","Francisco Javier Rodríguez Vílchez","673","1"
"Santos Laguna","4038807","2026-01-11","Francisco","2025-07-13","2026-02-15","Francisco Javier Rodríguez Vílchez","673","1"
"Santos Laguna","4038817","2026-01-15","Francisco","2025-07-13","2026-02-15","Francisco Javier Rodríguez Vílchez","673","1"
"Santos Laguna","4038826","2026-01-18","Francisco","2025-07-13","2026-02-15","Francisco Javier Rodríguez Vílchez","673","1"
"Santos Laguna","4038828","2026-01-31","Francisco","2025-07-13","2026-02-15","Francisco Javier Rodríguez Vílchez","673","1"
"Santos Laguna","4038838","2026-02-07","Francisco","2025-07-13","2026-02-15","Francisco Javier Rodríguez Vílchez","673","1"
"Santos Laguna","4038854","2026-02-15","Francisco","2025-07-13","2026-02-15","Francisco Javier Rodríguez Vílchez","673","1"
"Santos Laguna","4038859","2026-02-22","Roberto Jaramillo","2026-02-22","2026-04-26","Roberto Omar Tapia Jaramillo","1009019","1"
"Santos Laguna","4038866","2026-02-28","Roberto Jaramillo","2026-02-22","2026-04-26","Roberto Omar Tapia Jaramillo","1009019","1"
"Santos Laguna","4038873","2026-03-04","Roberto Jaramillo","2026-02-22","2026-04-26","Roberto Omar Tapia Jaramillo","1009019","1"
"Santos Laguna","4038889","2026-03-09","Roberto Jaramillo","2026-02-22","2026-04-26","Roberto Omar Tapia Jaramillo","1009019","1"
"Santos Laguna","4038897","2026-03-14","Roberto Jaramillo","2026-02-22","2026-04-26","Roberto Omar Tapia Jaramillo","1009019","1"
"Santos Laguna","4038908","2026-03-22","Roberto Jaramillo","2026-02-22","2026-04-26","Roberto Omar Tapia Jaramillo","1009019","1"
"Santos Laguna","4038915","2026-04-05","Roberto Jaramillo","2026-02-22","2026-04-26","Roberto Omar Tapia Jaramillo","1009019","1"
"Santos Laguna","4038921","2026-04-12","Roberto Jaramillo","2026-02-22","2026-04-26","Roberto Omar Tapia Jaramillo","1009019","1"
"Santos Laguna","4038935","2026-04-19","Roberto Jaramillo","2026-02-22","2026-04-26","Roberto Omar Tapia Jaramillo","1009019","1"
"Santos Laguna","4038944","2026-04-23","Roberto Jaramillo","2026-02-22","2026-04-26","Roberto Omar Tapia Jaramillo","1009019","1"
"Santos Laguna","4038952","2026-04-26","Roberto Jaramillo","2026-02-22","2026-04-26","Roberto Omar Tapia Jaramillo","1009019","1"
"Tigres UANL","3799414","2021-07-26","Miguel Herrera","2021-07-26","2022-10-01","Miguel Ernesto Herrera Aguirre","3012","1"
"Tigres UANL","3799358","2021-08-01","Miguel Herrera","2021-07-26","2022-10-01","Miguel Ernesto Herrera Aguirre","3012","1"
"Tigres UANL","3799389","2021-08-08","Miguel Herrera","2021-07-26","2022-10-01","Miguel Ernesto Herrera Aguirre","3012","1"
"Tigres UANL","3799442","2021-08-14","Miguel Herrera","2021-07-26","2022-10-01","Miguel Ernesto Herrera Aguirre","3012","1"
"Tigres UANL","3799421","2021-08-18","Miguel Herrera","2021-07-26","2022-10-01","Miguel Ernesto Herrera Aguirre","3012","1"
"Tigres UANL","3799418","2021-08-21","Miguel Herrera","2021-07-26","2022-10-01","Miguel Ernesto Herrera Aguirre","3012","1"
"Tigres UANL","3799409","2021-08-29","Miguel Herrera","2021-07-26","2022-10-01","Miguel Ernesto Herrera Aguirre","3012","1"
"Tigres UANL","3799459","2021-09-12","Miguel Herrera","2021-07-26","2022-10-01","Miguel Ernesto Herrera Aguirre","3012","1"
"Tigres UANL","3799446","2021-09-20","Miguel Herrera","2021-07-26","2022-10-01","Miguel Ernesto Herrera Aguirre","3012","1"
"Tigres UANL","3799434","2021-09-26","Miguel Herrera","2021-07-26","2022-10-01","Miguel Ernesto Herrera Aguirre","3012","1"
"Tigres UANL","3799500","2021-09-29","Miguel Herrera","2021-07-26","2022-10-01","Miguel Ernesto Herrera Aguirre","3012","1"
"Tigres UANL","3799475","2021-10-04","Miguel Herrera","2021-07-26","2022-10-01","Miguel Ernesto Herrera Aguirre","3012","1"
"Tigres UANL","3799388","2021-10-17","Miguel Herrera","2021-07-26","2022-10-01","Miguel Ernesto Herrera Aguirre","3012","1"
"Tigres UANL","3799450","2021-10-21","Miguel Herrera","2021-07-26","2022-10-01","Miguel Ernesto Herrera Aguirre","3012","1"
"Tigres UANL","3799494","2021-10-24","Miguel Herrera","2021-07-26","2022-10-01","Miguel Ernesto Herrera Aguirre","3012","1"
"Tigres UANL","3799386","2021-10-31","Miguel Herrera","2021-07-26","2022-10-01","Miguel Ernesto Herrera Aguirre","3012","1"
"Tigres UANL","3799478","2021-11-07","Miguel Herrera","2021-07-26","2022-10-01","Miguel Ernesto Herrera Aguirre","3012","1"
"Tigres UANL","3816723","2022-01-13","Miguel Herrera","2021-07-26","2022-10-01","Miguel Ernesto Herrera Aguirre","3012","1"
"Tigres UANL","3816804","2022-01-16","Miguel Herrera","2021-07-26","2022-10-01","Miguel Ernesto Herrera Aguirre","3012","1"
"Tigres UANL","3816778","2022-01-23","Miguel Herrera","2021-07-26","2022-10-01","Miguel Ernesto Herrera Aguirre","3012","1"
"Tigres UANL","3816816","2022-02-07","Miguel Herrera","2021-07-26","2022-10-01","Miguel Ernesto Herrera Aguirre","3012","1"
"Tigres UANL","3816724","2022-02-12","Miguel Herrera","2021-07-26","2022-10-01","Miguel Ernesto Herrera Aguirre","3012","1"
"Tigres UANL","3816694","2022-02-20","Miguel Herrera","2021-07-26","2022-10-01","Miguel Ernesto Herrera Aguirre","3012","1"
"Tigres UANL","3816672","2022-02-26","Miguel Herrera","2021-07-26","2022-10-01","Miguel Ernesto Herrera Aguirre","3012","1"
"Tigres UANL","3816762","2022-03-03","Miguel Herrera","2021-07-26","2022-10-01","Miguel Ernesto Herrera Aguirre","3012","1"
"Tigres UANL","3816665","2022-03-12","Miguel Herrera","2021-07-26","2022-10-01","Miguel Ernesto Herrera Aguirre","3012","1"
"Tigres UANL","3816703","2022-03-20","Miguel Herrera","2021-07-26","2022-10-01","Miguel Ernesto Herrera Aguirre","3012","1"
"Tigres UANL","3816666","2022-04-04","Miguel Herrera","2021-07-26","2022-10-01","Miguel Ernesto Herrera Aguirre","3012","1"
"Tigres UANL","3816677","2022-04-08","Miguel Herrera","2021-07-26","2022-10-01","Miguel Ernesto Herrera Aguirre","3012","1"
"Tigres UANL","3816738","2022-04-11","Miguel Herrera","2021-07-26","2022-10-01","Miguel Ernesto Herrera Aguirre","3012","1"
"Tigres UANL","3816815","2022-04-17","Miguel Herrera","2021-07-26","2022-10-01","Miguel Ernesto Herrera Aguirre","3012","1"
"Tigres UANL","3816790","2022-04-20","Miguel Herrera","2021-07-26","2022-10-01","Miguel Ernesto Herrera Aguirre","3012","1"
"Tigres UANL","3816810","2022-04-24","Miguel Herrera","2021-07-26","2022-10-01","Miguel Ernesto Herrera Aguirre","3012","1"
"Tigres UANL","3816704","2022-05-01","Miguel Herrera","2021-07-26","2022-10-01","Miguel Ernesto Herrera Aguirre","3012","1"
"Tigres UANL","3835104","2022-07-03","Miguel Herrera","2021-07-26","2022-10-01","Miguel Ernesto Herrera Aguirre","3012","1"
"Tigres UANL","3835111","2022-07-09","Miguel Herrera","2021-07-26","2022-10-01","Miguel Ernesto Herrera Aguirre","3012","1"
"Tigres UANL","3835125","2022-07-18","Miguel Herrera","2021-07-26","2022-10-01","Miguel Ernesto Herrera Aguirre","3012","1"
"Tigres UANL","3835134","2022-07-24","Miguel Herrera","2021-07-26","2022-10-01","Miguel Ernesto Herrera Aguirre","3012","1"
"Tigres UANL","3835138","2022-07-27","Miguel Herrera","2021-07-26","2022-10-01","Miguel Ernesto Herrera Aguirre","3012","1"
"Tigres UANL","3835150","2022-07-31","Miguel Herrera","2021-07-26","2022-10-01","Miguel Ernesto Herrera Aguirre","3012","1"
"Tigres UANL","3835164","2022-08-07","Miguel Herrera","2021-07-26","2022-10-01","Miguel Ernesto Herrera Aguirre","3012","1"
"Tigres UANL","3835173","2022-08-15","Miguel Herrera","2021-07-26","2022-10-01","Miguel Ernesto Herrera Aguirre","3012","1"
"Tigres UANL","3835186","2022-08-21","Miguel Herrera","2021-07-26","2022-10-01","Miguel Ernesto Herrera Aguirre","3012","1"
"Tigres UANL","3835194","2022-08-25","Miguel Herrera","2021-07-26","2022-10-01","Miguel Ernesto Herrera Aguirre","3012","1"
"Tigres UANL","3835202","2022-08-28","Miguel Herrera","2021-07-26","2022-10-01","Miguel Ernesto Herrera Aguirre","3012","1"
"Tigres UANL","3835213","2022-09-04","Miguel Herrera","2021-07-26","2022-10-01","Miguel Ernesto Herrera Aguirre","3012","1"
"Tigres UANL","3835219","2022-09-08","Miguel Herrera","2021-07-26","2022-10-01","Miguel Ernesto Herrera Aguirre","3012","1"
"Tigres UANL","3835228","2022-09-11","Miguel Herrera","2021-07-26","2022-10-01","Miguel Ernesto Herrera Aguirre","3012","1"
"Tigres UANL","3835233","2022-09-14","Miguel Herrera","2021-07-26","2022-10-01","Miguel Ernesto Herrera Aguirre","3012","1"
"Tigres UANL","3835235","2022-09-17","Miguel Herrera","2021-07-26","2022-10-01","Miguel Ernesto Herrera Aguirre","3012","1"
"Tigres UANL","3835247","2022-10-01","Miguel Herrera","2021-07-26","2022-10-01","Miguel Ernesto Herrera Aguirre","3012","1"
"Tigres UANL","3870382","2023-01-09","Diego Cocca","2023-01-09","2023-02-05","Diego Martín Cocca Pera","2819","1"
"Tigres UANL","3870391","2023-01-16","Diego Cocca","2023-01-09","2023-02-05","Diego Martín Cocca Pera","2819","1"
"Tigres UANL","3870393","2023-01-21","Diego Cocca","2023-01-09","2023-02-05","Diego Martín Cocca Pera","2819","1"
"Tigres UANL","3870405","2023-01-29","Diego Cocca","2023-01-09","2023-02-05","Diego Martín Cocca Pera","2819","1"
"Tigres UANL","3870414","2023-02-05","Diego Cocca","2023-01-09","2023-02-05","Diego Martín Cocca Pera","2819","1"
"Tigres UANL","3870428","2023-02-12","Mario Dominguez Sosa","2023-02-12","2023-02-12","Mario Domínguez Sosa","1002749","1"
"Tigres UANL","3870429","2023-02-15","Marco Antonio Ruiz Garcia","2023-02-15","2023-04-09","Marco Antonio Ruiz García","1002754","1"
"Tigres UANL","3870440","2023-02-19","Marco Antonio Ruiz Garcia","2023-02-15","2023-04-09","Marco Antonio Ruiz García","1002754","1"
"Tigres UANL","3870449","2023-02-26","Marco Antonio Ruiz Garcia","2023-02-15","2023-04-09","Marco Antonio Ruiz García","1002754","1"
"Tigres UANL","3870457","2023-03-04","Marco Antonio Ruiz Garcia","2023-02-15","2023-04-09","Marco Antonio Ruiz García","1002754","1"
"Tigres UANL","3870470","2023-03-12","Marco Antonio Ruiz Garcia","2023-02-15","2023-04-09","Marco Antonio Ruiz García","1002754","1"
"Tigres UANL","3870477","2023-03-19","Marco Antonio Ruiz Garcia","2023-02-15","2023-04-09","Marco Antonio Ruiz García","1002754","1"
"Tigres UANL","3870487","2023-04-02","Marco Antonio Ruiz Garcia","2023-02-15","2023-04-09","Marco Antonio Ruiz García","1002754","1"
"Tigres UANL","3870498","2023-04-09","Marco Antonio Ruiz Garcia","2023-02-15","2023-04-09","Marco Antonio Ruiz García","1002754","1"
"Tigres UANL","3870508","2023-04-16","Robert Siboldi","2023-04-16","2024-04-28","Robert Dante Siboldi Badiola","3109","1"
"Tigres UANL","3870510","2023-04-21","Robert Siboldi","2023-04-16","2024-04-28","Robert Dante Siboldi Badiola","3109","1"
"Tigres UANL","3870526","2023-05-01","Robert Siboldi","2023-04-16","2024-04-28","Robert Dante Siboldi Badiola","3109","1"
"Tigres UANL","3889643","2023-07-02","Robert Siboldi","2023-04-16","2024-04-28","Robert Dante Siboldi Badiola","3109","1"
"Tigres UANL","3889647","2023-07-09","Robert Siboldi","2023-04-16","2024-04-28","Robert Dante Siboldi Badiola","3109","1"
"Tigres UANL","3889661","2023-07-16","Robert Siboldi","2023-04-16","2024-04-28","Robert Dante Siboldi Badiola","3109","1"
"Tigres UANL","3889666","2023-08-21","Robert Siboldi","2023-04-16","2024-04-28","Robert Dante Siboldi Badiola","3109","1"
"Tigres UANL","3889689","2023-08-28","Robert Siboldi","2023-04-16","2024-04-28","Robert Dante Siboldi Badiola","3109","1"
"Tigres UANL","3889674","2023-08-31","Robert Siboldi","2023-04-16","2024-04-28","Robert Dante Siboldi Badiola","3109","1"
"Tigres UANL","3889695","2023-09-03","Robert Siboldi","2023-04-16","2024-04-28","Robert Dante Siboldi Badiola","3109","1"
"Tigres UANL","3889706","2023-09-18","Robert Siboldi","2023-04-16","2024-04-28","Robert Dante Siboldi Badiola","3109","1"
"Tigres UANL","3889714","2023-09-24","Robert Siboldi","2023-04-16","2024-04-28","Robert Dante Siboldi Badiola","3109","1"
"Tigres UANL","3889721","2023-10-01","Robert Siboldi","2023-04-16","2024-04-28","Robert Dante Siboldi Badiola","3109","1"
"Tigres UANL","3889729","2023-10-05","Robert Siboldi","2023-04-16","2024-04-28","Robert Dante Siboldi Badiola","3109","1"
"Tigres UANL","3889733","2023-10-08","Robert Siboldi","2023-04-16","2024-04-28","Robert Dante Siboldi Badiola","3109","1"
"Tigres UANL","3889747","2023-10-22","Robert Siboldi","2023-04-16","2024-04-28","Robert Dante Siboldi Badiola","3109","1"
"Tigres UANL","3889759","2023-10-29","Robert Siboldi","2023-04-16","2024-04-28","Robert Dante Siboldi Badiola","3109","1"
"Tigres UANL","3889768","2023-11-02","Robert Siboldi","2023-04-16","2024-04-28","Robert Dante Siboldi Badiola","3109","1"
"Tigres UANL","3889774","2023-11-04","Robert Siboldi","2023-04-16","2024-04-28","Robert Dante Siboldi Badiola","3109","1"
"Tigres UANL","3889786","2023-11-12","Robert Siboldi","2023-04-16","2024-04-28","Robert Dante Siboldi Badiola","3109","1"
"Tigres UANL","3918959","2024-01-18","Robert Siboldi","2023-04-16","2024-04-28","Robert Dante Siboldi Badiola","3109","1"
"Tigres UANL","3918967","2024-01-22","Robert Siboldi","2023-04-16","2024-04-28","Robert Dante Siboldi Badiola","3109","1"
"Tigres UANL","3918970","2024-01-25","Robert Siboldi","2023-04-16","2024-04-28","Robert Dante Siboldi Badiola","3109","1"
"Tigres UANL","3918978","2024-01-29","Robert Siboldi","2023-04-16","2024-04-28","Robert Dante Siboldi Badiola","3109","1"
"Tigres UANL","3918990","2024-02-04","Robert Siboldi","2023-04-16","2024-04-28","Robert Dante Siboldi Badiola","3109","1"
"Tigres UANL","3919000","2024-02-11","Robert Siboldi","2023-04-16","2024-04-28","Robert Dante Siboldi Badiola","3109","1"
"Tigres UANL","3919010","2024-02-18","Robert Siboldi","2023-04-16","2024-04-28","Robert Dante Siboldi Badiola","3109","1"
"Tigres UANL","3919026","2024-02-25","Robert Siboldi","2023-04-16","2024-04-28","Robert Dante Siboldi Badiola","3109","1"
"Tigres UANL","3919030","2024-02-29","Robert Siboldi","2023-04-16","2024-04-28","Robert Dante Siboldi Badiola","3109","1"
"Tigres UANL","3919034","2024-03-02","Robert Siboldi","2023-04-16","2024-04-28","Robert Dante Siboldi Badiola","3109","1"
"Tigres UANL","3919045","2024-03-10","Robert Siboldi","2023-04-16","2024-04-28","Robert Dante Siboldi Badiola","3109","1"
"Tigres UANL","3919054","2024-03-17","Robert Siboldi","2023-04-16","2024-04-28","Robert Dante Siboldi Badiola","3109","1"
"Tigres UANL","3919058","2024-03-30","Robert Siboldi","2023-04-16","2024-04-28","Robert Dante Siboldi Badiola","3109","1"
"Tigres UANL","3919071","2024-04-07","Robert Siboldi","2023-04-16","2024-04-28","Robert Dante Siboldi Badiola","3109","1"
"Tigres UANL","3919079","2024-04-14","Robert Siboldi","2023-04-16","2024-04-28","Robert Dante Siboldi Badiola","3109","1"
"Tigres UANL","3919090","2024-04-21","Robert Siboldi","2023-04-16","2024-04-28","Miguel de Jesús Fuentes Razo","1001082","0"
"Tigres UANL","3919097","2024-04-28","Robert Siboldi","2023-04-16","2024-04-28","Robert Dante Siboldi Badiola","3109","1"
"Tigres UANL","3939820","2024-07-07","Veljko Paunovic","2024-07-07","2025-03-02","Veljko Paunovic","156","1"
"Tigres UANL","3939828","2024-07-13","Veljko Paunovic","2024-07-07","2025-03-02","Veljko Paunovic","156","1"
"Tigres UANL","3939841","2024-07-18","Veljko Paunovic","2024-07-07","2025-03-02","Veljko Paunovic","156","1"
"Tigres UANL","3939846","2024-07-21","Veljko Paunovic","2024-07-07","2025-03-02","Veljko Paunovic","156","1"
"Tigres UANL","3939858","2024-08-25","Veljko Paunovic","2024-07-07","2025-03-02","Veljko Paunovic","156","1"
"Tigres UANL","3939868","2024-09-01","Veljko Paunovic","2024-07-07","2025-03-02","Veljko Paunovic","156","1"
"Tigres UANL","3939873","2024-09-14","Veljko Paunovic","2024-07-07","2025-03-02","Veljko Paunovic","156","1"
"Tigres UANL","3939882","2024-09-18","Veljko Paunovic","2024-07-07","2025-03-02","Veljko Paunovic","156","1"
"Tigres UANL","3939896","2024-09-23","Veljko Paunovic","2024-07-07","2025-03-02","Veljko Paunovic","156","1"
"Tigres UANL","3939899","2024-09-28","Veljko Paunovic","2024-07-07","2025-03-02","Veljko Paunovic","156","1"
"Tigres UANL","3939908","2024-10-05","Veljko Paunovic","2024-07-07","2025-03-02","Veljko Paunovic","156","1"
"Tigres UANL","3939920","2024-10-20","Veljko Paunovic","2024-07-07","2025-03-02","Veljko Paunovic","156","1"
"Tigres UANL","3939926","2024-10-23","Veljko Paunovic","2024-07-07","2025-03-02","Veljko Paunovic","156","1"
"Tigres UANL","3939936","2024-10-27","Veljko Paunovic","2024-07-07","2025-03-02","Veljko Paunovic","156","1"
"Tigres UANL","3939944","2024-11-02","Veljko Paunovic","2024-07-07","2025-03-02","Veljko Paunovic","156","1"
"Tigres UANL","3939957","2024-11-07","Veljko Paunovic","2024-07-07","2025-03-02","Veljko Paunovic","156","1"
"Tigres UANL","3939965","2024-11-10","Veljko Paunovic","2024-07-07","2025-03-02","Veljko Paunovic","156","1"
"Tigres UANL","3972020","2025-01-11","Veljko Paunovic","2024-07-07","2025-03-02","Veljko Paunovic","156","1"
"Tigres UANL","3972025","2025-01-18","Veljko Paunovic","2024-07-07","2025-03-02","Veljko Paunovic","156","1"
"Tigres UANL","3972037","2025-01-26","Veljko Paunovic","2024-07-07","2025-03-02","Veljko Paunovic","156","1"
"Tigres UANL","3972041","2025-01-29","Veljko Paunovic","2024-07-07","2025-03-02","Veljko Paunovic","156","1"
"Tigres UANL","3972054","2025-02-02","Veljko Paunovic","2024-07-07","2025-03-02","Veljko Paunovic","156","1"
"Tigres UANL","3972067","2025-02-09","Veljko Paunovic","2024-07-07","2025-03-02","Veljko Paunovic","156","1"
"Tigres UANL","3972071","2025-02-16","Veljko Paunovic","2024-07-07","2025-03-02","Veljko Paunovic","156","1"
"Tigres UANL","3972084","2025-02-23","Veljko Paunovic","2024-07-07","2025-03-02","Veljko Paunovic","156","1"
"Tigres UANL","3972092","2025-02-26","Veljko Paunovic","2024-07-07","2025-03-02","Veljko Paunovic","156","1"
"Tigres UANL","3972101","2025-03-02","Veljko Paunovic","2024-07-07","2025-03-02","Veljko Paunovic","156","1"
"Tigres UANL","3972106","2025-03-08","Guido Pizarro","2025-03-08","2026-04-25","Guido Hernán Pizarro Demestri","1006558","1"
"Tigres UANL","3972117","2025-03-15","Guido Pizarro","2025-03-08","2026-04-25","Guido Hernán Pizarro Demestri","1006558","1"
"Tigres UANL","3972127","2025-03-30","Guido Pizarro","2025-03-08","2026-04-25","Guido Hernán Pizarro Demestri","1006558","1"
"Tigres UANL","3972132","2025-04-05","Guido Pizarro","2025-03-08","2026-04-25","Guido Hernán Pizarro Demestri","1006558","1"
"Tigres UANL","3972146","2025-04-13","Guido Pizarro","2025-03-08","2026-04-25","Guido Hernán Pizarro Demestri","1006558","1"
"Tigres UANL","3972150","2025-04-16","Guido Pizarro","2025-03-08","2026-04-25","Guido Hernán Pizarro Demestri","1006558","1"
"Tigres UANL","3972164","2025-04-20","Guido Pizarro","2025-03-08","2026-04-25","Guido Hernán Pizarro Demestri","1006558","1"
"Tigres UANL","4004055","2025-07-20","Guido Pizarro","2025-03-08","2026-04-25","Guido Hernán Pizarro Demestri","1006558","1"
"Tigres UANL","4004063","2025-07-27","Guido Pizarro","2025-03-08","2026-04-25","Guido Hernán Pizarro Demestri","1006558","1"
"Tigres UANL","4004067","2025-08-09","Guido Pizarro","2025-03-08","2026-04-25","Guido Hernán Pizarro Demestri","1006558","1"
"Tigres UANL","4004081","2025-08-17","Guido Pizarro","2025-03-08","2026-04-25","Guido Hernán Pizarro Demestri","1006558","1"
"Tigres UANL","4004088","2025-08-24","Guido Pizarro","2025-03-08","2026-04-25","Guido Hernán Pizarro Demestri","1006558","1"
"Tigres UANL","4004099","2025-08-31","Guido Pizarro","2025-03-08","2026-04-25","Guido Hernán Pizarro Demestri","1006558","1"
"Tigres UANL","4004108","2025-09-14","Guido Pizarro","2025-03-08","2026-04-25","Guido Hernán Pizarro Demestri","1006558","1"
"Tigres UANL","4004112","2025-09-18","Guido Pizarro","2025-03-08","2026-04-25","Guido Hernán Pizarro Demestri","1006558","1"
"Tigres UANL","4004117","2025-09-21","Guido Pizarro","2025-03-08","2026-04-25","Guido Hernán Pizarro Demestri","1006558","1"
"Tigres UANL","4004128","2025-09-25","Guido Pizarro","2025-03-08","2026-04-25","Guido Hernán Pizarro Demestri","1006558","1"
"Tigres UANL","4004138","2025-09-28","Guido Pizarro","2025-03-08","2026-04-25","Guido Hernán Pizarro Demestri","1006558","1"
"Tigres UANL","4004145","2025-10-05","Guido Pizarro","2025-03-08","2026-04-25","Guido Hernán Pizarro Demestri","1006558","1"
"Tigres UANL","4004151","2025-10-18","Guido Pizarro","2025-03-08","2026-04-25","Guido Hernán Pizarro Demestri","1006558","1"
"Tigres UANL","4004162","2025-10-23","Guido Pizarro","2025-03-08","2026-04-25","Guido Hernán Pizarro Demestri","1006558","1"
"Tigres UANL","4004169","2025-10-25","Guido Pizarro","2025-03-08","2026-04-25","Guido Hernán Pizarro Demestri","1006558","1"
"Tigres UANL","4004180","2025-11-02","Guido Pizarro","2025-03-08","2026-04-25","Guido Hernán Pizarro Demestri","1006558","1"
"Tigres UANL","4004189","2025-11-08","Guido Pizarro","2025-03-08","2026-04-25","Guido Hernán Pizarro Demestri","1006558","1"
"Tigres UANL","4038809","2026-01-12","Guido Pizarro","2025-03-08","2026-04-25","Guido Hernán Pizarro Demestri","1006558","1"
"Tigres UANL","4038816","2026-01-15","Guido Pizarro","2025-03-08","2026-04-25","Guido Hernán Pizarro Demestri","1006558","1"
"Tigres UANL","4038824","2026-01-18","Guido Pizarro","2025-03-08","2026-04-25","Guido Hernán Pizarro Demestri","1006558","1"
"Tigres UANL","4038832","2026-02-01","Guido Pizarro","2025-03-08","2026-04-25","Guido Hernán Pizarro Demestri","1006558","1"
"Tigres UANL","4038838","2026-02-07","Guido Pizarro","2025-03-08","2026-04-25","Guido Hernán Pizarro Demestri","1006558","1"
"Tigres UANL","4038853","2026-02-15","Guido Pizarro","2025-03-08","2026-04-25","Guido Hernán Pizarro Demestri","1006558","1"
"Tigres UANL","4038855","2026-02-21","Guido Pizarro","2025-03-08","2026-04-25","Guido Hernán Pizarro Demestri","1006558","1"
"Tigres UANL","4038871","2026-03-01","Guido Pizarro","2025-03-08","2026-04-25","Guido Hernán Pizarro Demestri","1006558","1"
"Tigres UANL","4038880","2026-03-05","Guido Pizarro","2025-03-08","2026-04-25","Guido Hernán Pizarro Demestri","1006558","1"
"Tigres UANL","4038885","2026-03-08","Guido Pizarro","2025-03-08","2026-04-25","Guido Hernán Pizarro Demestri","1006558","1"
"Tigres UANL","4038891","2026-03-15","Guido Pizarro","2025-03-08","2026-04-25","Guido Hernán Pizarro Demestri","1006558","1"
"Tigres UANL","4038907","2026-03-23","Guido Pizarro","2025-03-08","2026-04-25","Guido Hernán Pizarro Demestri","1006558","1"
"Tigres UANL","4038911","2026-04-04","Guido Pizarro","2025-03-08","2026-04-25","Javier Leonardo Bustos","1008115","0"
"Tigres UANL","4038925","2026-04-11","Guido Pizarro","2025-03-08","2026-04-25","Guido Hernán Pizarro Demestri","1006558","1"
"Tigres UANL","4038928","2026-04-18","Guido Pizarro","2025-03-08","2026-04-25","Guido Hernán Pizarro Demestri","1006558","1"
"Tigres UANL","4038941","2026-04-23","Guido Pizarro","2025-03-08","2026-04-25","Guido Hernán Pizarro Demestri","1006558","1"
"Tigres UANL","4038949","2026-04-25","Guido Pizarro","2025-03-08","2026-04-25","Guido Hernán Pizarro Demestri","1006558","1"
"Tijuana","3799414","2021-07-26","Robert Siboldi","2021-07-26","2021-10-04","Robert Dante Siboldi Badiola","3109","1"
"Tijuana","3799403","2021-07-31","Robert Siboldi","2021-07-26","2021-10-04","Robert Dante Siboldi Badiola","3109","1"
"Tijuana","3799495","2021-08-07","Robert Siboldi","2021-07-26","2021-10-04","Robert Dante Siboldi Badiola","3109","1"
"Tijuana","3799484","2021-08-14","Robert Siboldi","2021-07-26","2021-10-04","Robert Dante Siboldi Badiola","3109","1"
"Tijuana","3799412","2021-08-18","Robert Siboldi","2021-07-26","2021-10-04","Robert Dante Siboldi Badiola","3109","1"
"Tijuana","3799417","2021-08-22","Robert Siboldi","2021-07-26","2021-10-04","Robert Dante Siboldi Badiola","3109","1"
"Tijuana","3799492","2021-08-28","Robert Siboldi","2021-07-26","2021-10-04","Robert Dante Siboldi Badiola","3109","1"
"Tijuana","3799369","2021-09-11","Robert Siboldi","2021-07-26","2021-10-04","Robert Dante Siboldi Badiola","3109","1"
"Tijuana","3799353","2021-09-17","Robert Siboldi","2021-07-26","2021-10-04","Robert Dante Siboldi Badiola","3109","1"
"Tijuana","3799419","2021-09-25","Robert Siboldi","2021-07-26","2021-10-04","Robert Dante Siboldi Badiola","3109","1"
"Tijuana","3799396","2021-09-28","Robert Siboldi","2021-07-26","2021-10-04","Robert Dante Siboldi Badiola","3109","1"
"Tijuana","3799432","2021-10-04","Robert Siboldi","2021-07-26","2021-10-04","Robert Dante Siboldi Badiola","3109","1"
"Tijuana","3799499","2021-10-15","Sebastian Ariel Mendez Pardinas","2021-10-15","2022-05-01","Sebastián Ariel Méndez Pardiñas","3867","1"
"Tijuana","3799366","2021-10-21","Sebastian Ariel Mendez Pardinas","2021-10-15","2022-05-01","Sebastián Ariel Méndez Pardiñas","3867","1"
"Tijuana","3799400","2021-10-24","Sebastian Ariel Mendez Pardinas","2021-10-15","2022-05-01","Sebastián Ariel Méndez Pardiñas","3867","1"
"Tijuana","3799413","2021-10-29","Sebastian Ariel Mendez Pardinas","2021-10-15","2022-05-01","Sebastián Ariel Méndez Pardiñas","3867","1"
"Tijuana","3799352","2021-11-07","Sebastian Ariel Mendez Pardinas","2021-10-15","2022-05-01","Sebastián Ariel Méndez Pardiñas","3867","1"
"Tijuana","3816796","2022-01-09","Sebastian Ariel Mendez Pardinas","2021-10-15","2022-05-01","Sebastián Ariel Méndez Pardiñas","3867","1"
"Tijuana","3816813","2022-01-16","Sebastian Ariel Mendez Pardinas","2021-10-15","2022-05-01","Sebastián Ariel Méndez Pardiñas","3867","1"
"Tijuana","3816732","2022-01-29","Sebastian Ariel Mendez Pardinas","2021-10-15","2022-05-01","Sebastián Ariel Méndez Pardiñas","3867","1"
"Tijuana","3816735","2022-02-06","Sebastian Ariel Mendez Pardinas","2021-10-15","2022-05-01","Sebastián Ariel Méndez Pardiñas","3867","1"
"Tijuana","3816740","2022-02-12","Sebastian Ariel Mendez Pardinas","2021-10-15","2022-05-01","Sebastián Ariel Méndez Pardiñas","3867","1"
"Tijuana","3816747","2022-02-19","Sebastian Ariel Mendez Pardinas","2021-10-15","2022-05-01","Sebastián Ariel Méndez Pardiñas","3867","1"
"Tijuana","3816715","2022-02-26","Sebastian Ariel Mendez Pardinas","2021-10-15","2022-05-01","Sebastián Ariel Méndez Pardiñas","3867","1"
"Tijuana","3816693","2022-03-02","Sebastian Ariel Mendez Pardinas","2021-10-15","2022-05-01","Sebastián Ariel Méndez Pardiñas","3867","1"
"Tijuana","3816714","2022-03-14","Sebastian Ariel Mendez Pardinas","2021-10-15","2022-05-01","Sebastián Ariel Méndez Pardiñas","3867","1"
"Tijuana","3816764","2022-03-21","Sebastian Ariel Mendez Pardinas","2021-10-15","2022-05-01","Sebastián Ariel Méndez Pardiñas","3867","1"
"Tijuana","3816666","2022-04-04","Sebastian Ariel Mendez Pardinas","2021-10-15","2022-05-01","Sebastián Ariel Méndez Pardiñas","3867","1"
"Tijuana","3816779","2022-04-07","Sebastian Ariel Mendez Pardinas","2021-10-15","2022-05-01","Sebastián Ariel Méndez Pardiñas","3867","1"
"Tijuana","3816789","2022-04-12","Sebastian Ariel Mendez Pardinas","2021-10-15","2022-05-01","Sebastián Ariel Méndez Pardiñas","3867","1"
"Tijuana","3816809","2022-04-16","Sebastian Ariel Mendez Pardinas","2021-10-15","2022-05-01","Sebastián Ariel Méndez Pardiñas","3867","1"
"Tijuana","3816720","2022-04-20","Sebastian Ariel Mendez Pardinas","2021-10-15","2022-05-01","Sebastián Ariel Méndez Pardiñas","3867","1"
"Tijuana","3816784","2022-04-25","Sebastian Ariel Mendez Pardinas","2021-10-15","2022-05-01","Sebastián Ariel Méndez Pardiñas","3867","1"
"Tijuana","3816721","2022-05-01","Sebastian Ariel Mendez Pardinas","2021-10-15","2022-05-01","Sebastián Ariel Méndez Pardiñas","3867","1"
"Tijuana","3835106","2022-07-03","Ricardo Alfredo Valino","2022-07-03","2023-02-04","Ricardo Alfredo Valiño","1001785","1"
"Tijuana","3835112","2022-07-09","Ricardo Alfredo Valino","2022-07-03","2023-02-04","Ricardo Alfredo Valiño","1001785","1"
"Tijuana","3835125","2022-07-18","Ricardo Alfredo Valino","2022-07-03","2023-02-04","Ricardo Alfredo Valiño","1001785","1"
"Tijuana","3835133","2022-07-24","Ricardo Alfredo Valino","2022-07-03","2023-02-04","Ricardo Alfredo Valiño","1001785","1"
"Tijuana","3835137","2022-07-27","Ricardo Alfredo Valino","2022-07-03","2023-02-04","Ricardo Alfredo Valiño","1001785","1"
"Tijuana","3835151","2022-07-31","Ricardo Alfredo Valino","2022-07-03","2023-02-04","Ricardo Alfredo Valiño","1001785","1"
"Tijuana","3835159","2022-08-07","Ricardo Alfredo Valino","2022-07-03","2023-02-04","Ricardo Alfredo Valiño","1001785","1"
"Tijuana","3835166","2022-08-13","Ricardo Alfredo Valino","2022-07-03","2023-02-04","Ricardo Alfredo Valiño","1001785","1"
"Tijuana","3835178","2022-08-18","Ricardo Alfredo Valino","2022-07-03","2023-02-04","Ricardo Alfredo Valiño","1001785","1"
"Tijuana","3835185","2022-08-20","Ricardo Alfredo Valino","2022-07-03","2023-02-04","Ricardo Alfredo Valiño","1001785","1"
"Tijuana","3835196","2022-08-26","Ricardo Alfredo Valino","2022-07-03","2023-02-04","Ricardo Alfredo Valiño","1001785","1"
"Tijuana","3835203","2022-08-29","Ricardo Alfredo Valino","2022-07-03","2023-02-04","Ricardo Alfredo Valiño","1001785","1"
"Tijuana","3835206","2022-09-02","Ricardo Alfredo Valino","2022-07-03","2023-02-04","Ricardo Alfredo Valiño","1001785","1"
"Tijuana","3835220","2022-09-08","Ricardo Alfredo Valino","2022-07-03","2023-02-04","Ricardo Alfredo Valiño","1001785","1"
"Tijuana","3835232","2022-09-12","Ricardo Alfredo Valino","2022-07-03","2023-02-04","Ricardo Alfredo Valiño","1001785","1"
"Tijuana","3835243","2022-09-19","Ricardo Alfredo Valino","2022-07-03","2023-02-04","Ricardo Alfredo Valiño","1001785","1"
"Tijuana","3835252","2022-10-03","Ricardo Alfredo Valino","2022-07-03","2023-02-04","Ricardo Alfredo Valiño","1001785","1"
"Tijuana","3870381","2023-01-09","Ricardo Alfredo Valino","2022-07-03","2023-02-04","Ricardo Alfredo Valiño","1001785","1"
"Tijuana","3870390","2023-01-15","Ricardo Alfredo Valino","2022-07-03","2023-02-04","Ricardo Alfredo Valiño","1001785","1"
"Tijuana","3870393","2023-01-21","Ricardo Alfredo Valino","2022-07-03","2023-02-04","Ricardo Alfredo Valiño","1001785","1"
"Tijuana","3870403","2023-01-28","Ricardo Alfredo Valino","2022-07-03","2023-02-04","Ricardo Alfredo Valiño","1001785","1"
"Tijuana","3870412","2023-02-04","Ricardo Alfredo Valino","2022-07-03","2023-02-04","Ricardo Alfredo Valiño","1001785","1"
"Tijuana","3870422","2023-02-11","Cirilo Saucedo Najera I","2023-02-11","2023-02-11","Cirilo Saucedo Nájera","1002736","1"
"Tijuana","3870434","2023-02-16","Miguel Herrera","2023-02-16","2024-04-28","Miguel Ernesto Herrera Aguirre","3012","1"
"Tijuana","3870443","2023-02-20","Miguel Herrera","2023-02-16","2024-04-28","Miguel Ernesto Herrera Aguirre","3012","1"
"Tijuana","3870454","2023-02-27","Miguel Herrera","2023-02-16","2024-04-28","Miguel Ernesto Herrera Aguirre","3012","1"
"Tijuana","3870456","2023-03-04","Miguel Herrera","2023-02-16","2024-04-28","Miguel Ernesto Herrera Aguirre","3012","1"
"Tijuana","3870473","2023-03-13","Miguel Herrera","2023-02-16","2024-04-28","Miguel Ernesto Herrera Aguirre","3012","1"
"Tijuana","3870474","2023-03-18","Miguel Herrera","2023-02-16","2024-04-28","Miguel Ernesto Herrera Aguirre","3012","1"
"Tijuana","3870486","2023-04-02","Miguel Herrera","2023-02-16","2024-04-28","Miguel Ernesto Herrera Aguirre","3012","1"
"Tijuana","3870493","2023-04-08","Miguel Herrera","2023-02-16","2024-04-28","Miguel Ernesto Herrera Aguirre","3012","1"
"Tijuana","3870502","2023-04-15","Miguel Herrera","2023-02-16","2024-04-28","Miguel Ernesto Herrera Aguirre","3012","1"
"Tijuana","3870511","2023-04-22","Miguel Herrera","2023-02-16","2024-04-28","Miguel Ernesto Herrera Aguirre","3012","1"
"Tijuana","3870519","2023-04-29","Miguel Herrera","2023-02-16","2024-04-28","Miguel Ernesto Herrera Aguirre","3012","1"
"Tijuana","3889639","2023-07-01","Miguel Herrera","2023-02-16","2024-04-28","Miguel Ernesto Herrera Aguirre","3012","1"
"Tijuana","3889652","2023-07-08","Miguel Herrera","2023-02-16","2024-04-28","Miguel Ernesto Herrera Aguirre","3012","1"
"Tijuana","3889657","2023-07-15","Miguel Herrera","2023-02-16","2024-04-28","Miguel Ernesto Herrera Aguirre","3012","1"
"Tijuana","3889676","2023-08-23","Miguel Herrera","2023-02-16","2024-04-28","Miguel Ernesto Herrera Aguirre","3012","1"
"Tijuana","3889682","2023-08-26","Miguel Herrera","2023-02-16","2024-04-28","Miguel Ernesto Herrera Aguirre","3012","1"
"Tijuana","3889693","2023-09-02","Miguel Herrera","2023-02-16","2024-04-28","Miguel Ernesto Herrera Aguirre","3012","1"
"Tijuana","3889701","2023-09-16","Miguel Herrera","2023-02-16","2024-04-28","Miguel Ernesto Herrera Aguirre","3012","1"
"Tijuana","3889712","2023-09-24","Miguel Herrera","2023-02-16","2024-04-28","Miguel Ernesto Herrera Aguirre","3012","1"
"Tijuana","3889719","2023-09-30","Miguel Herrera","2023-02-16","2024-04-28","Miguel Ernesto Herrera Aguirre","3012","1"
"Tijuana","3889753","2023-10-05","Miguel Herrera","2023-02-16","2024-04-28","Miguel Ernesto Herrera Aguirre","3012","1"
"Tijuana","3889738","2023-10-09","Miguel Herrera","2023-02-16","2024-04-28","Miguel Ernesto Herrera Aguirre","3012","1"
"Tijuana","3889748","2023-10-22","Miguel Herrera","2023-02-16","2024-04-28","Miguel Ernesto Herrera Aguirre","3012","1"
"Tijuana","3889668","2023-10-26","Miguel Herrera","2023-02-16","2024-04-28","Miguel Ernesto Herrera Aguirre","3012","1"
"Tijuana","3889762","2023-10-30","Miguel Herrera","2023-02-16","2024-04-28","Miguel Ernesto Herrera Aguirre","3012","1"
"Tijuana","3889768","2023-11-02","Miguel Herrera","2023-02-16","2024-04-28","Miguel Ernesto Herrera Aguirre","3012","1"
"Tijuana","3889775","2023-11-05","Miguel Herrera","2023-02-16","2024-04-28","Miguel Ernesto Herrera Aguirre","3012","1"
"Tijuana","3889783","2023-11-11","Miguel Herrera","2023-02-16","2024-04-28","Miguel Ernesto Herrera Aguirre","3012","1"
"Tijuana","3918957","2024-01-14","Miguel Herrera","2023-02-16","2024-04-28","Miguel Ernesto Herrera Aguirre","3012","1"
"Tijuana","3918964","2024-01-21","Miguel Herrera","2023-02-16","2024-04-28","Miguel Ernesto Herrera Aguirre","3012","1"
"Tijuana","3918972","2024-01-27","Miguel Herrera","2023-02-16","2024-04-28","Miguel Ernesto Herrera Aguirre","3012","1"
"Tijuana","3918980","2024-01-31","Miguel Herrera","2023-02-16","2024-04-28","Miguel Ernesto Herrera Aguirre","3012","1"
"Tijuana","3918988","2024-02-04","Miguel Herrera","2023-02-16","2024-04-28","Miguel Ernesto Herrera Aguirre","3012","1"
"Tijuana","3918995","2024-02-10","Miguel Herrera","2023-02-16","2024-04-28","Miguel Ernesto Herrera Aguirre","3012","1"
"Tijuana","3919009","2024-02-17","Miguel Herrera","2023-02-16","2024-04-28","Miguel Ernesto Herrera Aguirre","3012","1"
"Tijuana","3919023","2024-02-25","Miguel Herrera","2023-02-16","2024-04-28","Miguel Ernesto Herrera Aguirre","3012","1"
"Tijuana","3919029","2024-02-29","Miguel Herrera","2023-02-16","2024-04-28","Miguel Ernesto Herrera Aguirre","3012","1"
"Tijuana","3919038","2024-03-04","Miguel Herrera","2023-02-16","2024-04-28","Miguel Ernesto Herrera Aguirre","3012","1"
"Tijuana","3919046","2024-03-10","Miguel Herrera","2023-02-16","2024-04-28","Miguel Ernesto Herrera Aguirre","3012","1"
"Tijuana","3919049","2024-03-16","Miguel Herrera","2023-02-16","2024-04-28","Miguel Ernesto Herrera Aguirre","3012","1"
"Tijuana","3919059","2024-03-30","Miguel Herrera","2023-02-16","2024-04-28","Miguel Ernesto Herrera Aguirre","3012","1"
"Tijuana","3919068","2024-04-06","Miguel Herrera","2023-02-16","2024-04-28","Miguel Ernesto Herrera Aguirre","3012","1"
"Tijuana","3919083","2024-04-15","Miguel Herrera","2023-02-16","2024-04-28","Miguel Ernesto Herrera Aguirre","3012","1"
"Tijuana","3919087","2024-04-20","Miguel Herrera","2023-02-16","2024-04-28","Miguel Ernesto Herrera Aguirre","3012","1"
"Tijuana","3919097","2024-04-28","Miguel Herrera","2023-02-16","2024-04-28","Miguel Ernesto Herrera Aguirre","3012","1"
"Tijuana","3939818","2024-07-06","Juan Carlos Osorio","2024-07-06","2025-03-10","Juan Carlos Osorio Arbeláez","632","1"
"Tijuana","3939827","2024-07-13","Juan Carlos Osorio","2024-07-06","2025-03-10","Juan Carlos Osorio Arbeláez","632","1"
"Tijuana","3939838","2024-07-17","Juan Carlos Osorio","2024-07-06","2025-03-10","Juan Carlos Osorio Arbeláez","632","1"
"Tijuana","3939843","2024-07-20","Juan Carlos Osorio","2024-07-06","2025-03-10","Juan Carlos Osorio Arbeláez","632","1"
"Tijuana","3939887","2024-08-19","Juan Carlos Osorio","2024-07-06","2025-03-10","Juan Carlos Osorio Arbeláez","632","1"
"Tijuana","3939854","2024-08-24","Juan Carlos Osorio","2024-07-06","2025-03-10","Juan Carlos Osorio Arbeláez","632","1"
"Tijuana","3939863","2024-08-31","Juan Carlos Osorio","2024-07-06","2025-03-10","Juan Carlos Osorio Arbeláez","632","1"
"Tijuana","3939875","2024-09-14","Juan Carlos Osorio","2024-07-06","2025-03-10","Juan Carlos Osorio Arbeláez","632","1"
"Tijuana","3939895","2024-09-22","Juan Carlos Osorio","2024-07-06","2025-03-10","Juan Carlos Osorio Arbeláez","632","1"
"Tijuana","3939900","2024-09-28","Juan Carlos Osorio","2024-07-06","2025-03-10","Juan Carlos Osorio Arbeláez","632","1"
"Tijuana","3939907","2024-10-05","Juan Carlos Osorio","2024-07-06","2025-03-10","Juan Carlos Osorio Arbeláez","632","1"
"Tijuana","3939916","2024-10-19","Juan Carlos Osorio","2024-07-06","2025-03-10","Juan Carlos Osorio Arbeláez","632","1"
"Tijuana","3939933","2024-10-24","Juan Carlos Osorio","2024-07-06","2025-03-10","Juan Carlos Osorio Arbeláez","632","1"
"Tijuana","3939937","2024-10-27","Juan Carlos Osorio","2024-07-06","2025-03-10","Juan Carlos Osorio Arbeláez","632","1"
"Tijuana","3939944","2024-11-02","Juan Carlos Osorio","2024-07-06","2025-03-10","Juan Carlos Osorio Arbeláez","632","1"
"Tijuana","3939958","2024-11-07","Juan Carlos Osorio","2024-07-06","2025-03-10","Juan Carlos Osorio Arbeláez","632","1"
"Tijuana","3939968","2024-11-11","Juan Carlos Osorio","2024-07-06","2025-03-10","Juan Carlos Osorio Arbeláez","632","1"
"Tijuana","3972017","2025-01-11","Juan Carlos Osorio","2024-07-06","2025-03-10","Juan Carlos Osorio Arbeláez","632","1"
"Tijuana","3972023","2025-01-17","Juan Carlos Osorio","2024-07-06","2025-03-10","Juan Carlos Osorio Arbeláez","632","1"
"Tijuana","3972033","2025-01-25","Juan Carlos Osorio","2024-07-06","2025-03-10","Juan Carlos Osorio Arbeláez","632","1"
"Tijuana","3972041","2025-01-29","Juan Carlos Osorio","2024-07-06","2025-03-10","Juan Carlos Osorio Arbeláez","632","1"
"Tijuana","3972051","2025-02-01","Juan Carlos Osorio","2024-07-06","2025-03-10","Juan Carlos Osorio Arbeláez","632","1"
"Tijuana","3972068","2025-02-10","Juan Carlos Osorio","2024-07-06","2025-03-10","Juan Carlos Osorio Arbeláez","632","1"
"Tijuana","3972070","2025-02-15","Juan Carlos Osorio","2024-07-06","2025-03-10","Juan Carlos Osorio Arbeláez","632","1"
"Tijuana","3972082","2025-02-22","Juan Carlos Osorio","2024-07-06","2025-03-10","Juan Carlos Osorio Arbeláez","632","1"
"Tijuana","3972091","2025-02-26","Juan Carlos Osorio","2024-07-06","2025-03-10","Juan Carlos Osorio Arbeláez","632","1"
"Tijuana","3972097","2025-03-02","Juan Carlos Osorio","2024-07-06","2025-03-10","Juan Carlos Osorio Arbeláez","632","1"
"Tijuana","3972113","2025-03-10","Juan Carlos Osorio","2024-07-06","2025-03-10","Juan Carlos Osorio Arbeláez","632","1"
"Tijuana","3972122","2025-03-17","Cirilo Saucedo Najera II","2025-03-17","2025-04-20","Cirilo Saucedo Nájera","1002736","1"
"Tijuana","3972128","2025-03-30","Cirilo Saucedo Najera II","2025-03-17","2025-04-20","Cirilo Saucedo Nájera","1002736","1"
"Tijuana","3972133","2025-04-05","Cirilo Saucedo Najera II","2025-03-17","2025-04-20","Cirilo Saucedo Nájera","1002736","1"
"Tijuana","3972148","2025-04-11","Cirilo Saucedo Najera II","2025-03-17","2025-04-20","Cirilo Saucedo Nájera","1002736","1"
"Tijuana","3972158","2025-04-17","Cirilo Saucedo Najera II","2025-03-17","2025-04-20","Cirilo Saucedo Nájera","1002736","1"
"Tijuana","3972165","2025-04-20","Cirilo Saucedo Najera II","2025-03-17","2025-04-20","Cirilo Saucedo Nájera","1002736","1"
"Tijuana","4004043","2025-07-12","Sebastian Abreu","2025-07-12","2026-04-26","Washington Sebastián Abreu Gallo","4615","1"
"Tijuana","4004049","2025-07-17","Sebastian Abreu","2025-07-12","2026-04-26","Washington Sebastián Abreu Gallo","4615","1"
"Tijuana","4004060","2025-07-26","Sebastian Abreu","2025-07-12","2026-04-26","Washington Sebastián Abreu Gallo","4615","1"
"Tijuana","4004070","2025-08-10","Sebastian Abreu","2025-07-12","2026-04-26","Washington Sebastián Abreu Gallo","4615","1"
"Tijuana","4004080","2025-08-17","Sebastian Abreu","2025-07-12","2026-04-26","Washington Sebastián Abreu Gallo","4615","1"
"Tijuana","4004087","2025-08-23","Sebastian Abreu","2025-07-12","2026-04-26","Washington Sebastián Abreu Gallo","4615","1"
"Tijuana","4004102","2025-09-01","Sebastian Abreu","2025-07-12","2026-04-26","Washington Sebastián Abreu Gallo","4615","1"
"Tijuana","4004111","2025-09-15","Sebastian Abreu","2025-07-12","2026-04-26","Washington Sebastián Abreu Gallo","4615","1"
"Tijuana","4004114","2025-09-20","Sebastian Abreu","2025-07-12","2026-04-26","Washington Sebastián Abreu Gallo","4615","1"
"Tijuana","4004126","2025-09-25","Sebastian Abreu","2025-07-12","2026-04-26","Washington Sebastián Abreu Gallo","4615","1"
"Tijuana","4004139","2025-09-29","Sebastian Abreu","2025-07-12","2026-04-26","Washington Sebastián Abreu Gallo","4615","1"
"Tijuana","4004148","2025-10-06","Sebastian Abreu","2025-07-12","2026-04-26","Washington Sebastián Abreu Gallo","4615","1"
"Tijuana","4004149","2025-10-18","Sebastian Abreu","2025-07-12","2026-04-26","Washington Sebastián Abreu Gallo","4615","1"
"Tijuana","4004165","2025-10-23","Sebastian Abreu","2025-07-12","2026-04-26","Washington Sebastián Abreu Gallo","4615","1"
"Tijuana","4004169","2025-10-25","Sebastian Abreu","2025-07-12","2026-04-26","Washington Sebastián Abreu Gallo","4615","1"
"Tijuana","4004182","2025-11-02","Sebastian Abreu","2025-07-12","2026-04-26","Washington Sebastián Abreu Gallo","4615","1"
"Tijuana","4004186","2025-11-08","Sebastian Abreu","2025-07-12","2026-04-26","Washington Sebastián Abreu Gallo","4615","1"
"Tijuana","4038803","2026-01-10","Sebastian Abreu","2025-07-12","2026-04-26","Washington Sebastián Abreu Gallo","4615","1"
"Tijuana","4038815","2026-01-15","Sebastian Abreu","2025-07-12","2026-04-26","Washington Sebastián Abreu Gallo","4615","1"
"Tijuana","4038823","2026-01-18","Sebastian Abreu","2025-07-12","2026-04-26","Washington Sebastián Abreu Gallo","4615","1"
"Tijuana","4038831","2026-02-01","Sebastian Abreu","2025-07-12","2026-04-26","Washington Sebastián Abreu Gallo","4615","1"
"Tijuana","4038837","2026-02-07","Sebastian Abreu","2025-07-12","2026-04-26","Washington Sebastián Abreu Gallo","4615","1"
"Tijuana","4038847","2026-02-14","Sebastian Abreu","2025-07-12","2026-04-26","Washington Sebastián Abreu Gallo","4615","1"
"Tijuana","4038861","2026-02-22","Sebastian Abreu","2025-07-12","2026-04-26","Washington Sebastián Abreu Gallo","4615","1"
"Tijuana","4038865","2026-02-28","Sebastian Abreu","2025-07-12","2026-04-26","Washington Sebastián Abreu Gallo","4615","1"
"Tijuana","4038877","2026-03-05","Sebastian Abreu","2025-07-12","2026-04-26","Washington Sebastián Abreu Gallo","4615","1"
"Tijuana","4038889","2026-03-09","Sebastian Abreu","2025-07-12","2026-04-26","Washington Sebastián Abreu Gallo","4615","1"
"Tijuana","4038894","2026-03-15","Sebastian Abreu","2025-07-12","2026-04-26","Washington Sebastián Abreu Gallo","4615","1"
"Tijuana","4038901","2026-03-21","Sebastian Abreu","2025-07-12","2026-04-26","Washington Sebastián Abreu Gallo","4615","1"
"Tijuana","4038911","2026-04-04","Sebastian Abreu","2025-07-12","2026-04-26","Washington Sebastián Abreu Gallo","4615","1"
"Tijuana","4038919","2026-04-11","Sebastian Abreu","2025-07-12","2026-04-26","Washington Sebastián Abreu Gallo","4615","1"
"Tijuana","4038933","2026-04-18","Sebastian Abreu","2025-07-12","2026-04-26","Washington Sebastián Abreu Gallo","4615","1"
"Tijuana","4038942","2026-04-23","Sebastian Abreu","2025-07-12","2026-04-26","Washington Sebastián Abreu Gallo","4615","1"
"Tijuana","4038951","2026-04-26","Sebastian Abreu","2025-07-12","2026-04-26","Washington Sebastián Abreu Gallo","4615","1"
"Toluca","3799437","2021-07-24","Hernan Cristante","2021-07-24","2021-11-06","Rolando Hernán Cristante Mandarino","5543","1"
"Toluca","3799358","2021-08-01","Hernan Cristante","2021-07-24","2021-11-06","Rolando Hernán Cristante Mandarino","5543","1"
"Toluca","3799495","2021-08-07","Hernan Cristante","2021-07-24","2021-11-06","Rolando Hernán Cristante Mandarino","5543","1"
"Toluca","3799471","2021-08-15","Hernan Cristante","2021-07-24","2021-11-06","Rolando Hernán Cristante Mandarino","5543","1"
"Toluca","3799379","2021-08-18","Hernan Cristante","2021-07-24","2021-11-06","Rolando Hernán Cristante Mandarino","5543","1"
"Toluca","3799378","2021-08-21","Hernan Cristante","2021-07-24","2021-11-06","Rolando Hernán Cristante Mandarino","5543","1"
"Toluca","3799422","2021-08-29","Hernan Cristante","2021-07-24","2021-11-06","Rolando Hernán Cristante Mandarino","5543","1"
"Toluca","3799361","2021-09-14","Hernan Cristante","2021-07-24","2021-11-06","Rolando Hernán Cristante Mandarino","5543","1"
"Toluca","3799493","2021-09-19","Hernan Cristante","2021-07-24","2021-11-06","Rolando Hernán Cristante Mandarino","5543","1"
"Toluca","3799438","2021-09-23","Hernan Cristante","2021-07-24","2021-11-06","Rolando Hernán Cristante Mandarino","5543","1"
"Toluca","3799381","2021-09-26","Hernan Cristante","2021-07-24","2021-11-06","Rolando Hernán Cristante Mandarino","5543","1"
"Toluca","3799502","2021-10-03","Hernan Cristante","2021-07-24","2021-11-06","Rolando Hernán Cristante Mandarino","5543","1"
"Toluca","3799376","2021-10-17","Hernan Cristante","2021-07-24","2021-11-06","Rolando Hernán Cristante Mandarino","5543","1"
"Toluca","3799399","2021-10-21","Hernan Cristante","2021-07-24","2021-11-06","Rolando Hernán Cristante Mandarino","5543","1"
"Toluca","3799375","2021-10-25","Hernan Cristante","2021-07-24","2021-11-06","Rolando Hernán Cristante Mandarino","5543","1"
"Toluca","3799384","2021-10-31","Hernan Cristante","2021-07-24","2021-11-06","Rolando Hernán Cristante Mandarino","5543","1"
"Toluca","3799397","2021-11-06","Hernan Cristante","2021-07-24","2021-11-06","Rolando Hernán Cristante Mandarino","5543","1"
"Toluca","3816726","2022-01-11","Ignacio Ambriz","2022-01-11","2023-10-21","Marcos Ignacio Ambriz Espinoza","2944","1"
"Toluca","3816748","2022-01-16","Ignacio Ambriz","2022-01-11","2023-10-21","Marcos Ignacio Ambriz Espinoza","2944","1"
"Toluca","3816765","2022-01-22","Ignacio Ambriz","2022-01-11","2023-10-21","Marcos Ignacio Ambriz Espinoza","2944","1"
"Toluca","3816759","2022-02-12","Ignacio Ambriz","2022-01-11","2023-10-21","Marcos Ignacio Ambriz Espinoza","2944","1"
"Toluca","3816686","2022-02-21","Ignacio Ambriz","2022-01-11","2023-10-21","Marcos Ignacio Ambriz Espinoza","2944","1"
"Toluca","3816680","2022-02-25","Ignacio Ambriz","2022-01-11","2023-10-21","Marcos Ignacio Ambriz Espinoza","2944","1"
"Toluca","3816693","2022-03-02","Ignacio Ambriz","2022-01-11","2023-10-21","Marcos Ignacio Ambriz Espinoza","2944","1"
"Toluca","3816781","2022-03-05","Ignacio Ambriz","2022-01-11","2023-10-21","Marcos Ignacio Ambriz Espinoza","2944","1"
"Toluca","3816763","2022-03-13","Ignacio Ambriz","2022-01-11","2023-10-21","Marcos Ignacio Ambriz Espinoza","2944","1"
"Toluca","3816769","2022-03-20","Ignacio Ambriz","2022-01-11","2023-10-21","Marcos Ignacio Ambriz Espinoza","2944","1"
"Toluca","3816674","2022-04-03","Ignacio Ambriz","2022-01-11","2023-10-21","Marcos Ignacio Ambriz Espinoza","2944","1"
"Toluca","3816711","2022-04-07","Ignacio Ambriz","2022-01-11","2023-10-21","Marcos Ignacio Ambriz Espinoza","2944","1"
"Toluca","3816691","2022-04-10","Ignacio Ambriz","2022-01-11","2023-10-21","Marcos Ignacio Ambriz Espinoza","2944","1"
"Toluca","3816815","2022-04-17","Ignacio Ambriz","2022-01-11","2023-10-21","Marcos Ignacio Ambriz Espinoza","2944","1"
"Toluca","3816744","2022-04-20","Ignacio Ambriz","2022-01-11","2023-10-21","Marcos Ignacio Ambriz Espinoza","2944","1"
"Toluca","3816671","2022-04-24","Ignacio Ambriz","2022-01-11","2023-10-21","Marcos Ignacio Ambriz Espinoza","2944","1"
"Toluca","3816811","2022-05-02","Ignacio Ambriz","2022-01-11","2023-10-21","Marcos Ignacio Ambriz Espinoza","2944","1"
"Toluca","3835101","2022-07-02","Ignacio Ambriz","2022-01-11","2023-10-21","Marcos Ignacio Ambriz Espinoza","2944","1"
"Toluca","3835115","2022-07-10","Ignacio Ambriz","2022-01-11","2023-10-21","Marcos Ignacio Ambriz Espinoza","2944","1"
"Toluca","3835119","2022-07-14","Ignacio Ambriz","2022-01-11","2023-10-21","Marcos Ignacio Ambriz Espinoza","2944","1"
"Toluca","3835135","2022-07-23","Ignacio Ambriz","2022-01-11","2023-10-21","Marcos Ignacio Ambriz Espinoza","2944","1"
"Toluca","3835140","2022-07-27","Ignacio Ambriz","2022-01-11","2023-10-21","Marcos Ignacio Ambriz Espinoza","2944","1"
"Toluca","3835145","2022-07-30","Ignacio Ambriz","2022-01-11","2023-10-21","Marcos Ignacio Ambriz Espinoza","2944","1"
"Toluca","3835154","2022-08-03","Ignacio Ambriz","2022-01-11","2023-10-21","Marcos Ignacio Ambriz Espinoza","2944","1"
"Toluca","3835159","2022-08-07","Ignacio Ambriz","2022-01-11","2023-10-21","Marcos Ignacio Ambriz Espinoza","2944","1"
"Toluca","3835172","2022-08-14","Ignacio Ambriz","2022-01-11","2023-10-21","Marcos Ignacio Ambriz Espinoza","2944","1"
"Toluca","3835179","2022-08-18","Ignacio Ambriz","2022-01-11","2023-10-21","Marcos Ignacio Ambriz Espinoza","2944","1"
"Toluca","3835190","2022-08-21","Ignacio Ambriz","2022-01-11","2023-10-21","Marcos Ignacio Ambriz Espinoza","2944","1"
"Toluca","3835200","2022-08-28","Ignacio Ambriz","2022-01-11","2023-10-21","Marcos Ignacio Ambriz Espinoza","2944","1"
"Toluca","3835214","2022-09-04","Ignacio Ambriz","2022-01-11","2023-10-21","Marcos Ignacio Ambriz Espinoza","2944","1"
"Toluca","3835219","2022-09-08","Ignacio Ambriz","2022-01-11","2023-10-21","Marcos Ignacio Ambriz Espinoza","2944","1"
"Toluca","3835229","2022-09-11","Ignacio Ambriz","2022-01-11","2023-10-21","Marcos Ignacio Ambriz Espinoza","2944","1"
"Toluca","3835236","2022-09-17","Ignacio Ambriz","2022-01-11","2023-10-21","Marcos Ignacio Ambriz Espinoza","2944","1"
"Toluca","3835249","2022-10-02","Ignacio Ambriz","2022-01-11","2023-10-21","Marcos Ignacio Ambriz Espinoza","2944","1"
"Toluca","3870389","2023-01-15","Ignacio Ambriz","2022-01-11","2023-10-21","Marcos Ignacio Ambriz Espinoza","2944","1"
"Toluca","3870399","2023-01-22","Ignacio Ambriz","2022-01-11","2023-10-21","Marcos Ignacio Ambriz Espinoza","2944","1"
"Toluca","3870407","2023-01-29","Ignacio Ambriz","2022-01-11","2023-10-21","Marcos Ignacio Ambriz Espinoza","2944","1"
"Toluca","3870377","2023-02-02","Ignacio Ambriz","2022-01-11","2023-10-21","Marcos Ignacio Ambriz Espinoza","2944","1"
"Toluca","3870418","2023-02-06","Ignacio Ambriz","2022-01-11","2023-10-21","Marcos Ignacio Ambriz Espinoza","2944","1"
"Toluca","3870425","2023-02-12","Ignacio Ambriz","2022-01-11","2023-10-21","Marcos Ignacio Ambriz Espinoza","2944","1"
"Toluca","3870442","2023-02-20","Ignacio Ambriz","2022-01-11","2023-10-21","Marcos Ignacio Ambriz Espinoza","2944","1"
"Toluca","3870446","2023-02-24","Ignacio Ambriz","2022-01-11","2023-10-21","Marcos Ignacio Ambriz Espinoza","2944","1"
"Toluca","3870452","2023-02-26","Ignacio Ambriz","2022-01-11","2023-10-21","Marcos Ignacio Ambriz Espinoza","2944","1"
"Toluca","3870464","2023-03-06","Ignacio Ambriz","2022-01-11","2023-10-21","Marcos Ignacio Ambriz Espinoza","2944","1"
"Toluca","3870467","2023-03-12","Ignacio Ambriz","2022-01-11","2023-10-21","Marcos Ignacio Ambriz Espinoza","2944","1"
"Toluca","3870474","2023-03-18","Ignacio Ambriz","2022-01-11","2023-10-21","Marcos Ignacio Ambriz Espinoza","2944","1"
"Toluca","3870487","2023-04-02","Ignacio Ambriz","2022-01-11","2023-10-21","Marcos Ignacio Ambriz Espinoza","2944","1"
"Toluca","3870492","2023-04-08","Ignacio Ambriz","2022-01-11","2023-10-21","Marcos Ignacio Ambriz Espinoza","2944","1"
"Toluca","3870507","2023-04-16","Ignacio Ambriz","2022-01-11","2023-10-21","Marcos Ignacio Ambriz Espinoza","2944","1"
"Toluca","3870515","2023-04-23","Ignacio Ambriz","2022-01-11","2023-10-21","Marcos Ignacio Ambriz Espinoza","2944","1"
"Toluca","3870521","2023-04-30","Ignacio Ambriz","2022-01-11","2023-10-21","Marcos Ignacio Ambriz Espinoza","2944","1"
"Toluca","3889641","2023-07-02","Ignacio Ambriz","2022-01-11","2023-10-21","Marcos Ignacio Ambriz Espinoza","2944","1"
"Toluca","3889648","2023-07-08","Ignacio Ambriz","2022-01-11","2023-10-21","Marcos Ignacio Ambriz Espinoza","2944","1"
"Toluca","3889662","2023-07-16","Ignacio Ambriz","2022-01-11","2023-10-21","Marcos Ignacio Ambriz Espinoza","2944","1"
"Toluca","3889670","2023-08-19","Ignacio Ambriz","2022-01-11","2023-10-21","Marcos Ignacio Ambriz Espinoza","2944","1"
"Toluca","3889686","2023-08-26","Ignacio Ambriz","2022-01-11","2023-10-21","Marcos Ignacio Ambriz Espinoza","2944","1"
"Toluca","3889673","2023-08-31","Ignacio Ambriz","2022-01-11","2023-10-21","Marcos Ignacio Ambriz Espinoza","2944","1"
"Toluca","3889694","2023-09-03","Ignacio Ambriz","2022-01-11","2023-10-21","Marcos Ignacio Ambriz Espinoza","2944","1"
"Toluca","3889701","2023-09-16","Ignacio Ambriz","2022-01-11","2023-10-21","Marcos Ignacio Ambriz Espinoza","2944","1"
"Toluca","3889715","2023-09-24","Ignacio Ambriz","2022-01-11","2023-10-21","Marcos Ignacio Ambriz Espinoza","2944","1"
"Toluca","3889722","2023-10-01","Ignacio Ambriz","2022-01-11","2023-10-21","Marcos Ignacio Ambriz Espinoza","2944","1"
"Toluca","3889729","2023-10-05","Ignacio Ambriz","2022-01-11","2023-10-21","Marcos Ignacio Ambriz Espinoza","2944","1"
"Toluca","3889735","2023-10-08","Ignacio Ambriz","2022-01-11","2023-10-21","Marcos Ignacio Ambriz Espinoza","2944","1"
"Toluca","3889746","2023-10-21","Ignacio Ambriz","2022-01-11","2023-10-21","Marcos Ignacio Ambriz Espinoza","2944","1"
"Toluca","3889757","2023-10-29","Carlos Maria Morales Maeso","2023-10-29","2023-11-11","Carlos María Morales Maeso","1003934","1"
"Toluca","3889764","2023-11-01","Carlos Maria Morales Maeso","2023-10-29","2023-11-11","Carlos María Morales Maeso","1003934","1"
"Toluca","3889779","2023-11-06","Carlos Maria Morales Maeso","2023-10-29","2023-11-11","Carlos María Morales Maeso","1003934","1"
"Toluca","3889781","2023-11-11","Carlos Maria Morales Maeso","2023-10-29","2023-11-11","Carlos María Morales Maeso","1003934","1"
"Toluca","3918951","2024-01-13","Renato Paiva","2024-01-13","2024-11-10","Renato Manuel Alves Paiva","5876","1"
"Toluca","3918962","2024-01-20","Renato Paiva","2024-01-13","2024-11-10","Renato Manuel Alves Paiva","5876","1"
"Toluca","3918971","2024-01-27","Renato Paiva","2024-01-13","2024-11-10","Renato Manuel Alves Paiva","5876","1"
"Toluca","3918982","2024-01-31","Renato Paiva","2024-01-13","2024-11-10","Renato Manuel Alves Paiva","5876","1"
"Toluca","3918992","2024-02-03","Renato Paiva","2024-01-13","2024-11-10","Renato Manuel Alves Paiva","5876","1"
"Toluca","3918998","2024-02-10","Renato Paiva","2024-01-13","2024-11-10","Renato Manuel Alves Paiva","5876","1"
"Toluca","3919012","2024-02-19","Renato Paiva","2024-01-13","2024-11-10","Renato Manuel Alves Paiva","5876","1"
"Toluca","3919018","2024-02-22","Renato Paiva","2024-01-13","2024-11-10","Renato Manuel Alves Paiva","5876","1"
"Toluca","3919023","2024-02-25","Renato Paiva","2024-01-13","2024-11-10","Renato Manuel Alves Paiva","5876","1"
"Toluca","3919034","2024-03-02","Renato Paiva","2024-01-13","2024-11-10","Renato Manuel Alves Paiva","5876","1"
"Toluca","3919040","2024-03-09","Renato Paiva","2024-01-13","2024-11-10","Renato Manuel Alves Paiva","5876","1"
"Toluca","3919051","2024-03-18","Renato Paiva","2024-01-13","2024-11-10","Renato Manuel Alves Paiva","5876","1"
"Toluca","3919061","2024-03-31","Renato Paiva","2024-01-13","2024-11-10","Renato Manuel Alves Paiva","5876","1"
"Toluca","3919070","2024-04-07","Renato Paiva","2024-01-13","2024-11-10","Renato Manuel Alves Paiva","5876","1"
"Toluca","3919081","2024-04-14","Renato Paiva","2024-01-13","2024-11-10","Renato Manuel Alves Paiva","5876","1"
"Toluca","3919085","2024-04-20","Renato Paiva","2024-01-13","2024-11-10","Renato Manuel Alves Paiva","5876","1"
"Toluca","3919099","2024-04-28","Renato Paiva","2024-01-13","2024-11-10","Renato Manuel Alves Paiva","5876","1"
"Toluca","3939821","2024-07-07","Renato Paiva","2024-01-13","2024-11-10","Renato Manuel Alves Paiva","5876","1"
"Toluca","3939831","2024-07-14","Renato Paiva","2024-01-13","2024-11-10","Renato Manuel Alves Paiva","5876","1"
"Toluca","3939840","2024-07-18","Renato Paiva","2024-01-13","2024-11-10","Renato Manuel Alves Paiva","5876","1"
"Toluca","3939849","2024-07-21","Renato Paiva","2024-01-13","2024-11-10","Renato Manuel Alves Paiva","5876","1"
"Toluca","3939860","2024-08-25","Renato Paiva","2024-01-13","2024-11-10","Renato Manuel Alves Paiva","5876","1"
"Toluca","3939866","2024-09-01","Renato Paiva","2024-01-13","2024-11-10","Renato Manuel Alves Paiva","5876","1"
"Toluca","3939875","2024-09-14","Renato Paiva","2024-01-13","2024-11-10","Renato Manuel Alves Paiva","5876","1"
"Toluca","3939880","2024-09-18","Renato Paiva","2024-01-13","2024-11-10","Renato Manuel Alves Paiva","5876","1"
"Toluca","3939894","2024-09-23","Renato Paiva","2024-01-13","2024-11-10","Renato Manuel Alves Paiva","5876","1"
"Toluca","3939901","2024-09-28","Renato Paiva","2024-01-13","2024-11-10","Renato Manuel Alves Paiva","5876","1"
"Toluca","3939912","2024-10-06","Renato Paiva","2024-01-13","2024-11-10","Renato Manuel Alves Paiva","5876","1"
"Toluca","3939919","2024-10-19","Renato Paiva","2024-01-13","2024-11-10","Renato Manuel Alves Paiva","5876","1"
"Toluca","3939928","2024-10-23","Renato Paiva","2024-01-13","2024-11-10","Renato Manuel Alves Paiva","5876","1"
"Toluca","3939942","2024-10-28","Renato Paiva","2024-01-13","2024-11-10","Renato Manuel Alves Paiva","5876","1"
"Toluca","3939946","2024-11-02","Renato Paiva","2024-01-13","2024-11-10","Renato Manuel Alves Paiva","5876","1"
"Toluca","3939957","2024-11-07","Renato Paiva","2024-01-13","2024-11-10","Renato Manuel Alves Paiva","5876","1"
"Toluca","3939915","2024-11-10","Renato Paiva","2024-01-13","2024-11-10","Renato Manuel Alves Paiva","5876","1"
"Toluca","3972017","2025-01-11","Antonio Mohamed","2025-01-11","2026-04-26","Antonio Ricardo Mohamed Matijevich","560","1"
"Toluca","3972027","2025-01-19","Antonio Mohamed","2025-01-11","2026-04-26","Antonio Ricardo Mohamed Matijevich","560","1"
"Toluca","3972034","2025-01-25","Antonio Mohamed","2025-01-11","2026-04-26","Antonio Ricardo Mohamed Matijevich","560","1"
"Toluca","3972047","2025-01-30","Antonio Mohamed","2025-01-11","2026-04-26","Antonio Ricardo Mohamed Matijevich","560","1"
"Toluca","3972054","2025-02-02","Antonio Mohamed","2025-01-11","2026-04-26","Antonio Ricardo Mohamed Matijevich","560","1"
"Toluca","3972066","2025-02-09","Antonio Mohamed","2025-01-11","2026-04-26","Antonio Ricardo Mohamed Matijevich","560","1"
"Toluca","3972072","2025-02-16","Antonio Mohamed","2025-01-11","2026-04-26","Antonio Ricardo Mohamed Matijevich","560","1"
"Toluca","3972083","2025-02-22","Antonio Mohamed","2025-01-11","2026-04-26","Antonio Ricardo Mohamed Matijevich","560","1"
"Toluca","3972093","2025-02-27","Antonio Mohamed","2025-01-11","2026-04-26","Antonio Ricardo Mohamed Matijevich","560","1"
"Toluca","3972100","2025-03-01","Antonio Mohamed","2025-01-11","2026-04-26","Antonio Ricardo Mohamed Matijevich","560","1"
"Toluca","3972108","2025-03-08","Antonio Mohamed","2025-01-11","2026-04-26","Antonio Ricardo Mohamed Matijevich","560","1"
"Toluca","3972115","2025-03-15","Antonio Mohamed","2025-01-11","2026-04-26","Antonio Ricardo Mohamed Matijevich","560","1"
"Toluca","3972126","2025-03-29","Antonio Mohamed","2025-01-11","2026-04-26","Antonio Ricardo Mohamed Matijevich","560","1"
"Toluca","3972140","2025-04-07","Antonio Mohamed","2025-01-11","2026-04-26","Antonio Ricardo Mohamed Matijevich","560","1"
"Toluca","3972147","2025-04-13","Antonio Mohamed","2025-01-11","2026-04-26","Antonio Ricardo Mohamed Matijevich","560","1"
"Toluca","3972157","2025-04-17","Antonio Mohamed","2025-01-11","2026-04-26","Antonio Ricardo Mohamed Matijevich","560","1"
"Toluca","3972161","2025-04-20","Antonio Mohamed","2025-01-11","2026-04-26","Antonio Ricardo Mohamed Matijevich","560","1"
"Toluca","4004046","2025-07-13","Antonio Mohamed","2025-01-11","2026-04-26","Antonio Ricardo Mohamed Matijevich","560","1"
"Toluca","4004050","2025-07-17","Antonio Mohamed","2025-01-11","2026-04-26","Antonio Ricardo Mohamed Matijevich","560","1"
"Toluca","4004063","2025-07-27","Antonio Mohamed","2025-01-11","2026-04-26","Antonio Ricardo Mohamed Matijevich","560","1"
"Toluca","4004074","2025-08-12","Antonio Mohamed","2025-01-11","2026-04-26","Antonio Ricardo Mohamed Matijevich","560","1"
"Toluca","4004079","2025-08-17","Antonio Mohamed","2025-01-11","2026-04-26","Antonio Ricardo Mohamed Matijevich","560","1"
"Toluca","4004091","2025-08-24","Antonio Mohamed","2025-01-11","2026-04-26","Antonio Ricardo Mohamed Matijevich","560","1"
"Toluca","4004094","2025-08-30","Antonio Mohamed","2025-01-11","2026-04-26","Antonio Ricardo Mohamed Matijevich","560","1"
"Toluca","4004109","2025-09-14","Antonio Mohamed","2025-01-11","2026-04-26","Antonio Ricardo Mohamed Matijevich","560","1"
"Toluca","4004120","2025-09-21","Antonio Mohamed","2025-01-11","2026-04-26","Antonio Ricardo Mohamed Matijevich","560","1"
"Toluca","4004129","2025-09-25","Antonio Mohamed","2025-01-11","2026-04-26","Antonio Ricardo Mohamed Matijevich","560","1"
"Toluca","4004137","2025-09-28","Antonio Mohamed","2025-01-11","2026-04-26","Antonio Ricardo Mohamed Matijevich","560","1"
"Toluca","4004144","2025-10-05","Antonio Mohamed","2025-01-11","2026-04-26","Antonio Ricardo Mohamed Matijevich","560","1"
"Toluca","4004157","2025-10-18","Antonio Mohamed","2025-01-11","2026-04-26","Antonio Ricardo Mohamed Matijevich","560","1"
"Toluca","4004165","2025-10-23","Antonio Mohamed","2025-01-11","2026-04-26","Antonio Ricardo Mohamed Matijevich","560","1"
"Toluca","4004170","2025-10-27","Antonio Mohamed","2025-01-11","2026-04-26","Antonio Ricardo Mohamed Matijevich","560","1"
"Toluca","4004179","2025-11-01","Antonio Mohamed","2025-01-11","2026-04-26","Antonio Ricardo Mohamed Matijevich","560","1"
"Toluca","4004190","2025-11-09","Antonio Mohamed","2025-01-11","2026-04-26","Antonio Ricardo Mohamed Matijevich","560","1"
"Toluca","4038804","2026-01-11","Antonio Mohamed","2025-01-11","2026-04-26","Antonio Ricardo Mohamed Matijevich","560","1"
"Toluca","4038817","2026-01-15","Antonio Mohamed","2025-01-11","2026-04-26","Antonio Ricardo Mohamed Matijevich","560","1"
"Toluca","4038824","2026-01-18","Antonio Mohamed","2025-01-11","2026-04-26","Antonio Ricardo Mohamed Matijevich","560","1"
"Toluca","4038830","2026-01-31","Antonio Mohamed","2025-01-11","2026-04-26","Antonio Ricardo Mohamed Matijevich","560","1"
"Toluca","4038845","2026-02-07","Antonio Mohamed","2025-01-11","2026-04-26","Antonio Ricardo Mohamed Matijevich","560","1"
"Toluca","4038847","2026-02-14","Antonio Mohamed","2025-01-11","2026-04-26","Antonio Ricardo Mohamed Matijevich","560","1"
"Toluca","4038860","2026-02-22","Antonio Mohamed","2025-01-11","2026-04-26","Antonio Ricardo Mohamed Matijevich","560","1"
"Toluca","4038870","2026-02-28","Antonio Mohamed","2025-01-11","2026-04-26","Antonio Ricardo Mohamed Matijevich","560","1"
"Toluca","4038876","2026-03-04","Antonio Mohamed","2025-01-11","2026-04-26","Antonio Ricardo Mohamed Matijevich","560","1"
"Toluca","4038887","2026-03-08","Antonio Mohamed","2025-01-11","2026-04-26","Antonio Ricardo Mohamed Matijevich","560","1"
"Toluca","4038896","2026-03-15","Antonio Mohamed","2025-01-11","2026-04-26","Antonio Ricardo Mohamed Matijevich","560","1"
"Toluca","4038903","2026-03-22","Antonio Mohamed","2025-01-11","2026-04-26","Antonio Ricardo Mohamed Matijevich","560","1"
"Toluca","4038916","2026-04-04","Antonio Mohamed","2025-01-11","2026-04-26","Antonio Ricardo Mohamed Matijevich","560","1"
"Toluca","4038926","2026-04-13","Antonio Mohamed","2025-01-11","2026-04-26","Antonio Ricardo Mohamed Matijevich","560","1"
"Toluca","4038931","2026-04-19","Antonio Mohamed","2025-01-11","2026-04-26","Antonio Ricardo Mohamed Matijevich","560","1"
"Toluca","4038943","2026-04-23","Antonio Mohamed","2025-01-11","2026-04-26","Antonio Ricardo Mohamed Matijevich","560","1"
"Toluca","4038950","2026-04-26","Antonio Mohamed","2025-01-11","2026-04-26","Antonio Ricardo Mohamed Matijevich","560","1"
